REGION,TECHNOLOGY,YEAR,VALUE
GLOBAL,PWRBIOGUYXX01,2021,0.5
GLOBAL,PWRBIOGUYXX01,2022,0.5
GLOBAL,PWRBIOGUYXX01,2023,0.5
GLOBAL,PWRBIOGUYXX01,2024,0.5
GLOBAL,PWRBIOGUYXX01,2025,0.5
GLOBAL,PWRBIOGUYXX01,2026,0.5
GLOBAL,PWRBIOGUYXX01,2027,0.5
GLOBAL,PWRBIOGUYXX01,2028,0.5
GLOBAL,PWRBIOGUYXX01,2029,0.5
GLOBAL,PWRBIOGUYXX01,2030,0.5
GLOBAL,PWRBIOGUYXX01,2031,0.5
GLOBAL,PWRBIOGUYXX01,2032,0.5
GLOBAL,PWRBIOGUYXX01,2033,0.5
GLOBAL,PWRBIOGUYXX01,2034,0.5
GLOBAL,PWRBIOGUYXX01,2035,0.5
GLOBAL,PWRBIOGUYXX01,2036,0.5
GLOBAL,PWRBIOGUYXX01,2037,0.5
GLOBAL,PWRBIOGUYXX01,2038,0.5
GLOBAL,PWRBIOGUYXX01,2039,0.5
GLOBAL,PWRBIOGUYXX01,2040,0.5
GLOBAL,PWRBIOGUYXX01,2041,0.5
GLOBAL,PWRBIOGUYXX01,2042,0.5
GLOBAL,PWRBIOGUYXX01,2043,0.5
GLOBAL,PWRBIOGUYXX01,2044,0.5
GLOBAL,PWRBIOGUYXX01,2045,0.5
GLOBAL,PWRBIOGUYXX01,2046,0.5
GLOBAL,PWRBIOGUYXX01,2047,0.5
GLOBAL,PWRBIOGUYXX01,2048,0.5
GLOBAL,PWRBIOGUYXX01,2049,0.5
GLOBAL,PWRBIOGUYXX01,2050,0.5
GLOBAL,PWRCCGGUYXX00,2021,0.9
GLOBAL,PWRCCGGUYXX00,2022,0.9
GLOBAL,PWRCCGGUYXX00,2023,0.9
GLOBAL,PWRCCGGUYXX00,2024,0.9
GLOBAL,PWRCCGGUYXX00,2025,0.9
GLOBAL,PWRCCGGUYXX00,2026,0.9
GLOBAL,PWRCCGGUYXX00,2027,0.9
GLOBAL,PWRCCGGUYXX00,2028,0.9
GLOBAL,PWRCCGGUYXX00,2029,0.9
GLOBAL,PWRCCGGUYXX00,2030,0.9
GLOBAL,PWRCCGGUYXX00,2031,0.9
GLOBAL,PWRCCGGUYXX00,2032,0.9
GLOBAL,PWRCCGGUYXX00,2033,0.9
GLOBAL,PWRCCGGUYXX00,2034,0.9
GLOBAL,PWRCCGGUYXX00,2035,0.9
GLOBAL,PWRCCGGUYXX00,2036,0.9
GLOBAL,PWRCCGGUYXX00,2037,0.9
GLOBAL,PWRCCGGUYXX00,2038,0.9
GLOBAL,PWRCCGGUYXX00,2039,0.9
GLOBAL,PWRCCGGUYXX00,2040,0.9
GLOBAL,PWRCCGGUYXX00,2041,0.9
GLOBAL,PWRCCGGUYXX00,2042,0.9
GLOBAL,PWRCCGGUYXX00,2043,0.9
GLOBAL,PWRCCGGUYXX00,2044,0.9
GLOBAL,PWRCCGGUYXX00,2045,0.9
GLOBAL,PWRCCGGUYXX00,2046,0.9
GLOBAL,PWRCCGGUYXX00,2047,0.9
GLOBAL,PWRCCGGUYXX00,2048,0.9
GLOBAL,PWRCCGGUYXX00,2049,0.9
GLOBAL,PWRCCGGUYXX00,2050,0.9
GLOBAL,PWRCCGGUYXX01,2021,0.9
GLOBAL,PWRCCGGUYXX01,2022,0.9
GLOBAL,PWRCCGGUYXX01,2023,0.9
GLOBAL,PWRCCGGUYXX01,2024,0.9
GLOBAL,PWRCCGGUYXX01,2025,0.9
GLOBAL,PWRCCGGUYXX01,2026,0.9
GLOBAL,PWRCCGGUYXX01,2027,0.9
GLOBAL,PWRCCGGUYXX01,2028,0.9
GLOBAL,PWRCCGGUYXX01,2029,0.9
GLOBAL,PWRCCGGUYXX01,2030,0.9
GLOBAL,PWRCCGGUYXX01,2031,0.9
GLOBAL,PWRCCGGUYXX01,2032,0.9
GLOBAL,PWRCCGGUYXX01,2033,0.9
GLOBAL,PWRCCGGUYXX01,2034,0.9
GLOBAL,PWRCCGGUYXX01,2035,0.9
GLOBAL,PWRCCGGUYXX01,2036,0.9
GLOBAL,PWRCCGGUYXX01,2037,0.9
GLOBAL,PWRCCGGUYXX01,2038,0.9
GLOBAL,PWRCCGGUYXX01,2039,0.9
GLOBAL,PWRCCGGUYXX01,2040,0.9
GLOBAL,PWRCCGGUYXX01,2041,0.9
GLOBAL,PWRCCGGUYXX01,2042,0.9
GLOBAL,PWRCCGGUYXX01,2043,0.9
GLOBAL,PWRCCGGUYXX01,2044,0.9
GLOBAL,PWRCCGGUYXX01,2045,0.9
GLOBAL,PWRCCGGUYXX01,2046,0.9
GLOBAL,PWRCCGGUYXX01,2047,0.9
GLOBAL,PWRCCGGUYXX01,2048,0.9
GLOBAL,PWRCCGGUYXX01,2049,0.9
GLOBAL,PWRCCGGUYXX01,2050,0.9
GLOBAL,PWRCCSGUYXX01,2021,0.9
GLOBAL,PWRCCSGUYXX01,2022,0.9
GLOBAL,PWRCCSGUYXX01,2023,0.9
GLOBAL,PWRCCSGUYXX01,2024,0.9
GLOBAL,PWRCCSGUYXX01,2025,0.9
GLOBAL,PWRCCSGUYXX01,2026,0.9
GLOBAL,PWRCCSGUYXX01,2027,0.9
GLOBAL,PWRCCSGUYXX01,2028,0.9
GLOBAL,PWRCCSGUYXX01,2029,0.9
GLOBAL,PWRCCSGUYXX01,2030,0.9
GLOBAL,PWRCCSGUYXX01,2031,0.9
GLOBAL,PWRCCSGUYXX01,2032,0.9
GLOBAL,PWRCCSGUYXX01,2033,0.9
GLOBAL,PWRCCSGUYXX01,2034,0.9
GLOBAL,PWRCCSGUYXX01,2035,0.9
GLOBAL,PWRCCSGUYXX01,2036,0.9
GLOBAL,PWRCCSGUYXX01,2037,0.9
GLOBAL,PWRCCSGUYXX01,2038,0.9
GLOBAL,PWRCCSGUYXX01,2039,0.9
GLOBAL,PWRCCSGUYXX01,2040,0.9
GLOBAL,PWRCCSGUYXX01,2041,0.9
GLOBAL,PWRCCSGUYXX01,2042,0.9
GLOBAL,PWRCCSGUYXX01,2043,0.9
GLOBAL,PWRCCSGUYXX01,2044,0.9
GLOBAL,PWRCCSGUYXX01,2045,0.9
GLOBAL,PWRCCSGUYXX01,2046,0.9
GLOBAL,PWRCCSGUYXX01,2047,0.9
GLOBAL,PWRCCSGUYXX01,2048,0.9
GLOBAL,PWRCCSGUYXX01,2049,0.9
GLOBAL,PWRCCSGUYXX01,2050,0.9
GLOBAL,PWRCOAGUYXX01,2021,0.9
GLOBAL,PWRCOAGUYXX01,2022,0.9
GLOBAL,PWRCOAGUYXX01,2023,0.9
GLOBAL,PWRCOAGUYXX01,2024,0.9
GLOBAL,PWRCOAGUYXX01,2025,0.9
GLOBAL,PWRCOAGUYXX01,2026,0.9
GLOBAL,PWRCOAGUYXX01,2027,0.9
GLOBAL,PWRCOAGUYXX01,2028,0.9
GLOBAL,PWRCOAGUYXX01,2029,0.9
GLOBAL,PWRCOAGUYXX01,2030,0.9
GLOBAL,PWRCOAGUYXX01,2031,0.9
GLOBAL,PWRCOAGUYXX01,2032,0.9
GLOBAL,PWRCOAGUYXX01,2033,0.9
GLOBAL,PWRCOAGUYXX01,2034,0.9
GLOBAL,PWRCOAGUYXX01,2035,0.9
GLOBAL,PWRCOAGUYXX01,2036,0.9
GLOBAL,PWRCOAGUYXX01,2037,0.9
GLOBAL,PWRCOAGUYXX01,2038,0.9
GLOBAL,PWRCOAGUYXX01,2039,0.9
GLOBAL,PWRCOAGUYXX01,2040,0.9
GLOBAL,PWRCOAGUYXX01,2041,0.9
GLOBAL,PWRCOAGUYXX01,2042,0.9
GLOBAL,PWRCOAGUYXX01,2043,0.9
GLOBAL,PWRCOAGUYXX01,2044,0.9
GLOBAL,PWRCOAGUYXX01,2045,0.9
GLOBAL,PWRCOAGUYXX01,2046,0.9
GLOBAL,PWRCOAGUYXX01,2047,0.9
GLOBAL,PWRCOAGUYXX01,2048,0.9
GLOBAL,PWRCOAGUYXX01,2049,0.9
GLOBAL,PWRCOAGUYXX01,2050,0.9
GLOBAL,PWRCOGGUYXX01,2021,0.8
GLOBAL,PWRCOGGUYXX01,2022,0.8
GLOBAL,PWRCOGGUYXX01,2023,0.8
GLOBAL,PWRCOGGUYXX01,2024,0.8
GLOBAL,PWRCOGGUYXX01,2025,0.8
GLOBAL,PWRCOGGUYXX01,2026,0.8
GLOBAL,PWRCOGGUYXX01,2027,0.8
GLOBAL,PWRCOGGUYXX01,2028,0.8
GLOBAL,PWRCOGGUYXX01,2029,0.8
GLOBAL,PWRCOGGUYXX01,2030,0.8
GLOBAL,PWRCOGGUYXX01,2031,0.8
GLOBAL,PWRCOGGUYXX01,2032,0.8
GLOBAL,PWRCOGGUYXX01,2033,0.8
GLOBAL,PWRCOGGUYXX01,2034,0.8
GLOBAL,PWRCOGGUYXX01,2035,0.8
GLOBAL,PWRCOGGUYXX01,2036,0.8
GLOBAL,PWRCOGGUYXX01,2037,0.8
GLOBAL,PWRCOGGUYXX01,2038,0.8
GLOBAL,PWRCOGGUYXX01,2039,0.8
GLOBAL,PWRCOGGUYXX01,2040,0.8
GLOBAL,PWRCOGGUYXX01,2041,0.8
GLOBAL,PWRCOGGUYXX01,2042,0.8
GLOBAL,PWRCOGGUYXX01,2043,0.8
GLOBAL,PWRCOGGUYXX01,2044,0.8
GLOBAL,PWRCOGGUYXX01,2045,0.8
GLOBAL,PWRCOGGUYXX01,2046,0.8
GLOBAL,PWRCOGGUYXX01,2047,0.8
GLOBAL,PWRCOGGUYXX01,2048,0.8
GLOBAL,PWRCOGGUYXX01,2049,0.8
GLOBAL,PWRCOGGUYXX01,2050,0.8
GLOBAL,PWRGEOGUYXX01,2021,0.9
GLOBAL,PWRGEOGUYXX01,2022,0.9
GLOBAL,PWRGEOGUYXX01,2023,0.9
GLOBAL,PWRGEOGUYXX01,2024,0.9
GLOBAL,PWRGEOGUYXX01,2025,0.9
GLOBAL,PWRGEOGUYXX01,2026,0.9
GLOBAL,PWRGEOGUYXX01,2027,0.9
GLOBAL,PWRGEOGUYXX01,2028,0.9
GLOBAL,PWRGEOGUYXX01,2029,0.9
GLOBAL,PWRGEOGUYXX01,2030,0.9
GLOBAL,PWRGEOGUYXX01,2031,0.9
GLOBAL,PWRGEOGUYXX01,2032,0.9
GLOBAL,PWRGEOGUYXX01,2033,0.9
GLOBAL,PWRGEOGUYXX01,2034,0.9
GLOBAL,PWRGEOGUYXX01,2035,0.9
GLOBAL,PWRGEOGUYXX01,2036,0.9
GLOBAL,PWRGEOGUYXX01,2037,0.9
GLOBAL,PWRGEOGUYXX01,2038,0.9
GLOBAL,PWRGEOGUYXX01,2039,0.9
GLOBAL,PWRGEOGUYXX01,2040,0.9
GLOBAL,PWRGEOGUYXX01,2041,0.9
GLOBAL,PWRGEOGUYXX01,2042,0.9
GLOBAL,PWRGEOGUYXX01,2043,0.9
GLOBAL,PWRGEOGUYXX01,2044,0.9
GLOBAL,PWRGEOGUYXX01,2045,0.9
GLOBAL,PWRGEOGUYXX01,2046,0.9
GLOBAL,PWRGEOGUYXX01,2047,0.9
GLOBAL,PWRGEOGUYXX01,2048,0.9
GLOBAL,PWRGEOGUYXX01,2049,0.9
GLOBAL,PWRGEOGUYXX01,2050,0.9
GLOBAL,PWRHYDGUYXX01,2021,0.9
GLOBAL,PWRHYDGUYXX01,2022,0.9
GLOBAL,PWRHYDGUYXX01,2023,0.9
GLOBAL,PWRHYDGUYXX01,2024,0.9
GLOBAL,PWRHYDGUYXX01,2025,0.9
GLOBAL,PWRHYDGUYXX01,2026,0.9
GLOBAL,PWRHYDGUYXX01,2027,0.9
GLOBAL,PWRHYDGUYXX01,2028,0.9
GLOBAL,PWRHYDGUYXX01,2029,0.9
GLOBAL,PWRHYDGUYXX01,2030,0.9
GLOBAL,PWRHYDGUYXX01,2031,0.9
GLOBAL,PWRHYDGUYXX01,2032,0.9
GLOBAL,PWRHYDGUYXX01,2033,0.9
GLOBAL,PWRHYDGUYXX01,2034,0.9
GLOBAL,PWRHYDGUYXX01,2035,0.9
GLOBAL,PWRHYDGUYXX01,2036,0.9
GLOBAL,PWRHYDGUYXX01,2037,0.9
GLOBAL,PWRHYDGUYXX01,2038,0.9
GLOBAL,PWRHYDGUYXX01,2039,0.9
GLOBAL,PWRHYDGUYXX01,2040,0.9
GLOBAL,PWRHYDGUYXX01,2041,0.9
GLOBAL,PWRHYDGUYXX01,2042,0.9
GLOBAL,PWRHYDGUYXX01,2043,0.9
GLOBAL,PWRHYDGUYXX01,2044,0.9
GLOBAL,PWRHYDGUYXX01,2045,0.9
GLOBAL,PWRHYDGUYXX01,2046,0.9
GLOBAL,PWRHYDGUYXX01,2047,0.9
GLOBAL,PWRHYDGUYXX01,2048,0.9
GLOBAL,PWRHYDGUYXX01,2049,0.9
GLOBAL,PWRHYDGUYXX01,2050,0.9
GLOBAL,PWROCGGUYXX00,2021,0.9
GLOBAL,PWROCGGUYXX00,2022,0.9
GLOBAL,PWROCGGUYXX00,2023,0.9
GLOBAL,PWROCGGUYXX00,2024,0.9
GLOBAL,PWROCGGUYXX00,2025,0.9
GLOBAL,PWROCGGUYXX00,2026,0.9
GLOBAL,PWROCGGUYXX00,2027,0.9
GLOBAL,PWROCGGUYXX00,2028,0.9
GLOBAL,PWROCGGUYXX00,2029,0.9
GLOBAL,PWROCGGUYXX00,2030,0.9
GLOBAL,PWROCGGUYXX00,2031,0.9
GLOBAL,PWROCGGUYXX00,2032,0.9
GLOBAL,PWROCGGUYXX00,2033,0.9
GLOBAL,PWROCGGUYXX00,2034,0.9
GLOBAL,PWROCGGUYXX00,2035,0.9
GLOBAL,PWROCGGUYXX00,2036,0.9
GLOBAL,PWROCGGUYXX00,2037,0.9
GLOBAL,PWROCGGUYXX00,2038,0.9
GLOBAL,PWROCGGUYXX00,2039,0.9
GLOBAL,PWROCGGUYXX00,2040,0.9
GLOBAL,PWROCGGUYXX00,2041,0.9
GLOBAL,PWROCGGUYXX00,2042,0.9
GLOBAL,PWROCGGUYXX00,2043,0.9
GLOBAL,PWROCGGUYXX00,2044,0.9
GLOBAL,PWROCGGUYXX00,2045,0.9
GLOBAL,PWROCGGUYXX00,2046,0.9
GLOBAL,PWROCGGUYXX00,2047,0.9
GLOBAL,PWROCGGUYXX00,2048,0.9
GLOBAL,PWROCGGUYXX00,2049,0.9
GLOBAL,PWROCGGUYXX00,2050,0.9
GLOBAL,PWROCGGUYXX01,2021,0.9
GLOBAL,PWROCGGUYXX01,2022,0.9
GLOBAL,PWROCGGUYXX01,2023,0.9
GLOBAL,PWROCGGUYXX01,2024,0.9
GLOBAL,PWROCGGUYXX01,2025,0.9
GLOBAL,PWROCGGUYXX01,2026,0.9
GLOBAL,PWROCGGUYXX01,2027,0.9
GLOBAL,PWROCGGUYXX01,2028,0.9
GLOBAL,PWROCGGUYXX01,2029,0.9
GLOBAL,PWROCGGUYXX01,2030,0.9
GLOBAL,PWROCGGUYXX01,2031,0.9
GLOBAL,PWROCGGUYXX01,2032,0.9
GLOBAL,PWROCGGUYXX01,2033,0.9
GLOBAL,PWROCGGUYXX01,2034,0.9
GLOBAL,PWROCGGUYXX01,2035,0.9
GLOBAL,PWROCGGUYXX01,2036,0.9
GLOBAL,PWROCGGUYXX01,2037,0.9
GLOBAL,PWROCGGUYXX01,2038,0.9
GLOBAL,PWROCGGUYXX01,2039,0.9
GLOBAL,PWROCGGUYXX01,2040,0.9
GLOBAL,PWROCGGUYXX01,2041,0.9
GLOBAL,PWROCGGUYXX01,2042,0.9
GLOBAL,PWROCGGUYXX01,2043,0.9
GLOBAL,PWROCGGUYXX01,2044,0.9
GLOBAL,PWROCGGUYXX01,2045,0.9
GLOBAL,PWROCGGUYXX01,2046,0.9
GLOBAL,PWROCGGUYXX01,2047,0.9
GLOBAL,PWROCGGUYXX01,2048,0.9
GLOBAL,PWROCGGUYXX01,2049,0.9
GLOBAL,PWROCGGUYXX01,2050,0.9
GLOBAL,PWROILGUYXX01,2021,0.8
GLOBAL,PWROILGUYXX01,2022,0.8
GLOBAL,PWROILGUYXX01,2023,0.8
GLOBAL,PWROILGUYXX01,2024,0.8
GLOBAL,PWROILGUYXX01,2025,0.8
GLOBAL,PWROILGUYXX01,2026,0.8
GLOBAL,PWROILGUYXX01,2027,0.8
GLOBAL,PWROILGUYXX01,2028,0.8
GLOBAL,PWROILGUYXX01,2029,0.8
GLOBAL,PWROILGUYXX01,2030,0.8
GLOBAL,PWROILGUYXX01,2031,0.8
GLOBAL,PWROILGUYXX01,2032,0.8
GLOBAL,PWROILGUYXX01,2033,0.8
GLOBAL,PWROILGUYXX01,2034,0.8
GLOBAL,PWROILGUYXX01,2035,0.8
GLOBAL,PWROILGUYXX01,2036,0.8
GLOBAL,PWROILGUYXX01,2037,0.8
GLOBAL,PWROILGUYXX01,2038,0.8
GLOBAL,PWROILGUYXX01,2039,0.8
GLOBAL,PWROILGUYXX01,2040,0.8
GLOBAL,PWROILGUYXX01,2041,0.8
GLOBAL,PWROILGUYXX01,2042,0.8
GLOBAL,PWROILGUYXX01,2043,0.8
GLOBAL,PWROILGUYXX01,2044,0.8
GLOBAL,PWROILGUYXX01,2045,0.8
GLOBAL,PWROILGUYXX01,2046,0.8
GLOBAL,PWROILGUYXX01,2047,0.8
GLOBAL,PWROILGUYXX01,2048,0.8
GLOBAL,PWROILGUYXX01,2049,0.8
GLOBAL,PWROILGUYXX01,2050,0.8
GLOBAL,PWROTHGUYXX01,2021,0.8
GLOBAL,PWROTHGUYXX01,2022,0.8
GLOBAL,PWROTHGUYXX01,2023,0.8
GLOBAL,PWROTHGUYXX01,2024,0.8
GLOBAL,PWROTHGUYXX01,2025,0.8
GLOBAL,PWROTHGUYXX01,2026,0.8
GLOBAL,PWROTHGUYXX01,2027,0.8
GLOBAL,PWROTHGUYXX01,2028,0.8
GLOBAL,PWROTHGUYXX01,2029,0.8
GLOBAL,PWROTHGUYXX01,2030,0.8
GLOBAL,PWROTHGUYXX01,2031,0.8
GLOBAL,PWROTHGUYXX01,2032,0.8
GLOBAL,PWROTHGUYXX01,2033,0.8
GLOBAL,PWROTHGUYXX01,2034,0.8
GLOBAL,PWROTHGUYXX01,2035,0.8
GLOBAL,PWROTHGUYXX01,2036,0.8
GLOBAL,PWROTHGUYXX01,2037,0.8
GLOBAL,PWROTHGUYXX01,2038,0.8
GLOBAL,PWROTHGUYXX01,2039,0.8
GLOBAL,PWROTHGUYXX01,2040,0.8
GLOBAL,PWROTHGUYXX01,2041,0.8
GLOBAL,PWROTHGUYXX01,2042,0.8
GLOBAL,PWROTHGUYXX01,2043,0.8
GLOBAL,PWROTHGUYXX01,2044,0.8
GLOBAL,PWROTHGUYXX01,2045,0.8
GLOBAL,PWROTHGUYXX01,2046,0.8
GLOBAL,PWROTHGUYXX01,2047,0.8
GLOBAL,PWROTHGUYXX01,2048,0.8
GLOBAL,PWROTHGUYXX01,2049,0.8
GLOBAL,PWROTHGUYXX01,2050,0.8
GLOBAL,PWRPETGUYXX01,2021,0.8
GLOBAL,PWRPETGUYXX01,2022,0.8
GLOBAL,PWRPETGUYXX01,2023,0.8
GLOBAL,PWRPETGUYXX01,2024,0.8
GLOBAL,PWRPETGUYXX01,2025,0.8
GLOBAL,PWRPETGUYXX01,2026,0.8
GLOBAL,PWRPETGUYXX01,2027,0.8
GLOBAL,PWRPETGUYXX01,2028,0.8
GLOBAL,PWRPETGUYXX01,2029,0.8
GLOBAL,PWRPETGUYXX01,2030,0.8
GLOBAL,PWRPETGUYXX01,2031,0.8
GLOBAL,PWRPETGUYXX01,2032,0.8
GLOBAL,PWRPETGUYXX01,2033,0.8
GLOBAL,PWRPETGUYXX01,2034,0.8
GLOBAL,PWRPETGUYXX01,2035,0.8
GLOBAL,PWRPETGUYXX01,2036,0.8
GLOBAL,PWRPETGUYXX01,2037,0.8
GLOBAL,PWRPETGUYXX01,2038,0.8
GLOBAL,PWRPETGUYXX01,2039,0.8
GLOBAL,PWRPETGUYXX01,2040,0.8
GLOBAL,PWRPETGUYXX01,2041,0.8
GLOBAL,PWRPETGUYXX01,2042,0.8
GLOBAL,PWRPETGUYXX01,2043,0.8
GLOBAL,PWRPETGUYXX01,2044,0.8
GLOBAL,PWRPETGUYXX01,2045,0.8
GLOBAL,PWRPETGUYXX01,2046,0.8
GLOBAL,PWRPETGUYXX01,2047,0.8
GLOBAL,PWRPETGUYXX01,2048,0.8
GLOBAL,PWRPETGUYXX01,2049,0.8
GLOBAL,PWRPETGUYXX01,2050,0.8
GLOBAL,PWRSPVGUYXX01,2021,0.9
GLOBAL,PWRSPVGUYXX01,2022,0.9
GLOBAL,PWRSPVGUYXX01,2023,0.9
GLOBAL,PWRSPVGUYXX01,2024,0.9
GLOBAL,PWRSPVGUYXX01,2025,0.9
GLOBAL,PWRSPVGUYXX01,2026,0.9
GLOBAL,PWRSPVGUYXX01,2027,0.9
GLOBAL,PWRSPVGUYXX01,2028,0.9
GLOBAL,PWRSPVGUYXX01,2029,0.9
GLOBAL,PWRSPVGUYXX01,2030,0.9
GLOBAL,PWRSPVGUYXX01,2031,0.9
GLOBAL,PWRSPVGUYXX01,2032,0.9
GLOBAL,PWRSPVGUYXX01,2033,0.9
GLOBAL,PWRSPVGUYXX01,2034,0.9
GLOBAL,PWRSPVGUYXX01,2035,0.9
GLOBAL,PWRSPVGUYXX01,2036,0.9
GLOBAL,PWRSPVGUYXX01,2037,0.9
GLOBAL,PWRSPVGUYXX01,2038,0.9
GLOBAL,PWRSPVGUYXX01,2039,0.9
GLOBAL,PWRSPVGUYXX01,2040,0.9
GLOBAL,PWRSPVGUYXX01,2041,0.9
GLOBAL,PWRSPVGUYXX01,2042,0.9
GLOBAL,PWRSPVGUYXX01,2043,0.9
GLOBAL,PWRSPVGUYXX01,2044,0.9
GLOBAL,PWRSPVGUYXX01,2045,0.9
GLOBAL,PWRSPVGUYXX01,2046,0.9
GLOBAL,PWRSPVGUYXX01,2047,0.9
GLOBAL,PWRSPVGUYXX01,2048,0.9
GLOBAL,PWRSPVGUYXX01,2049,0.9
GLOBAL,PWRSPVGUYXX01,2050,0.9
GLOBAL,PWRURNGUYXX01,2021,0.9
GLOBAL,PWRURNGUYXX01,2022,0.9
GLOBAL,PWRURNGUYXX01,2023,0.9
GLOBAL,PWRURNGUYXX01,2024,0.9
GLOBAL,PWRURNGUYXX01,2025,0.9
GLOBAL,PWRURNGUYXX01,2026,0.9
GLOBAL,PWRURNGUYXX01,2027,0.9
GLOBAL,PWRURNGUYXX01,2028,0.9
GLOBAL,PWRURNGUYXX01,2029,0.9
GLOBAL,PWRURNGUYXX01,2030,0.9
GLOBAL,PWRURNGUYXX01,2031,0.9
GLOBAL,PWRURNGUYXX01,2032,0.9
GLOBAL,PWRURNGUYXX01,2033,0.9
GLOBAL,PWRURNGUYXX01,2034,0.9
GLOBAL,PWRURNGUYXX01,2035,0.9
GLOBAL,PWRURNGUYXX01,2036,0.9
GLOBAL,PWRURNGUYXX01,2037,0.9
GLOBAL,PWRURNGUYXX01,2038,0.9
GLOBAL,PWRURNGUYXX01,2039,0.9
GLOBAL,PWRURNGUYXX01,2040,0.9
GLOBAL,PWRURNGUYXX01,2041,0.9
GLOBAL,PWRURNGUYXX01,2042,0.9
GLOBAL,PWRURNGUYXX01,2043,0.9
GLOBAL,PWRURNGUYXX01,2044,0.9
GLOBAL,PWRURNGUYXX01,2045,0.9
GLOBAL,PWRURNGUYXX01,2046,0.9
GLOBAL,PWRURNGUYXX01,2047,0.9
GLOBAL,PWRURNGUYXX01,2048,0.9
GLOBAL,PWRURNGUYXX01,2049,0.9
GLOBAL,PWRURNGUYXX01,2050,0.9
GLOBAL,PWRWOFGUYXX01,2021,0.9
GLOBAL,PWRWOFGUYXX01,2022,0.9
GLOBAL,PWRWOFGUYXX01,2023,0.9
GLOBAL,PWRWOFGUYXX01,2024,0.9
GLOBAL,PWRWOFGUYXX01,2025,0.9
GLOBAL,PWRWOFGUYXX01,2026,0.9
GLOBAL,PWRWOFGUYXX01,2027,0.9
GLOBAL,PWRWOFGUYXX01,2028,0.9
GLOBAL,PWRWOFGUYXX01,2029,0.9
GLOBAL,PWRWOFGUYXX01,2030,0.9
GLOBAL,PWRWOFGUYXX01,2031,0.9
GLOBAL,PWRWOFGUYXX01,2032,0.9
GLOBAL,PWRWOFGUYXX01,2033,0.9
GLOBAL,PWRWOFGUYXX01,2034,0.9
GLOBAL,PWRWOFGUYXX01,2035,0.9
GLOBAL,PWRWOFGUYXX01,2036,0.9
GLOBAL,PWRWOFGUYXX01,2037,0.9
GLOBAL,PWRWOFGUYXX01,2038,0.9
GLOBAL,PWRWOFGUYXX01,2039,0.9
GLOBAL,PWRWOFGUYXX01,2040,0.9
GLOBAL,PWRWOFGUYXX01,2041,0.9
GLOBAL,PWRWOFGUYXX01,2042,0.9
GLOBAL,PWRWOFGUYXX01,2043,0.9
GLOBAL,PWRWOFGUYXX01,2044,0.9
GLOBAL,PWRWOFGUYXX01,2045,0.9
GLOBAL,PWRWOFGUYXX01,2046,0.9
GLOBAL,PWRWOFGUYXX01,2047,0.9
GLOBAL,PWRWOFGUYXX01,2048,0.9
GLOBAL,PWRWOFGUYXX01,2049,0.9
GLOBAL,PWRWOFGUYXX01,2050,0.9
GLOBAL,PWRWONGUYXX01,2021,0.9
GLOBAL,PWRWONGUYXX01,2022,0.9
GLOBAL,PWRWONGUYXX01,2023,0.9
GLOBAL,PWRWONGUYXX01,2024,0.9
GLOBAL,PWRWONGUYXX01,2025,0.9
GLOBAL,PWRWONGUYXX01,2026,0.9
GLOBAL,PWRWONGUYXX01,2027,0.9
GLOBAL,PWRWONGUYXX01,2028,0.9
GLOBAL,PWRWONGUYXX01,2029,0.9
GLOBAL,PWRWONGUYXX01,2030,0.9
GLOBAL,PWRWONGUYXX01,2031,0.9
GLOBAL,PWRWONGUYXX01,2032,0.9
GLOBAL,PWRWONGUYXX01,2033,0.9
GLOBAL,PWRWONGUYXX01,2034,0.9
GLOBAL,PWRWONGUYXX01,2035,0.9
GLOBAL,PWRWONGUYXX01,2036,0.9
GLOBAL,PWRWONGUYXX01,2037,0.9
GLOBAL,PWRWONGUYXX01,2038,0.9
GLOBAL,PWRWONGUYXX01,2039,0.9
GLOBAL,PWRWONGUYXX01,2040,0.9
GLOBAL,PWRWONGUYXX01,2041,0.9
GLOBAL,PWRWONGUYXX01,2042,0.9
GLOBAL,PWRWONGUYXX01,2043,0.9
GLOBAL,PWRWONGUYXX01,2044,0.9
GLOBAL,PWRWONGUYXX01,2045,0.9
GLOBAL,PWRWONGUYXX01,2046,0.9
GLOBAL,PWRWONGUYXX01,2047,0.9
GLOBAL,PWRWONGUYXX01,2048,0.9
GLOBAL,PWRWONGUYXX01,2049,0.9
GLOBAL,PWRWONGUYXX01,2050,0.9
