REGION,TECHNOLOGY,VALUE
GLOBAL,PWRBCKGUYXX,31.536
GLOBAL,PWRBIOGUYXX01,31.536
GLOBAL,PWRCCGGUYXX00,31.536
GLOBAL,PWRCCGGUYXX01,31.536
GLOBAL,PWRCCSGUYXX01,31.536
GLOBAL,PWRCOAGUYXX01,31.536
GLOBAL,PWRCOGGUYXX01,31.536
GLOBAL,PWRCSPGUYXX01,31.536
GLOBAL,PWRGEOGUYXX01,31.536
GLOBAL,PWRHYDGUYXX01,31.536
GLOBAL,PWROCGGUYXX00,31.536
GLOBAL,PWROCGGUYXX01,31.536
GLOBAL,PWROILGUYXX01,31.536
GLOBAL,PWROTHGUYXX01,31.536
GLOBAL,PWRPETGUYXX01,31.536
GLOBAL,PWRSPVGUYXX01,31.536
GLOBAL,PWRTRNGUYXX,31.536
GLOBAL,PWRURNGUYXX01,31.536
GLOBAL,PWRWASGUYXX01,31.536
GLOBAL,PWRWAVGUYXX01,31.536
GLOBAL,PWRWOFGUYXX01,31.536
GLOBAL,PWRWONGUYXX01,31.536
GLOBAL,PWRSDSGUYXX01,31.536
GLOBAL,PWRLDSGUYXX01,31.536
GLOBAL,PWRTRNA01,31.536
