REGION,TECHNOLOGY,TIMESLICE,YEAR,VALUE
GLOBAL,PWRHYDGUYXX01,S1D1,2021,0.6533
GLOBAL,PWRHYDGUYXX01,S1D1,2022,0.6533
GLOBAL,PWRHYDGUYXX01,S1D1,2023,0.6533
GLOBAL,PWRHYDGUYXX01,S1D1,2024,0.6533
GLOBAL,PWRHYDGUYXX01,S1D1,2025,0.6533
GLOBAL,PWRHYDGUYXX01,S1D1,2026,0.6533
GLOBAL,PWRHYDGUYXX01,S1D1,2027,0.6533
GLOBAL,PWRHYDGUYXX01,S1D1,2028,0.6533
GLOBAL,PWRHYDGUYXX01,S1D1,2029,0.6533
GLOBAL,PWRHYDGUYXX01,S1D1,2030,0.6533
GLOBAL,PWRHYDGUYXX01,S1D1,2031,0.6533
GLOBAL,PWRHYDGUYXX01,S1D1,2032,0.6533
GLOBAL,PWRHYDGUYXX01,S1D1,2033,0.6533
GLOBAL,PWRHYDGUYXX01,S1D1,2034,0.6533
GLOBAL,PWRHYDGUYXX01,S1D1,2035,0.6533
GLOBAL,PWRHYDGUYXX01,S1D1,2036,0.6533
GLOBAL,PWRHYDGUYXX01,S1D1,2037,0.6533
GLOBAL,PWRHYDGUYXX01,S1D1,2038,0.6533
GLOBAL,PWRHYDGUYXX01,S1D1,2039,0.6533
GLOBAL,PWRHYDGUYXX01,S1D1,2040,0.6533
GLOBAL,PWRHYDGUYXX01,S1D1,2041,0.6533
GLOBAL,PWRHYDGUYXX01,S1D1,2042,0.6533
GLOBAL,PWRHYDGUYXX01,S1D1,2043,0.6533
GLOBAL,PWRHYDGUYXX01,S1D1,2044,0.6533
GLOBAL,PWRHYDGUYXX01,S1D1,2045,0.6533
GLOBAL,PWRHYDGUYXX01,S1D1,2046,0.6533
GLOBAL,PWRHYDGUYXX01,S1D1,2047,0.6533
GLOBAL,PWRHYDGUYXX01,S1D1,2048,0.6533
GLOBAL,PWRHYDGUYXX01,S1D1,2049,0.6533
GLOBAL,PWRHYDGUYXX01,S1D1,2050,0.6533
GLOBAL,PWRHYDGUYXX01,S1D2,2021,0.6533
GLOBAL,PWRHYDGUYXX01,S1D2,2022,0.6533
GLOBAL,PWRHYDGUYXX01,S1D2,2023,0.6533
GLOBAL,PWRHYDGUYXX01,S1D2,2024,0.6533
GLOBAL,PWRHYDGUYXX01,S1D2,2025,0.6533
GLOBAL,PWRHYDGUYXX01,S1D2,2026,0.6533
GLOBAL,PWRHYDGUYXX01,S1D2,2027,0.6533
GLOBAL,PWRHYDGUYXX01,S1D2,2028,0.6533
GLOBAL,PWRHYDGUYXX01,S1D2,2029,0.6533
GLOBAL,PWRHYDGUYXX01,S1D2,2030,0.6533
GLOBAL,PWRHYDGUYXX01,S1D2,2031,0.6533
GLOBAL,PWRHYDGUYXX01,S1D2,2032,0.6533
GLOBAL,PWRHYDGUYXX01,S1D2,2033,0.6533
GLOBAL,PWRHYDGUYXX01,S1D2,2034,0.6533
GLOBAL,PWRHYDGUYXX01,S1D2,2035,0.6533
GLOBAL,PWRHYDGUYXX01,S1D2,2036,0.6533
GLOBAL,PWRHYDGUYXX01,S1D2,2037,0.6533
GLOBAL,PWRHYDGUYXX01,S1D2,2038,0.6533
GLOBAL,PWRHYDGUYXX01,S1D2,2039,0.6533
GLOBAL,PWRHYDGUYXX01,S1D2,2040,0.6533
GLOBAL,PWRHYDGUYXX01,S1D2,2041,0.6533
GLOBAL,PWRHYDGUYXX01,S1D2,2042,0.6533
GLOBAL,PWRHYDGUYXX01,S1D2,2043,0.6533
GLOBAL,PWRHYDGUYXX01,S1D2,2044,0.6533
GLOBAL,PWRHYDGUYXX01,S1D2,2045,0.6533
GLOBAL,PWRHYDGUYXX01,S1D2,2046,0.6533
GLOBAL,PWRHYDGUYXX01,S1D2,2047,0.6533
GLOBAL,PWRHYDGUYXX01,S1D2,2048,0.6533
GLOBAL,PWRHYDGUYXX01,S1D2,2049,0.6533
GLOBAL,PWRHYDGUYXX01,S1D2,2050,0.6533
GLOBAL,PWRHYDGUYXX01,S1D3,2021,0.6533
GLOBAL,PWRHYDGUYXX01,S1D3,2022,0.6533
GLOBAL,PWRHYDGUYXX01,S1D3,2023,0.6533
GLOBAL,PWRHYDGUYXX01,S1D3,2024,0.6533
GLOBAL,PWRHYDGUYXX01,S1D3,2025,0.6533
GLOBAL,PWRHYDGUYXX01,S1D3,2026,0.6533
GLOBAL,PWRHYDGUYXX01,S1D3,2027,0.6533
GLOBAL,PWRHYDGUYXX01,S1D3,2028,0.6533
GLOBAL,PWRHYDGUYXX01,S1D3,2029,0.6533
GLOBAL,PWRHYDGUYXX01,S1D3,2030,0.6533
GLOBAL,PWRHYDGUYXX01,S1D3,2031,0.6533
GLOBAL,PWRHYDGUYXX01,S1D3,2032,0.6533
GLOBAL,PWRHYDGUYXX01,S1D3,2033,0.6533
GLOBAL,PWRHYDGUYXX01,S1D3,2034,0.6533
GLOBAL,PWRHYDGUYXX01,S1D3,2035,0.6533
GLOBAL,PWRHYDGUYXX01,S1D3,2036,0.6533
GLOBAL,PWRHYDGUYXX01,S1D3,2037,0.6533
GLOBAL,PWRHYDGUYXX01,S1D3,2038,0.6533
GLOBAL,PWRHYDGUYXX01,S1D3,2039,0.6533
GLOBAL,PWRHYDGUYXX01,S1D3,2040,0.6533
GLOBAL,PWRHYDGUYXX01,S1D3,2041,0.6533
GLOBAL,PWRHYDGUYXX01,S1D3,2042,0.6533
GLOBAL,PWRHYDGUYXX01,S1D3,2043,0.6533
GLOBAL,PWRHYDGUYXX01,S1D3,2044,0.6533
GLOBAL,PWRHYDGUYXX01,S1D3,2045,0.6533
GLOBAL,PWRHYDGUYXX01,S1D3,2046,0.6533
GLOBAL,PWRHYDGUYXX01,S1D3,2047,0.6533
GLOBAL,PWRHYDGUYXX01,S1D3,2048,0.6533
GLOBAL,PWRHYDGUYXX01,S1D3,2049,0.6533
GLOBAL,PWRHYDGUYXX01,S1D3,2050,0.6533
GLOBAL,PWRHYDGUYXX01,S1D4,2021,0.6533
GLOBAL,PWRHYDGUYXX01,S1D4,2022,0.6533
GLOBAL,PWRHYDGUYXX01,S1D4,2023,0.6533
GLOBAL,PWRHYDGUYXX01,S1D4,2024,0.6533
GLOBAL,PWRHYDGUYXX01,S1D4,2025,0.6533
GLOBAL,PWRHYDGUYXX01,S1D4,2026,0.6533
GLOBAL,PWRHYDGUYXX01,S1D4,2027,0.6533
GLOBAL,PWRHYDGUYXX01,S1D4,2028,0.6533
GLOBAL,PWRHYDGUYXX01,S1D4,2029,0.6533
GLOBAL,PWRHYDGUYXX01,S1D4,2030,0.6533
GLOBAL,PWRHYDGUYXX01,S1D4,2031,0.6533
GLOBAL,PWRHYDGUYXX01,S1D4,2032,0.6533
GLOBAL,PWRHYDGUYXX01,S1D4,2033,0.6533
GLOBAL,PWRHYDGUYXX01,S1D4,2034,0.6533
GLOBAL,PWRHYDGUYXX01,S1D4,2035,0.6533
GLOBAL,PWRHYDGUYXX01,S1D4,2036,0.6533
GLOBAL,PWRHYDGUYXX01,S1D4,2037,0.6533
GLOBAL,PWRHYDGUYXX01,S1D4,2038,0.6533
GLOBAL,PWRHYDGUYXX01,S1D4,2039,0.6533
GLOBAL,PWRHYDGUYXX01,S1D4,2040,0.6533
GLOBAL,PWRHYDGUYXX01,S1D4,2041,0.6533
GLOBAL,PWRHYDGUYXX01,S1D4,2042,0.6533
GLOBAL,PWRHYDGUYXX01,S1D4,2043,0.6533
GLOBAL,PWRHYDGUYXX01,S1D4,2044,0.6533
GLOBAL,PWRHYDGUYXX01,S1D4,2045,0.6533
GLOBAL,PWRHYDGUYXX01,S1D4,2046,0.6533
GLOBAL,PWRHYDGUYXX01,S1D4,2047,0.6533
GLOBAL,PWRHYDGUYXX01,S1D4,2048,0.6533
GLOBAL,PWRHYDGUYXX01,S1D4,2049,0.6533
GLOBAL,PWRHYDGUYXX01,S1D4,2050,0.6533
GLOBAL,PWRHYDGUYXX01,S2D1,2021,0.2141
GLOBAL,PWRHYDGUYXX01,S2D1,2022,0.2141
GLOBAL,PWRHYDGUYXX01,S2D1,2023,0.2141
GLOBAL,PWRHYDGUYXX01,S2D1,2024,0.2141
GLOBAL,PWRHYDGUYXX01,S2D1,2025,0.2141
GLOBAL,PWRHYDGUYXX01,S2D1,2026,0.2141
GLOBAL,PWRHYDGUYXX01,S2D1,2027,0.2141
GLOBAL,PWRHYDGUYXX01,S2D1,2028,0.2141
GLOBAL,PWRHYDGUYXX01,S2D1,2029,0.2141
GLOBAL,PWRHYDGUYXX01,S2D1,2030,0.2141
GLOBAL,PWRHYDGUYXX01,S2D1,2031,0.2141
GLOBAL,PWRHYDGUYXX01,S2D1,2032,0.2141
GLOBAL,PWRHYDGUYXX01,S2D1,2033,0.2141
GLOBAL,PWRHYDGUYXX01,S2D1,2034,0.2141
GLOBAL,PWRHYDGUYXX01,S2D1,2035,0.2141
GLOBAL,PWRHYDGUYXX01,S2D1,2036,0.2141
GLOBAL,PWRHYDGUYXX01,S2D1,2037,0.2141
GLOBAL,PWRHYDGUYXX01,S2D1,2038,0.2141
GLOBAL,PWRHYDGUYXX01,S2D1,2039,0.2141
GLOBAL,PWRHYDGUYXX01,S2D1,2040,0.2141
GLOBAL,PWRHYDGUYXX01,S2D1,2041,0.2141
GLOBAL,PWRHYDGUYXX01,S2D1,2042,0.2141
GLOBAL,PWRHYDGUYXX01,S2D1,2043,0.2141
GLOBAL,PWRHYDGUYXX01,S2D1,2044,0.2141
GLOBAL,PWRHYDGUYXX01,S2D1,2045,0.2141
GLOBAL,PWRHYDGUYXX01,S2D1,2046,0.2141
GLOBAL,PWRHYDGUYXX01,S2D1,2047,0.2141
GLOBAL,PWRHYDGUYXX01,S2D1,2048,0.2141
GLOBAL,PWRHYDGUYXX01,S2D1,2049,0.2141
GLOBAL,PWRHYDGUYXX01,S2D1,2050,0.2141
GLOBAL,PWRHYDGUYXX01,S2D2,2021,0.2141
GLOBAL,PWRHYDGUYXX01,S2D2,2022,0.2141
GLOBAL,PWRHYDGUYXX01,S2D2,2023,0.2141
GLOBAL,PWRHYDGUYXX01,S2D2,2024,0.2141
GLOBAL,PWRHYDGUYXX01,S2D2,2025,0.2141
GLOBAL,PWRHYDGUYXX01,S2D2,2026,0.2141
GLOBAL,PWRHYDGUYXX01,S2D2,2027,0.2141
GLOBAL,PWRHYDGUYXX01,S2D2,2028,0.2141
GLOBAL,PWRHYDGUYXX01,S2D2,2029,0.2141
GLOBAL,PWRHYDGUYXX01,S2D2,2030,0.2141
GLOBAL,PWRHYDGUYXX01,S2D2,2031,0.2141
GLOBAL,PWRHYDGUYXX01,S2D2,2032,0.2141
GLOBAL,PWRHYDGUYXX01,S2D2,2033,0.2141
GLOBAL,PWRHYDGUYXX01,S2D2,2034,0.2141
GLOBAL,PWRHYDGUYXX01,S2D2,2035,0.2141
GLOBAL,PWRHYDGUYXX01,S2D2,2036,0.2141
GLOBAL,PWRHYDGUYXX01,S2D2,2037,0.2141
GLOBAL,PWRHYDGUYXX01,S2D2,2038,0.2141
GLOBAL,PWRHYDGUYXX01,S2D2,2039,0.2141
GLOBAL,PWRHYDGUYXX01,S2D2,2040,0.2141
GLOBAL,PWRHYDGUYXX01,S2D2,2041,0.2141
GLOBAL,PWRHYDGUYXX01,S2D2,2042,0.2141
GLOBAL,PWRHYDGUYXX01,S2D2,2043,0.2141
GLOBAL,PWRHYDGUYXX01,S2D2,2044,0.2141
GLOBAL,PWRHYDGUYXX01,S2D2,2045,0.2141
GLOBAL,PWRHYDGUYXX01,S2D2,2046,0.2141
GLOBAL,PWRHYDGUYXX01,S2D2,2047,0.2141
GLOBAL,PWRHYDGUYXX01,S2D2,2048,0.2141
GLOBAL,PWRHYDGUYXX01,S2D2,2049,0.2141
GLOBAL,PWRHYDGUYXX01,S2D2,2050,0.2141
GLOBAL,PWRHYDGUYXX01,S2D3,2021,0.2141
GLOBAL,PWRHYDGUYXX01,S2D3,2022,0.2141
GLOBAL,PWRHYDGUYXX01,S2D3,2023,0.2141
GLOBAL,PWRHYDGUYXX01,S2D3,2024,0.2141
GLOBAL,PWRHYDGUYXX01,S2D3,2025,0.2141
GLOBAL,PWRHYDGUYXX01,S2D3,2026,0.2141
GLOBAL,PWRHYDGUYXX01,S2D3,2027,0.2141
GLOBAL,PWRHYDGUYXX01,S2D3,2028,0.2141
GLOBAL,PWRHYDGUYXX01,S2D3,2029,0.2141
GLOBAL,PWRHYDGUYXX01,S2D3,2030,0.2141
GLOBAL,PWRHYDGUYXX01,S2D3,2031,0.2141
GLOBAL,PWRHYDGUYXX01,S2D3,2032,0.2141
GLOBAL,PWRHYDGUYXX01,S2D3,2033,0.2141
GLOBAL,PWRHYDGUYXX01,S2D3,2034,0.2141
GLOBAL,PWRHYDGUYXX01,S2D3,2035,0.2141
GLOBAL,PWRHYDGUYXX01,S2D3,2036,0.2141
GLOBAL,PWRHYDGUYXX01,S2D3,2037,0.2141
GLOBAL,PWRHYDGUYXX01,S2D3,2038,0.2141
GLOBAL,PWRHYDGUYXX01,S2D3,2039,0.2141
GLOBAL,PWRHYDGUYXX01,S2D3,2040,0.2141
GLOBAL,PWRHYDGUYXX01,S2D3,2041,0.2141
GLOBAL,PWRHYDGUYXX01,S2D3,2042,0.2141
GLOBAL,PWRHYDGUYXX01,S2D3,2043,0.2141
GLOBAL,PWRHYDGUYXX01,S2D3,2044,0.2141
GLOBAL,PWRHYDGUYXX01,S2D3,2045,0.2141
GLOBAL,PWRHYDGUYXX01,S2D3,2046,0.2141
GLOBAL,PWRHYDGUYXX01,S2D3,2047,0.2141
GLOBAL,PWRHYDGUYXX01,S2D3,2048,0.2141
GLOBAL,PWRHYDGUYXX01,S2D3,2049,0.2141
GLOBAL,PWRHYDGUYXX01,S2D3,2050,0.2141
GLOBAL,PWRHYDGUYXX01,S2D4,2021,0.2141
GLOBAL,PWRHYDGUYXX01,S2D4,2022,0.2141
GLOBAL,PWRHYDGUYXX01,S2D4,2023,0.2141
GLOBAL,PWRHYDGUYXX01,S2D4,2024,0.2141
GLOBAL,PWRHYDGUYXX01,S2D4,2025,0.2141
GLOBAL,PWRHYDGUYXX01,S2D4,2026,0.2141
GLOBAL,PWRHYDGUYXX01,S2D4,2027,0.2141
GLOBAL,PWRHYDGUYXX01,S2D4,2028,0.2141
GLOBAL,PWRHYDGUYXX01,S2D4,2029,0.2141
GLOBAL,PWRHYDGUYXX01,S2D4,2030,0.2141
GLOBAL,PWRHYDGUYXX01,S2D4,2031,0.2141
GLOBAL,PWRHYDGUYXX01,S2D4,2032,0.2141
GLOBAL,PWRHYDGUYXX01,S2D4,2033,0.2141
GLOBAL,PWRHYDGUYXX01,S2D4,2034,0.2141
GLOBAL,PWRHYDGUYXX01,S2D4,2035,0.2141
GLOBAL,PWRHYDGUYXX01,S2D4,2036,0.2141
GLOBAL,PWRHYDGUYXX01,S2D4,2037,0.2141
GLOBAL,PWRHYDGUYXX01,S2D4,2038,0.2141
GLOBAL,PWRHYDGUYXX01,S2D4,2039,0.2141
GLOBAL,PWRHYDGUYXX01,S2D4,2040,0.2141
GLOBAL,PWRHYDGUYXX01,S2D4,2041,0.2141
GLOBAL,PWRHYDGUYXX01,S2D4,2042,0.2141
GLOBAL,PWRHYDGUYXX01,S2D4,2043,0.2141
GLOBAL,PWRHYDGUYXX01,S2D4,2044,0.2141
GLOBAL,PWRHYDGUYXX01,S2D4,2045,0.2141
GLOBAL,PWRHYDGUYXX01,S2D4,2046,0.2141
GLOBAL,PWRHYDGUYXX01,S2D4,2047,0.2141
GLOBAL,PWRHYDGUYXX01,S2D4,2048,0.2141
GLOBAL,PWRHYDGUYXX01,S2D4,2049,0.2141
GLOBAL,PWRHYDGUYXX01,S2D4,2050,0.2141
GLOBAL,PWRCSPGUYXX01,S1D1,2021,0.0
GLOBAL,PWRCSPGUYXX01,S1D1,2022,0.0
GLOBAL,PWRCSPGUYXX01,S1D1,2023,0.0
GLOBAL,PWRCSPGUYXX01,S1D1,2024,0.0
GLOBAL,PWRCSPGUYXX01,S1D1,2025,0.0
GLOBAL,PWRCSPGUYXX01,S1D1,2026,0.0
GLOBAL,PWRCSPGUYXX01,S1D1,2027,0.0
GLOBAL,PWRCSPGUYXX01,S1D1,2028,0.0
GLOBAL,PWRCSPGUYXX01,S1D1,2029,0.0
GLOBAL,PWRCSPGUYXX01,S1D1,2030,0.0
GLOBAL,PWRCSPGUYXX01,S1D1,2031,0.0
GLOBAL,PWRCSPGUYXX01,S1D1,2032,0.0
GLOBAL,PWRCSPGUYXX01,S1D1,2033,0.0
GLOBAL,PWRCSPGUYXX01,S1D1,2034,0.0
GLOBAL,PWRCSPGUYXX01,S1D1,2035,0.0
GLOBAL,PWRCSPGUYXX01,S1D1,2036,0.0
GLOBAL,PWRCSPGUYXX01,S1D1,2037,0.0
GLOBAL,PWRCSPGUYXX01,S1D1,2038,0.0
GLOBAL,PWRCSPGUYXX01,S1D1,2039,0.0
GLOBAL,PWRCSPGUYXX01,S1D1,2040,0.0
GLOBAL,PWRCSPGUYXX01,S1D1,2041,0.0
GLOBAL,PWRCSPGUYXX01,S1D1,2042,0.0
GLOBAL,PWRCSPGUYXX01,S1D1,2043,0.0
GLOBAL,PWRCSPGUYXX01,S1D1,2044,0.0
GLOBAL,PWRCSPGUYXX01,S1D1,2045,0.0
GLOBAL,PWRCSPGUYXX01,S1D1,2046,0.0
GLOBAL,PWRCSPGUYXX01,S1D1,2047,0.0
GLOBAL,PWRCSPGUYXX01,S1D1,2048,0.0
GLOBAL,PWRCSPGUYXX01,S1D1,2049,0.0
GLOBAL,PWRCSPGUYXX01,S1D1,2050,0.0
GLOBAL,PWRCSPGUYXX01,S1D2,2021,0.2373
GLOBAL,PWRCSPGUYXX01,S1D2,2022,0.2373
GLOBAL,PWRCSPGUYXX01,S1D2,2023,0.2373
GLOBAL,PWRCSPGUYXX01,S1D2,2024,0.2373
GLOBAL,PWRCSPGUYXX01,S1D2,2025,0.2373
GLOBAL,PWRCSPGUYXX01,S1D2,2026,0.2373
GLOBAL,PWRCSPGUYXX01,S1D2,2027,0.2373
GLOBAL,PWRCSPGUYXX01,S1D2,2028,0.2373
GLOBAL,PWRCSPGUYXX01,S1D2,2029,0.2373
GLOBAL,PWRCSPGUYXX01,S1D2,2030,0.2373
GLOBAL,PWRCSPGUYXX01,S1D2,2031,0.2373
GLOBAL,PWRCSPGUYXX01,S1D2,2032,0.2373
GLOBAL,PWRCSPGUYXX01,S1D2,2033,0.2373
GLOBAL,PWRCSPGUYXX01,S1D2,2034,0.2373
GLOBAL,PWRCSPGUYXX01,S1D2,2035,0.2373
GLOBAL,PWRCSPGUYXX01,S1D2,2036,0.2373
GLOBAL,PWRCSPGUYXX01,S1D2,2037,0.2373
GLOBAL,PWRCSPGUYXX01,S1D2,2038,0.2373
GLOBAL,PWRCSPGUYXX01,S1D2,2039,0.2373
GLOBAL,PWRCSPGUYXX01,S1D2,2040,0.2373
GLOBAL,PWRCSPGUYXX01,S1D2,2041,0.2373
GLOBAL,PWRCSPGUYXX01,S1D2,2042,0.2373
GLOBAL,PWRCSPGUYXX01,S1D2,2043,0.2373
GLOBAL,PWRCSPGUYXX01,S1D2,2044,0.2373
GLOBAL,PWRCSPGUYXX01,S1D2,2045,0.2373
GLOBAL,PWRCSPGUYXX01,S1D2,2046,0.2373
GLOBAL,PWRCSPGUYXX01,S1D2,2047,0.2373
GLOBAL,PWRCSPGUYXX01,S1D2,2048,0.2373
GLOBAL,PWRCSPGUYXX01,S1D2,2049,0.2373
GLOBAL,PWRCSPGUYXX01,S1D2,2050,0.2373
GLOBAL,PWRCSPGUYXX01,S1D3,2021,1.2776
GLOBAL,PWRCSPGUYXX01,S1D3,2022,1.2776
GLOBAL,PWRCSPGUYXX01,S1D3,2023,1.2776
GLOBAL,PWRCSPGUYXX01,S1D3,2024,1.2776
GLOBAL,PWRCSPGUYXX01,S1D3,2025,1.2776
GLOBAL,PWRCSPGUYXX01,S1D3,2026,1.2776
GLOBAL,PWRCSPGUYXX01,S1D3,2027,1.2776
GLOBAL,PWRCSPGUYXX01,S1D3,2028,1.2776
GLOBAL,PWRCSPGUYXX01,S1D3,2029,1.2776
GLOBAL,PWRCSPGUYXX01,S1D3,2030,1.2776
GLOBAL,PWRCSPGUYXX01,S1D3,2031,1.2776
GLOBAL,PWRCSPGUYXX01,S1D3,2032,1.2776
GLOBAL,PWRCSPGUYXX01,S1D3,2033,1.2776
GLOBAL,PWRCSPGUYXX01,S1D3,2034,1.2776
GLOBAL,PWRCSPGUYXX01,S1D3,2035,1.2776
GLOBAL,PWRCSPGUYXX01,S1D3,2036,1.2776
GLOBAL,PWRCSPGUYXX01,S1D3,2037,1.2776
GLOBAL,PWRCSPGUYXX01,S1D3,2038,1.2776
GLOBAL,PWRCSPGUYXX01,S1D3,2039,1.2776
GLOBAL,PWRCSPGUYXX01,S1D3,2040,1.2776
GLOBAL,PWRCSPGUYXX01,S1D3,2041,1.2776
GLOBAL,PWRCSPGUYXX01,S1D3,2042,1.2776
GLOBAL,PWRCSPGUYXX01,S1D3,2043,1.2776
GLOBAL,PWRCSPGUYXX01,S1D3,2044,1.2776
GLOBAL,PWRCSPGUYXX01,S1D3,2045,1.2776
GLOBAL,PWRCSPGUYXX01,S1D3,2046,1.2776
GLOBAL,PWRCSPGUYXX01,S1D3,2047,1.2776
GLOBAL,PWRCSPGUYXX01,S1D3,2048,1.2776
GLOBAL,PWRCSPGUYXX01,S1D3,2049,1.2776
GLOBAL,PWRCSPGUYXX01,S1D3,2050,1.2776
GLOBAL,PWRCSPGUYXX01,S1D4,2021,0.2012
GLOBAL,PWRCSPGUYXX01,S1D4,2022,0.2012
GLOBAL,PWRCSPGUYXX01,S1D4,2023,0.2012
GLOBAL,PWRCSPGUYXX01,S1D4,2024,0.2012
GLOBAL,PWRCSPGUYXX01,S1D4,2025,0.2012
GLOBAL,PWRCSPGUYXX01,S1D4,2026,0.2012
GLOBAL,PWRCSPGUYXX01,S1D4,2027,0.2012
GLOBAL,PWRCSPGUYXX01,S1D4,2028,0.2012
GLOBAL,PWRCSPGUYXX01,S1D4,2029,0.2012
GLOBAL,PWRCSPGUYXX01,S1D4,2030,0.2012
GLOBAL,PWRCSPGUYXX01,S1D4,2031,0.2012
GLOBAL,PWRCSPGUYXX01,S1D4,2032,0.2012
GLOBAL,PWRCSPGUYXX01,S1D4,2033,0.2012
GLOBAL,PWRCSPGUYXX01,S1D4,2034,0.2012
GLOBAL,PWRCSPGUYXX01,S1D4,2035,0.2012
GLOBAL,PWRCSPGUYXX01,S1D4,2036,0.2012
GLOBAL,PWRCSPGUYXX01,S1D4,2037,0.2012
GLOBAL,PWRCSPGUYXX01,S1D4,2038,0.2012
GLOBAL,PWRCSPGUYXX01,S1D4,2039,0.2012
GLOBAL,PWRCSPGUYXX01,S1D4,2040,0.2012
GLOBAL,PWRCSPGUYXX01,S1D4,2041,0.2012
GLOBAL,PWRCSPGUYXX01,S1D4,2042,0.2012
GLOBAL,PWRCSPGUYXX01,S1D4,2043,0.2012
GLOBAL,PWRCSPGUYXX01,S1D4,2044,0.2012
GLOBAL,PWRCSPGUYXX01,S1D4,2045,0.2012
GLOBAL,PWRCSPGUYXX01,S1D4,2046,0.2012
GLOBAL,PWRCSPGUYXX01,S1D4,2047,0.2012
GLOBAL,PWRCSPGUYXX01,S1D4,2048,0.2012
GLOBAL,PWRCSPGUYXX01,S1D4,2049,0.2012
GLOBAL,PWRCSPGUYXX01,S1D4,2050,0.2012
GLOBAL,PWRCSPGUYXX01,S2D1,2021,0.0
GLOBAL,PWRCSPGUYXX01,S2D1,2022,0.0
GLOBAL,PWRCSPGUYXX01,S2D1,2023,0.0
GLOBAL,PWRCSPGUYXX01,S2D1,2024,0.0
GLOBAL,PWRCSPGUYXX01,S2D1,2025,0.0
GLOBAL,PWRCSPGUYXX01,S2D1,2026,0.0
GLOBAL,PWRCSPGUYXX01,S2D1,2027,0.0
GLOBAL,PWRCSPGUYXX01,S2D1,2028,0.0
GLOBAL,PWRCSPGUYXX01,S2D1,2029,0.0
GLOBAL,PWRCSPGUYXX01,S2D1,2030,0.0
GLOBAL,PWRCSPGUYXX01,S2D1,2031,0.0
GLOBAL,PWRCSPGUYXX01,S2D1,2032,0.0
GLOBAL,PWRCSPGUYXX01,S2D1,2033,0.0
GLOBAL,PWRCSPGUYXX01,S2D1,2034,0.0
GLOBAL,PWRCSPGUYXX01,S2D1,2035,0.0
GLOBAL,PWRCSPGUYXX01,S2D1,2036,0.0
GLOBAL,PWRCSPGUYXX01,S2D1,2037,0.0
GLOBAL,PWRCSPGUYXX01,S2D1,2038,0.0
GLOBAL,PWRCSPGUYXX01,S2D1,2039,0.0
GLOBAL,PWRCSPGUYXX01,S2D1,2040,0.0
GLOBAL,PWRCSPGUYXX01,S2D1,2041,0.0
GLOBAL,PWRCSPGUYXX01,S2D1,2042,0.0
GLOBAL,PWRCSPGUYXX01,S2D1,2043,0.0
GLOBAL,PWRCSPGUYXX01,S2D1,2044,0.0
GLOBAL,PWRCSPGUYXX01,S2D1,2045,0.0
GLOBAL,PWRCSPGUYXX01,S2D1,2046,0.0
GLOBAL,PWRCSPGUYXX01,S2D1,2047,0.0
GLOBAL,PWRCSPGUYXX01,S2D1,2048,0.0
GLOBAL,PWRCSPGUYXX01,S2D1,2049,0.0
GLOBAL,PWRCSPGUYXX01,S2D1,2050,0.0
GLOBAL,PWRCSPGUYXX01,S2D2,2021,0.2368
GLOBAL,PWRCSPGUYXX01,S2D2,2022,0.2368
GLOBAL,PWRCSPGUYXX01,S2D2,2023,0.2368
GLOBAL,PWRCSPGUYXX01,S2D2,2024,0.2368
GLOBAL,PWRCSPGUYXX01,S2D2,2025,0.2368
GLOBAL,PWRCSPGUYXX01,S2D2,2026,0.2368
GLOBAL,PWRCSPGUYXX01,S2D2,2027,0.2368
GLOBAL,PWRCSPGUYXX01,S2D2,2028,0.2368
GLOBAL,PWRCSPGUYXX01,S2D2,2029,0.2368
GLOBAL,PWRCSPGUYXX01,S2D2,2030,0.2368
GLOBAL,PWRCSPGUYXX01,S2D2,2031,0.2368
GLOBAL,PWRCSPGUYXX01,S2D2,2032,0.2368
GLOBAL,PWRCSPGUYXX01,S2D2,2033,0.2368
GLOBAL,PWRCSPGUYXX01,S2D2,2034,0.2368
GLOBAL,PWRCSPGUYXX01,S2D2,2035,0.2368
GLOBAL,PWRCSPGUYXX01,S2D2,2036,0.2368
GLOBAL,PWRCSPGUYXX01,S2D2,2037,0.2368
GLOBAL,PWRCSPGUYXX01,S2D2,2038,0.2368
GLOBAL,PWRCSPGUYXX01,S2D2,2039,0.2368
GLOBAL,PWRCSPGUYXX01,S2D2,2040,0.2368
GLOBAL,PWRCSPGUYXX01,S2D2,2041,0.2368
GLOBAL,PWRCSPGUYXX01,S2D2,2042,0.2368
GLOBAL,PWRCSPGUYXX01,S2D2,2043,0.2368
GLOBAL,PWRCSPGUYXX01,S2D2,2044,0.2368
GLOBAL,PWRCSPGUYXX01,S2D2,2045,0.2368
GLOBAL,PWRCSPGUYXX01,S2D2,2046,0.2368
GLOBAL,PWRCSPGUYXX01,S2D2,2047,0.2368
GLOBAL,PWRCSPGUYXX01,S2D2,2048,0.2368
GLOBAL,PWRCSPGUYXX01,S2D2,2049,0.2368
GLOBAL,PWRCSPGUYXX01,S2D2,2050,0.2368
GLOBAL,PWRCSPGUYXX01,S2D3,2021,1.291
GLOBAL,PWRCSPGUYXX01,S2D3,2022,1.291
GLOBAL,PWRCSPGUYXX01,S2D3,2023,1.291
GLOBAL,PWRCSPGUYXX01,S2D3,2024,1.291
GLOBAL,PWRCSPGUYXX01,S2D3,2025,1.291
GLOBAL,PWRCSPGUYXX01,S2D3,2026,1.291
GLOBAL,PWRCSPGUYXX01,S2D3,2027,1.291
GLOBAL,PWRCSPGUYXX01,S2D3,2028,1.291
GLOBAL,PWRCSPGUYXX01,S2D3,2029,1.291
GLOBAL,PWRCSPGUYXX01,S2D3,2030,1.291
GLOBAL,PWRCSPGUYXX01,S2D3,2031,1.291
GLOBAL,PWRCSPGUYXX01,S2D3,2032,1.291
GLOBAL,PWRCSPGUYXX01,S2D3,2033,1.291
GLOBAL,PWRCSPGUYXX01,S2D3,2034,1.291
GLOBAL,PWRCSPGUYXX01,S2D3,2035,1.291
GLOBAL,PWRCSPGUYXX01,S2D3,2036,1.291
GLOBAL,PWRCSPGUYXX01,S2D3,2037,1.291
GLOBAL,PWRCSPGUYXX01,S2D3,2038,1.291
GLOBAL,PWRCSPGUYXX01,S2D3,2039,1.291
GLOBAL,PWRCSPGUYXX01,S2D3,2040,1.291
GLOBAL,PWRCSPGUYXX01,S2D3,2041,1.291
GLOBAL,PWRCSPGUYXX01,S2D3,2042,1.291
GLOBAL,PWRCSPGUYXX01,S2D3,2043,1.291
GLOBAL,PWRCSPGUYXX01,S2D3,2044,1.291
GLOBAL,PWRCSPGUYXX01,S2D3,2045,1.291
GLOBAL,PWRCSPGUYXX01,S2D3,2046,1.291
GLOBAL,PWRCSPGUYXX01,S2D3,2047,1.291
GLOBAL,PWRCSPGUYXX01,S2D3,2048,1.291
GLOBAL,PWRCSPGUYXX01,S2D3,2049,1.291
GLOBAL,PWRCSPGUYXX01,S2D3,2050,1.291
GLOBAL,PWRCSPGUYXX01,S2D4,2021,0.1999
GLOBAL,PWRCSPGUYXX01,S2D4,2022,0.1999
GLOBAL,PWRCSPGUYXX01,S2D4,2023,0.1999
GLOBAL,PWRCSPGUYXX01,S2D4,2024,0.1999
GLOBAL,PWRCSPGUYXX01,S2D4,2025,0.1999
GLOBAL,PWRCSPGUYXX01,S2D4,2026,0.1999
GLOBAL,PWRCSPGUYXX01,S2D4,2027,0.1999
GLOBAL,PWRCSPGUYXX01,S2D4,2028,0.1999
GLOBAL,PWRCSPGUYXX01,S2D4,2029,0.1999
GLOBAL,PWRCSPGUYXX01,S2D4,2030,0.1999
GLOBAL,PWRCSPGUYXX01,S2D4,2031,0.1999
GLOBAL,PWRCSPGUYXX01,S2D4,2032,0.1999
GLOBAL,PWRCSPGUYXX01,S2D4,2033,0.1999
GLOBAL,PWRCSPGUYXX01,S2D4,2034,0.1999
GLOBAL,PWRCSPGUYXX01,S2D4,2035,0.1999
GLOBAL,PWRCSPGUYXX01,S2D4,2036,0.1999
GLOBAL,PWRCSPGUYXX01,S2D4,2037,0.1999
GLOBAL,PWRCSPGUYXX01,S2D4,2038,0.1999
GLOBAL,PWRCSPGUYXX01,S2D4,2039,0.1999
GLOBAL,PWRCSPGUYXX01,S2D4,2040,0.1999
GLOBAL,PWRCSPGUYXX01,S2D4,2041,0.1999
GLOBAL,PWRCSPGUYXX01,S2D4,2042,0.1999
GLOBAL,PWRCSPGUYXX01,S2D4,2043,0.1999
GLOBAL,PWRCSPGUYXX01,S2D4,2044,0.1999
GLOBAL,PWRCSPGUYXX01,S2D4,2045,0.1999
GLOBAL,PWRCSPGUYXX01,S2D4,2046,0.1999
GLOBAL,PWRCSPGUYXX01,S2D4,2047,0.1999
GLOBAL,PWRCSPGUYXX01,S2D4,2048,0.1999
GLOBAL,PWRCSPGUYXX01,S2D4,2049,0.1999
GLOBAL,PWRCSPGUYXX01,S2D4,2050,0.1999
GLOBAL,PWRSPVGUYXX01,S1D1,2021,0.0
GLOBAL,PWRSPVGUYXX01,S1D1,2022,0.0
GLOBAL,PWRSPVGUYXX01,S1D1,2023,0.0
GLOBAL,PWRSPVGUYXX01,S1D1,2024,0.0
GLOBAL,PWRSPVGUYXX01,S1D1,2025,0.0
GLOBAL,PWRSPVGUYXX01,S1D1,2026,0.0
GLOBAL,PWRSPVGUYXX01,S1D1,2027,0.0
GLOBAL,PWRSPVGUYXX01,S1D1,2028,0.0
GLOBAL,PWRSPVGUYXX01,S1D1,2029,0.0
GLOBAL,PWRSPVGUYXX01,S1D1,2030,0.0
GLOBAL,PWRSPVGUYXX01,S1D1,2031,0.0
GLOBAL,PWRSPVGUYXX01,S1D1,2032,0.0
GLOBAL,PWRSPVGUYXX01,S1D1,2033,0.0
GLOBAL,PWRSPVGUYXX01,S1D1,2034,0.0
GLOBAL,PWRSPVGUYXX01,S1D1,2035,0.0
GLOBAL,PWRSPVGUYXX01,S1D1,2036,0.0
GLOBAL,PWRSPVGUYXX01,S1D1,2037,0.0
GLOBAL,PWRSPVGUYXX01,S1D1,2038,0.0
GLOBAL,PWRSPVGUYXX01,S1D1,2039,0.0
GLOBAL,PWRSPVGUYXX01,S1D1,2040,0.0
GLOBAL,PWRSPVGUYXX01,S1D1,2041,0.0
GLOBAL,PWRSPVGUYXX01,S1D1,2042,0.0
GLOBAL,PWRSPVGUYXX01,S1D1,2043,0.0
GLOBAL,PWRSPVGUYXX01,S1D1,2044,0.0
GLOBAL,PWRSPVGUYXX01,S1D1,2045,0.0
GLOBAL,PWRSPVGUYXX01,S1D1,2046,0.0
GLOBAL,PWRSPVGUYXX01,S1D1,2047,0.0
GLOBAL,PWRSPVGUYXX01,S1D1,2048,0.0
GLOBAL,PWRSPVGUYXX01,S1D1,2049,0.0
GLOBAL,PWRSPVGUYXX01,S1D1,2050,0.0
GLOBAL,PWRSPVGUYXX01,S1D2,2021,0.0949
GLOBAL,PWRSPVGUYXX01,S1D2,2022,0.0949
GLOBAL,PWRSPVGUYXX01,S1D2,2023,0.0949
GLOBAL,PWRSPVGUYXX01,S1D2,2024,0.0949
GLOBAL,PWRSPVGUYXX01,S1D2,2025,0.0949
GLOBAL,PWRSPVGUYXX01,S1D2,2026,0.0949
GLOBAL,PWRSPVGUYXX01,S1D2,2027,0.0949
GLOBAL,PWRSPVGUYXX01,S1D2,2028,0.0949
GLOBAL,PWRSPVGUYXX01,S1D2,2029,0.0949
GLOBAL,PWRSPVGUYXX01,S1D2,2030,0.0949
GLOBAL,PWRSPVGUYXX01,S1D2,2031,0.0949
GLOBAL,PWRSPVGUYXX01,S1D2,2032,0.0949
GLOBAL,PWRSPVGUYXX01,S1D2,2033,0.0949
GLOBAL,PWRSPVGUYXX01,S1D2,2034,0.0949
GLOBAL,PWRSPVGUYXX01,S1D2,2035,0.0949
GLOBAL,PWRSPVGUYXX01,S1D2,2036,0.0949
GLOBAL,PWRSPVGUYXX01,S1D2,2037,0.0949
GLOBAL,PWRSPVGUYXX01,S1D2,2038,0.0949
GLOBAL,PWRSPVGUYXX01,S1D2,2039,0.0949
GLOBAL,PWRSPVGUYXX01,S1D2,2040,0.0949
GLOBAL,PWRSPVGUYXX01,S1D2,2041,0.0949
GLOBAL,PWRSPVGUYXX01,S1D2,2042,0.0949
GLOBAL,PWRSPVGUYXX01,S1D2,2043,0.0949
GLOBAL,PWRSPVGUYXX01,S1D2,2044,0.0949
GLOBAL,PWRSPVGUYXX01,S1D2,2045,0.0949
GLOBAL,PWRSPVGUYXX01,S1D2,2046,0.0949
GLOBAL,PWRSPVGUYXX01,S1D2,2047,0.0949
GLOBAL,PWRSPVGUYXX01,S1D2,2048,0.0949
GLOBAL,PWRSPVGUYXX01,S1D2,2049,0.0949
GLOBAL,PWRSPVGUYXX01,S1D2,2050,0.0949
GLOBAL,PWRSPVGUYXX01,S1D3,2021,0.5109
GLOBAL,PWRSPVGUYXX01,S1D3,2022,0.5109
GLOBAL,PWRSPVGUYXX01,S1D3,2023,0.5109
GLOBAL,PWRSPVGUYXX01,S1D3,2024,0.5109
GLOBAL,PWRSPVGUYXX01,S1D3,2025,0.5109
GLOBAL,PWRSPVGUYXX01,S1D3,2026,0.5109
GLOBAL,PWRSPVGUYXX01,S1D3,2027,0.5109
GLOBAL,PWRSPVGUYXX01,S1D3,2028,0.5109
GLOBAL,PWRSPVGUYXX01,S1D3,2029,0.5109
GLOBAL,PWRSPVGUYXX01,S1D3,2030,0.5109
GLOBAL,PWRSPVGUYXX01,S1D3,2031,0.5109
GLOBAL,PWRSPVGUYXX01,S1D3,2032,0.5109
GLOBAL,PWRSPVGUYXX01,S1D3,2033,0.5109
GLOBAL,PWRSPVGUYXX01,S1D3,2034,0.5109
GLOBAL,PWRSPVGUYXX01,S1D3,2035,0.5109
GLOBAL,PWRSPVGUYXX01,S1D3,2036,0.5109
GLOBAL,PWRSPVGUYXX01,S1D3,2037,0.5109
GLOBAL,PWRSPVGUYXX01,S1D3,2038,0.5109
GLOBAL,PWRSPVGUYXX01,S1D3,2039,0.5109
GLOBAL,PWRSPVGUYXX01,S1D3,2040,0.5109
GLOBAL,PWRSPVGUYXX01,S1D3,2041,0.5109
GLOBAL,PWRSPVGUYXX01,S1D3,2042,0.5109
GLOBAL,PWRSPVGUYXX01,S1D3,2043,0.5109
GLOBAL,PWRSPVGUYXX01,S1D3,2044,0.5109
GLOBAL,PWRSPVGUYXX01,S1D3,2045,0.5109
GLOBAL,PWRSPVGUYXX01,S1D3,2046,0.5109
GLOBAL,PWRSPVGUYXX01,S1D3,2047,0.5109
GLOBAL,PWRSPVGUYXX01,S1D3,2048,0.5109
GLOBAL,PWRSPVGUYXX01,S1D3,2049,0.5109
GLOBAL,PWRSPVGUYXX01,S1D3,2050,0.5109
GLOBAL,PWRSPVGUYXX01,S1D4,2021,0.0804
GLOBAL,PWRSPVGUYXX01,S1D4,2022,0.0804
GLOBAL,PWRSPVGUYXX01,S1D4,2023,0.0804
GLOBAL,PWRSPVGUYXX01,S1D4,2024,0.0804
GLOBAL,PWRSPVGUYXX01,S1D4,2025,0.0804
GLOBAL,PWRSPVGUYXX01,S1D4,2026,0.0804
GLOBAL,PWRSPVGUYXX01,S1D4,2027,0.0804
GLOBAL,PWRSPVGUYXX01,S1D4,2028,0.0804
GLOBAL,PWRSPVGUYXX01,S1D4,2029,0.0804
GLOBAL,PWRSPVGUYXX01,S1D4,2030,0.0804
GLOBAL,PWRSPVGUYXX01,S1D4,2031,0.0804
GLOBAL,PWRSPVGUYXX01,S1D4,2032,0.0804
GLOBAL,PWRSPVGUYXX01,S1D4,2033,0.0804
GLOBAL,PWRSPVGUYXX01,S1D4,2034,0.0804
GLOBAL,PWRSPVGUYXX01,S1D4,2035,0.0804
GLOBAL,PWRSPVGUYXX01,S1D4,2036,0.0804
GLOBAL,PWRSPVGUYXX01,S1D4,2037,0.0804
GLOBAL,PWRSPVGUYXX01,S1D4,2038,0.0804
GLOBAL,PWRSPVGUYXX01,S1D4,2039,0.0804
GLOBAL,PWRSPVGUYXX01,S1D4,2040,0.0804
GLOBAL,PWRSPVGUYXX01,S1D4,2041,0.0804
GLOBAL,PWRSPVGUYXX01,S1D4,2042,0.0804
GLOBAL,PWRSPVGUYXX01,S1D4,2043,0.0804
GLOBAL,PWRSPVGUYXX01,S1D4,2044,0.0804
GLOBAL,PWRSPVGUYXX01,S1D4,2045,0.0804
GLOBAL,PWRSPVGUYXX01,S1D4,2046,0.0804
GLOBAL,PWRSPVGUYXX01,S1D4,2047,0.0804
GLOBAL,PWRSPVGUYXX01,S1D4,2048,0.0804
GLOBAL,PWRSPVGUYXX01,S1D4,2049,0.0804
GLOBAL,PWRSPVGUYXX01,S1D4,2050,0.0804
GLOBAL,PWRSPVGUYXX01,S2D1,2021,0.0
GLOBAL,PWRSPVGUYXX01,S2D1,2022,0.0
GLOBAL,PWRSPVGUYXX01,S2D1,2023,0.0
GLOBAL,PWRSPVGUYXX01,S2D1,2024,0.0
GLOBAL,PWRSPVGUYXX01,S2D1,2025,0.0
GLOBAL,PWRSPVGUYXX01,S2D1,2026,0.0
GLOBAL,PWRSPVGUYXX01,S2D1,2027,0.0
GLOBAL,PWRSPVGUYXX01,S2D1,2028,0.0
GLOBAL,PWRSPVGUYXX01,S2D1,2029,0.0
GLOBAL,PWRSPVGUYXX01,S2D1,2030,0.0
GLOBAL,PWRSPVGUYXX01,S2D1,2031,0.0
GLOBAL,PWRSPVGUYXX01,S2D1,2032,0.0
GLOBAL,PWRSPVGUYXX01,S2D1,2033,0.0
GLOBAL,PWRSPVGUYXX01,S2D1,2034,0.0
GLOBAL,PWRSPVGUYXX01,S2D1,2035,0.0
GLOBAL,PWRSPVGUYXX01,S2D1,2036,0.0
GLOBAL,PWRSPVGUYXX01,S2D1,2037,0.0
GLOBAL,PWRSPVGUYXX01,S2D1,2038,0.0
GLOBAL,PWRSPVGUYXX01,S2D1,2039,0.0
GLOBAL,PWRSPVGUYXX01,S2D1,2040,0.0
GLOBAL,PWRSPVGUYXX01,S2D1,2041,0.0
GLOBAL,PWRSPVGUYXX01,S2D1,2042,0.0
GLOBAL,PWRSPVGUYXX01,S2D1,2043,0.0
GLOBAL,PWRSPVGUYXX01,S2D1,2044,0.0
GLOBAL,PWRSPVGUYXX01,S2D1,2045,0.0
GLOBAL,PWRSPVGUYXX01,S2D1,2046,0.0
GLOBAL,PWRSPVGUYXX01,S2D1,2047,0.0
GLOBAL,PWRSPVGUYXX01,S2D1,2048,0.0
GLOBAL,PWRSPVGUYXX01,S2D1,2049,0.0
GLOBAL,PWRSPVGUYXX01,S2D1,2050,0.0
GLOBAL,PWRSPVGUYXX01,S2D2,2021,0.0947
GLOBAL,PWRSPVGUYXX01,S2D2,2022,0.0947
GLOBAL,PWRSPVGUYXX01,S2D2,2023,0.0947
GLOBAL,PWRSPVGUYXX01,S2D2,2024,0.0947
GLOBAL,PWRSPVGUYXX01,S2D2,2025,0.0947
GLOBAL,PWRSPVGUYXX01,S2D2,2026,0.0947
GLOBAL,PWRSPVGUYXX01,S2D2,2027,0.0947
GLOBAL,PWRSPVGUYXX01,S2D2,2028,0.0947
GLOBAL,PWRSPVGUYXX01,S2D2,2029,0.0947
GLOBAL,PWRSPVGUYXX01,S2D2,2030,0.0947
GLOBAL,PWRSPVGUYXX01,S2D2,2031,0.0947
GLOBAL,PWRSPVGUYXX01,S2D2,2032,0.0947
GLOBAL,PWRSPVGUYXX01,S2D2,2033,0.0947
GLOBAL,PWRSPVGUYXX01,S2D2,2034,0.0947
GLOBAL,PWRSPVGUYXX01,S2D2,2035,0.0947
GLOBAL,PWRSPVGUYXX01,S2D2,2036,0.0947
GLOBAL,PWRSPVGUYXX01,S2D2,2037,0.0947
GLOBAL,PWRSPVGUYXX01,S2D2,2038,0.0947
GLOBAL,PWRSPVGUYXX01,S2D2,2039,0.0947
GLOBAL,PWRSPVGUYXX01,S2D2,2040,0.0947
GLOBAL,PWRSPVGUYXX01,S2D2,2041,0.0947
GLOBAL,PWRSPVGUYXX01,S2D2,2042,0.0947
GLOBAL,PWRSPVGUYXX01,S2D2,2043,0.0947
GLOBAL,PWRSPVGUYXX01,S2D2,2044,0.0947
GLOBAL,PWRSPVGUYXX01,S2D2,2045,0.0947
GLOBAL,PWRSPVGUYXX01,S2D2,2046,0.0947
GLOBAL,PWRSPVGUYXX01,S2D2,2047,0.0947
GLOBAL,PWRSPVGUYXX01,S2D2,2048,0.0947
GLOBAL,PWRSPVGUYXX01,S2D2,2049,0.0947
GLOBAL,PWRSPVGUYXX01,S2D2,2050,0.0947
GLOBAL,PWRSPVGUYXX01,S2D3,2021,0.5163
GLOBAL,PWRSPVGUYXX01,S2D3,2022,0.5163
GLOBAL,PWRSPVGUYXX01,S2D3,2023,0.5163
GLOBAL,PWRSPVGUYXX01,S2D3,2024,0.5163
GLOBAL,PWRSPVGUYXX01,S2D3,2025,0.5163
GLOBAL,PWRSPVGUYXX01,S2D3,2026,0.5163
GLOBAL,PWRSPVGUYXX01,S2D3,2027,0.5163
GLOBAL,PWRSPVGUYXX01,S2D3,2028,0.5163
GLOBAL,PWRSPVGUYXX01,S2D3,2029,0.5163
GLOBAL,PWRSPVGUYXX01,S2D3,2030,0.5163
GLOBAL,PWRSPVGUYXX01,S2D3,2031,0.5163
GLOBAL,PWRSPVGUYXX01,S2D3,2032,0.5163
GLOBAL,PWRSPVGUYXX01,S2D3,2033,0.5163
GLOBAL,PWRSPVGUYXX01,S2D3,2034,0.5163
GLOBAL,PWRSPVGUYXX01,S2D3,2035,0.5163
GLOBAL,PWRSPVGUYXX01,S2D3,2036,0.5163
GLOBAL,PWRSPVGUYXX01,S2D3,2037,0.5163
GLOBAL,PWRSPVGUYXX01,S2D3,2038,0.5163
GLOBAL,PWRSPVGUYXX01,S2D3,2039,0.5163
GLOBAL,PWRSPVGUYXX01,S2D3,2040,0.5163
GLOBAL,PWRSPVGUYXX01,S2D3,2041,0.5163
GLOBAL,PWRSPVGUYXX01,S2D3,2042,0.5163
GLOBAL,PWRSPVGUYXX01,S2D3,2043,0.5163
GLOBAL,PWRSPVGUYXX01,S2D3,2044,0.5163
GLOBAL,PWRSPVGUYXX01,S2D3,2045,0.5163
GLOBAL,PWRSPVGUYXX01,S2D3,2046,0.5163
GLOBAL,PWRSPVGUYXX01,S2D3,2047,0.5163
GLOBAL,PWRSPVGUYXX01,S2D3,2048,0.5163
GLOBAL,PWRSPVGUYXX01,S2D3,2049,0.5163
GLOBAL,PWRSPVGUYXX01,S2D3,2050,0.5163
GLOBAL,PWRSPVGUYXX01,S2D4,2021,0.0799
GLOBAL,PWRSPVGUYXX01,S2D4,2022,0.0799
GLOBAL,PWRSPVGUYXX01,S2D4,2023,0.0799
GLOBAL,PWRSPVGUYXX01,S2D4,2024,0.0799
GLOBAL,PWRSPVGUYXX01,S2D4,2025,0.0799
GLOBAL,PWRSPVGUYXX01,S2D4,2026,0.0799
GLOBAL,PWRSPVGUYXX01,S2D4,2027,0.0799
GLOBAL,PWRSPVGUYXX01,S2D4,2028,0.0799
GLOBAL,PWRSPVGUYXX01,S2D4,2029,0.0799
GLOBAL,PWRSPVGUYXX01,S2D4,2030,0.0799
GLOBAL,PWRSPVGUYXX01,S2D4,2031,0.0799
GLOBAL,PWRSPVGUYXX01,S2D4,2032,0.0799
GLOBAL,PWRSPVGUYXX01,S2D4,2033,0.0799
GLOBAL,PWRSPVGUYXX01,S2D4,2034,0.0799
GLOBAL,PWRSPVGUYXX01,S2D4,2035,0.0799
GLOBAL,PWRSPVGUYXX01,S2D4,2036,0.0799
GLOBAL,PWRSPVGUYXX01,S2D4,2037,0.0799
GLOBAL,PWRSPVGUYXX01,S2D4,2038,0.0799
GLOBAL,PWRSPVGUYXX01,S2D4,2039,0.0799
GLOBAL,PWRSPVGUYXX01,S2D4,2040,0.0799
GLOBAL,PWRSPVGUYXX01,S2D4,2041,0.0799
GLOBAL,PWRSPVGUYXX01,S2D4,2042,0.0799
GLOBAL,PWRSPVGUYXX01,S2D4,2043,0.0799
GLOBAL,PWRSPVGUYXX01,S2D4,2044,0.0799
GLOBAL,PWRSPVGUYXX01,S2D4,2045,0.0799
GLOBAL,PWRSPVGUYXX01,S2D4,2046,0.0799
GLOBAL,PWRSPVGUYXX01,S2D4,2047,0.0799
GLOBAL,PWRSPVGUYXX01,S2D4,2048,0.0799
GLOBAL,PWRSPVGUYXX01,S2D4,2049,0.0799
GLOBAL,PWRSPVGUYXX01,S2D4,2050,0.0799
GLOBAL,PWRWONGUYXX01,S1D1,2021,0.1181
GLOBAL,PWRWONGUYXX01,S1D1,2022,0.1181
GLOBAL,PWRWONGUYXX01,S1D1,2023,0.1181
GLOBAL,PWRWONGUYXX01,S1D1,2024,0.1181
GLOBAL,PWRWONGUYXX01,S1D1,2025,0.1181
GLOBAL,PWRWONGUYXX01,S1D1,2026,0.1181
GLOBAL,PWRWONGUYXX01,S1D1,2027,0.1181
GLOBAL,PWRWONGUYXX01,S1D1,2028,0.1181
GLOBAL,PWRWONGUYXX01,S1D1,2029,0.1181
GLOBAL,PWRWONGUYXX01,S1D1,2030,0.1181
GLOBAL,PWRWONGUYXX01,S1D1,2031,0.1181
GLOBAL,PWRWONGUYXX01,S1D1,2032,0.1181
GLOBAL,PWRWONGUYXX01,S1D1,2033,0.1181
GLOBAL,PWRWONGUYXX01,S1D1,2034,0.1181
GLOBAL,PWRWONGUYXX01,S1D1,2035,0.1181
GLOBAL,PWRWONGUYXX01,S1D1,2036,0.1181
GLOBAL,PWRWONGUYXX01,S1D1,2037,0.1181
GLOBAL,PWRWONGUYXX01,S1D1,2038,0.1181
GLOBAL,PWRWONGUYXX01,S1D1,2039,0.1181
GLOBAL,PWRWONGUYXX01,S1D1,2040,0.1181
GLOBAL,PWRWONGUYXX01,S1D1,2041,0.1181
GLOBAL,PWRWONGUYXX01,S1D1,2042,0.1181
GLOBAL,PWRWONGUYXX01,S1D1,2043,0.1181
GLOBAL,PWRWONGUYXX01,S1D1,2044,0.1181
GLOBAL,PWRWONGUYXX01,S1D1,2045,0.1181
GLOBAL,PWRWONGUYXX01,S1D1,2046,0.1181
GLOBAL,PWRWONGUYXX01,S1D1,2047,0.1181
GLOBAL,PWRWONGUYXX01,S1D1,2048,0.1181
GLOBAL,PWRWONGUYXX01,S1D1,2049,0.1181
GLOBAL,PWRWONGUYXX01,S1D1,2050,0.1181
GLOBAL,PWRWONGUYXX01,S1D2,2021,0.1112
GLOBAL,PWRWONGUYXX01,S1D2,2022,0.1112
GLOBAL,PWRWONGUYXX01,S1D2,2023,0.1112
GLOBAL,PWRWONGUYXX01,S1D2,2024,0.1112
GLOBAL,PWRWONGUYXX01,S1D2,2025,0.1112
GLOBAL,PWRWONGUYXX01,S1D2,2026,0.1112
GLOBAL,PWRWONGUYXX01,S1D2,2027,0.1112
GLOBAL,PWRWONGUYXX01,S1D2,2028,0.1112
GLOBAL,PWRWONGUYXX01,S1D2,2029,0.1112
GLOBAL,PWRWONGUYXX01,S1D2,2030,0.1112
GLOBAL,PWRWONGUYXX01,S1D2,2031,0.1112
GLOBAL,PWRWONGUYXX01,S1D2,2032,0.1112
GLOBAL,PWRWONGUYXX01,S1D2,2033,0.1112
GLOBAL,PWRWONGUYXX01,S1D2,2034,0.1112
GLOBAL,PWRWONGUYXX01,S1D2,2035,0.1112
GLOBAL,PWRWONGUYXX01,S1D2,2036,0.1112
GLOBAL,PWRWONGUYXX01,S1D2,2037,0.1112
GLOBAL,PWRWONGUYXX01,S1D2,2038,0.1112
GLOBAL,PWRWONGUYXX01,S1D2,2039,0.1112
GLOBAL,PWRWONGUYXX01,S1D2,2040,0.1112
GLOBAL,PWRWONGUYXX01,S1D2,2041,0.1112
GLOBAL,PWRWONGUYXX01,S1D2,2042,0.1112
GLOBAL,PWRWONGUYXX01,S1D2,2043,0.1112
GLOBAL,PWRWONGUYXX01,S1D2,2044,0.1112
GLOBAL,PWRWONGUYXX01,S1D2,2045,0.1112
GLOBAL,PWRWONGUYXX01,S1D2,2046,0.1112
GLOBAL,PWRWONGUYXX01,S1D2,2047,0.1112
GLOBAL,PWRWONGUYXX01,S1D2,2048,0.1112
GLOBAL,PWRWONGUYXX01,S1D2,2049,0.1112
GLOBAL,PWRWONGUYXX01,S1D2,2050,0.1112
GLOBAL,PWRWONGUYXX01,S1D3,2021,0.2394
GLOBAL,PWRWONGUYXX01,S1D3,2022,0.2394
GLOBAL,PWRWONGUYXX01,S1D3,2023,0.2394
GLOBAL,PWRWONGUYXX01,S1D3,2024,0.2394
GLOBAL,PWRWONGUYXX01,S1D3,2025,0.2394
GLOBAL,PWRWONGUYXX01,S1D3,2026,0.2394
GLOBAL,PWRWONGUYXX01,S1D3,2027,0.2394
GLOBAL,PWRWONGUYXX01,S1D3,2028,0.2394
GLOBAL,PWRWONGUYXX01,S1D3,2029,0.2394
GLOBAL,PWRWONGUYXX01,S1D3,2030,0.2394
GLOBAL,PWRWONGUYXX01,S1D3,2031,0.2394
GLOBAL,PWRWONGUYXX01,S1D3,2032,0.2394
GLOBAL,PWRWONGUYXX01,S1D3,2033,0.2394
GLOBAL,PWRWONGUYXX01,S1D3,2034,0.2394
GLOBAL,PWRWONGUYXX01,S1D3,2035,0.2394
GLOBAL,PWRWONGUYXX01,S1D3,2036,0.2394
GLOBAL,PWRWONGUYXX01,S1D3,2037,0.2394
GLOBAL,PWRWONGUYXX01,S1D3,2038,0.2394
GLOBAL,PWRWONGUYXX01,S1D3,2039,0.2394
GLOBAL,PWRWONGUYXX01,S1D3,2040,0.2394
GLOBAL,PWRWONGUYXX01,S1D3,2041,0.2394
GLOBAL,PWRWONGUYXX01,S1D3,2042,0.2394
GLOBAL,PWRWONGUYXX01,S1D3,2043,0.2394
GLOBAL,PWRWONGUYXX01,S1D3,2044,0.2394
GLOBAL,PWRWONGUYXX01,S1D3,2045,0.2394
GLOBAL,PWRWONGUYXX01,S1D3,2046,0.2394
GLOBAL,PWRWONGUYXX01,S1D3,2047,0.2394
GLOBAL,PWRWONGUYXX01,S1D3,2048,0.2394
GLOBAL,PWRWONGUYXX01,S1D3,2049,0.2394
GLOBAL,PWRWONGUYXX01,S1D3,2050,0.2394
GLOBAL,PWRWONGUYXX01,S1D4,2021,0.1758
GLOBAL,PWRWONGUYXX01,S1D4,2022,0.1758
GLOBAL,PWRWONGUYXX01,S1D4,2023,0.1758
GLOBAL,PWRWONGUYXX01,S1D4,2024,0.1758
GLOBAL,PWRWONGUYXX01,S1D4,2025,0.1758
GLOBAL,PWRWONGUYXX01,S1D4,2026,0.1758
GLOBAL,PWRWONGUYXX01,S1D4,2027,0.1758
GLOBAL,PWRWONGUYXX01,S1D4,2028,0.1758
GLOBAL,PWRWONGUYXX01,S1D4,2029,0.1758
GLOBAL,PWRWONGUYXX01,S1D4,2030,0.1758
GLOBAL,PWRWONGUYXX01,S1D4,2031,0.1758
GLOBAL,PWRWONGUYXX01,S1D4,2032,0.1758
GLOBAL,PWRWONGUYXX01,S1D4,2033,0.1758
GLOBAL,PWRWONGUYXX01,S1D4,2034,0.1758
GLOBAL,PWRWONGUYXX01,S1D4,2035,0.1758
GLOBAL,PWRWONGUYXX01,S1D4,2036,0.1758
GLOBAL,PWRWONGUYXX01,S1D4,2037,0.1758
GLOBAL,PWRWONGUYXX01,S1D4,2038,0.1758
GLOBAL,PWRWONGUYXX01,S1D4,2039,0.1758
GLOBAL,PWRWONGUYXX01,S1D4,2040,0.1758
GLOBAL,PWRWONGUYXX01,S1D4,2041,0.1758
GLOBAL,PWRWONGUYXX01,S1D4,2042,0.1758
GLOBAL,PWRWONGUYXX01,S1D4,2043,0.1758
GLOBAL,PWRWONGUYXX01,S1D4,2044,0.1758
GLOBAL,PWRWONGUYXX01,S1D4,2045,0.1758
GLOBAL,PWRWONGUYXX01,S1D4,2046,0.1758
GLOBAL,PWRWONGUYXX01,S1D4,2047,0.1758
GLOBAL,PWRWONGUYXX01,S1D4,2048,0.1758
GLOBAL,PWRWONGUYXX01,S1D4,2049,0.1758
GLOBAL,PWRWONGUYXX01,S1D4,2050,0.1758
GLOBAL,PWRWONGUYXX01,S2D1,2021,0.0919
GLOBAL,PWRWONGUYXX01,S2D1,2022,0.0919
GLOBAL,PWRWONGUYXX01,S2D1,2023,0.0919
GLOBAL,PWRWONGUYXX01,S2D1,2024,0.0919
GLOBAL,PWRWONGUYXX01,S2D1,2025,0.0919
GLOBAL,PWRWONGUYXX01,S2D1,2026,0.0919
GLOBAL,PWRWONGUYXX01,S2D1,2027,0.0919
GLOBAL,PWRWONGUYXX01,S2D1,2028,0.0919
GLOBAL,PWRWONGUYXX01,S2D1,2029,0.0919
GLOBAL,PWRWONGUYXX01,S2D1,2030,0.0919
GLOBAL,PWRWONGUYXX01,S2D1,2031,0.0919
GLOBAL,PWRWONGUYXX01,S2D1,2032,0.0919
GLOBAL,PWRWONGUYXX01,S2D1,2033,0.0919
GLOBAL,PWRWONGUYXX01,S2D1,2034,0.0919
GLOBAL,PWRWONGUYXX01,S2D1,2035,0.0919
GLOBAL,PWRWONGUYXX01,S2D1,2036,0.0919
GLOBAL,PWRWONGUYXX01,S2D1,2037,0.0919
GLOBAL,PWRWONGUYXX01,S2D1,2038,0.0919
GLOBAL,PWRWONGUYXX01,S2D1,2039,0.0919
GLOBAL,PWRWONGUYXX01,S2D1,2040,0.0919
GLOBAL,PWRWONGUYXX01,S2D1,2041,0.0919
GLOBAL,PWRWONGUYXX01,S2D1,2042,0.0919
GLOBAL,PWRWONGUYXX01,S2D1,2043,0.0919
GLOBAL,PWRWONGUYXX01,S2D1,2044,0.0919
GLOBAL,PWRWONGUYXX01,S2D1,2045,0.0919
GLOBAL,PWRWONGUYXX01,S2D1,2046,0.0919
GLOBAL,PWRWONGUYXX01,S2D1,2047,0.0919
GLOBAL,PWRWONGUYXX01,S2D1,2048,0.0919
GLOBAL,PWRWONGUYXX01,S2D1,2049,0.0919
GLOBAL,PWRWONGUYXX01,S2D1,2050,0.0919
GLOBAL,PWRWONGUYXX01,S2D2,2021,0.0868
GLOBAL,PWRWONGUYXX01,S2D2,2022,0.0868
GLOBAL,PWRWONGUYXX01,S2D2,2023,0.0868
GLOBAL,PWRWONGUYXX01,S2D2,2024,0.0868
GLOBAL,PWRWONGUYXX01,S2D2,2025,0.0868
GLOBAL,PWRWONGUYXX01,S2D2,2026,0.0868
GLOBAL,PWRWONGUYXX01,S2D2,2027,0.0868
GLOBAL,PWRWONGUYXX01,S2D2,2028,0.0868
GLOBAL,PWRWONGUYXX01,S2D2,2029,0.0868
GLOBAL,PWRWONGUYXX01,S2D2,2030,0.0868
GLOBAL,PWRWONGUYXX01,S2D2,2031,0.0868
GLOBAL,PWRWONGUYXX01,S2D2,2032,0.0868
GLOBAL,PWRWONGUYXX01,S2D2,2033,0.0868
GLOBAL,PWRWONGUYXX01,S2D2,2034,0.0868
GLOBAL,PWRWONGUYXX01,S2D2,2035,0.0868
GLOBAL,PWRWONGUYXX01,S2D2,2036,0.0868
GLOBAL,PWRWONGUYXX01,S2D2,2037,0.0868
GLOBAL,PWRWONGUYXX01,S2D2,2038,0.0868
GLOBAL,PWRWONGUYXX01,S2D2,2039,0.0868
GLOBAL,PWRWONGUYXX01,S2D2,2040,0.0868
GLOBAL,PWRWONGUYXX01,S2D2,2041,0.0868
GLOBAL,PWRWONGUYXX01,S2D2,2042,0.0868
GLOBAL,PWRWONGUYXX01,S2D2,2043,0.0868
GLOBAL,PWRWONGUYXX01,S2D2,2044,0.0868
GLOBAL,PWRWONGUYXX01,S2D2,2045,0.0868
GLOBAL,PWRWONGUYXX01,S2D2,2046,0.0868
GLOBAL,PWRWONGUYXX01,S2D2,2047,0.0868
GLOBAL,PWRWONGUYXX01,S2D2,2048,0.0868
GLOBAL,PWRWONGUYXX01,S2D2,2049,0.0868
GLOBAL,PWRWONGUYXX01,S2D2,2050,0.0868
GLOBAL,PWRWONGUYXX01,S2D3,2021,0.1378
GLOBAL,PWRWONGUYXX01,S2D3,2022,0.1378
GLOBAL,PWRWONGUYXX01,S2D3,2023,0.1378
GLOBAL,PWRWONGUYXX01,S2D3,2024,0.1378
GLOBAL,PWRWONGUYXX01,S2D3,2025,0.1378
GLOBAL,PWRWONGUYXX01,S2D3,2026,0.1378
GLOBAL,PWRWONGUYXX01,S2D3,2027,0.1378
GLOBAL,PWRWONGUYXX01,S2D3,2028,0.1378
GLOBAL,PWRWONGUYXX01,S2D3,2029,0.1378
GLOBAL,PWRWONGUYXX01,S2D3,2030,0.1378
GLOBAL,PWRWONGUYXX01,S2D3,2031,0.1378
GLOBAL,PWRWONGUYXX01,S2D3,2032,0.1378
GLOBAL,PWRWONGUYXX01,S2D3,2033,0.1378
GLOBAL,PWRWONGUYXX01,S2D3,2034,0.1378
GLOBAL,PWRWONGUYXX01,S2D3,2035,0.1378
GLOBAL,PWRWONGUYXX01,S2D3,2036,0.1378
GLOBAL,PWRWONGUYXX01,S2D3,2037,0.1378
GLOBAL,PWRWONGUYXX01,S2D3,2038,0.1378
GLOBAL,PWRWONGUYXX01,S2D3,2039,0.1378
GLOBAL,PWRWONGUYXX01,S2D3,2040,0.1378
GLOBAL,PWRWONGUYXX01,S2D3,2041,0.1378
GLOBAL,PWRWONGUYXX01,S2D3,2042,0.1378
GLOBAL,PWRWONGUYXX01,S2D3,2043,0.1378
GLOBAL,PWRWONGUYXX01,S2D3,2044,0.1378
GLOBAL,PWRWONGUYXX01,S2D3,2045,0.1378
GLOBAL,PWRWONGUYXX01,S2D3,2046,0.1378
GLOBAL,PWRWONGUYXX01,S2D3,2047,0.1378
GLOBAL,PWRWONGUYXX01,S2D3,2048,0.1378
GLOBAL,PWRWONGUYXX01,S2D3,2049,0.1378
GLOBAL,PWRWONGUYXX01,S2D3,2050,0.1378
GLOBAL,PWRWONGUYXX01,S2D4,2021,0.1028
GLOBAL,PWRWONGUYXX01,S2D4,2022,0.1028
GLOBAL,PWRWONGUYXX01,S2D4,2023,0.1028
GLOBAL,PWRWONGUYXX01,S2D4,2024,0.1028
GLOBAL,PWRWONGUYXX01,S2D4,2025,0.1028
GLOBAL,PWRWONGUYXX01,S2D4,2026,0.1028
GLOBAL,PWRWONGUYXX01,S2D4,2027,0.1028
GLOBAL,PWRWONGUYXX01,S2D4,2028,0.1028
GLOBAL,PWRWONGUYXX01,S2D4,2029,0.1028
GLOBAL,PWRWONGUYXX01,S2D4,2030,0.1028
GLOBAL,PWRWONGUYXX01,S2D4,2031,0.1028
GLOBAL,PWRWONGUYXX01,S2D4,2032,0.1028
GLOBAL,PWRWONGUYXX01,S2D4,2033,0.1028
GLOBAL,PWRWONGUYXX01,S2D4,2034,0.1028
GLOBAL,PWRWONGUYXX01,S2D4,2035,0.1028
GLOBAL,PWRWONGUYXX01,S2D4,2036,0.1028
GLOBAL,PWRWONGUYXX01,S2D4,2037,0.1028
GLOBAL,PWRWONGUYXX01,S2D4,2038,0.1028
GLOBAL,PWRWONGUYXX01,S2D4,2039,0.1028
GLOBAL,PWRWONGUYXX01,S2D4,2040,0.1028
GLOBAL,PWRWONGUYXX01,S2D4,2041,0.1028
GLOBAL,PWRWONGUYXX01,S2D4,2042,0.1028
GLOBAL,PWRWONGUYXX01,S2D4,2043,0.1028
GLOBAL,PWRWONGUYXX01,S2D4,2044,0.1028
GLOBAL,PWRWONGUYXX01,S2D4,2045,0.1028
GLOBAL,PWRWONGUYXX01,S2D4,2046,0.1028
GLOBAL,PWRWONGUYXX01,S2D4,2047,0.1028
GLOBAL,PWRWONGUYXX01,S2D4,2048,0.1028
GLOBAL,PWRWONGUYXX01,S2D4,2049,0.1028
GLOBAL,PWRWONGUYXX01,S2D4,2050,0.1028
GLOBAL,PWRWOFGUYXX01,S1D1,2021,0.3365
GLOBAL,PWRWOFGUYXX01,S1D1,2022,0.3365
GLOBAL,PWRWOFGUYXX01,S1D1,2023,0.3365
GLOBAL,PWRWOFGUYXX01,S1D1,2024,0.3365
GLOBAL,PWRWOFGUYXX01,S1D1,2025,0.3365
GLOBAL,PWRWOFGUYXX01,S1D1,2026,0.3365
GLOBAL,PWRWOFGUYXX01,S1D1,2027,0.3365
GLOBAL,PWRWOFGUYXX01,S1D1,2028,0.3365
GLOBAL,PWRWOFGUYXX01,S1D1,2029,0.3365
GLOBAL,PWRWOFGUYXX01,S1D1,2030,0.3365
GLOBAL,PWRWOFGUYXX01,S1D1,2031,0.3365
GLOBAL,PWRWOFGUYXX01,S1D1,2032,0.3365
GLOBAL,PWRWOFGUYXX01,S1D1,2033,0.3365
GLOBAL,PWRWOFGUYXX01,S1D1,2034,0.3365
GLOBAL,PWRWOFGUYXX01,S1D1,2035,0.3365
GLOBAL,PWRWOFGUYXX01,S1D1,2036,0.3365
GLOBAL,PWRWOFGUYXX01,S1D1,2037,0.3365
GLOBAL,PWRWOFGUYXX01,S1D1,2038,0.3365
GLOBAL,PWRWOFGUYXX01,S1D1,2039,0.3365
GLOBAL,PWRWOFGUYXX01,S1D1,2040,0.3365
GLOBAL,PWRWOFGUYXX01,S1D1,2041,0.3365
GLOBAL,PWRWOFGUYXX01,S1D1,2042,0.3365
GLOBAL,PWRWOFGUYXX01,S1D1,2043,0.3365
GLOBAL,PWRWOFGUYXX01,S1D1,2044,0.3365
GLOBAL,PWRWOFGUYXX01,S1D1,2045,0.3365
GLOBAL,PWRWOFGUYXX01,S1D1,2046,0.3365
GLOBAL,PWRWOFGUYXX01,S1D1,2047,0.3365
GLOBAL,PWRWOFGUYXX01,S1D1,2048,0.3365
GLOBAL,PWRWOFGUYXX01,S1D1,2049,0.3365
GLOBAL,PWRWOFGUYXX01,S1D1,2050,0.3365
GLOBAL,PWRWOFGUYXX01,S1D2,2021,0.3441
GLOBAL,PWRWOFGUYXX01,S1D2,2022,0.3441
GLOBAL,PWRWOFGUYXX01,S1D2,2023,0.3441
GLOBAL,PWRWOFGUYXX01,S1D2,2024,0.3441
GLOBAL,PWRWOFGUYXX01,S1D2,2025,0.3441
GLOBAL,PWRWOFGUYXX01,S1D2,2026,0.3441
GLOBAL,PWRWOFGUYXX01,S1D2,2027,0.3441
GLOBAL,PWRWOFGUYXX01,S1D2,2028,0.3441
GLOBAL,PWRWOFGUYXX01,S1D2,2029,0.3441
GLOBAL,PWRWOFGUYXX01,S1D2,2030,0.3441
GLOBAL,PWRWOFGUYXX01,S1D2,2031,0.3441
GLOBAL,PWRWOFGUYXX01,S1D2,2032,0.3441
GLOBAL,PWRWOFGUYXX01,S1D2,2033,0.3441
GLOBAL,PWRWOFGUYXX01,S1D2,2034,0.3441
GLOBAL,PWRWOFGUYXX01,S1D2,2035,0.3441
GLOBAL,PWRWOFGUYXX01,S1D2,2036,0.3441
GLOBAL,PWRWOFGUYXX01,S1D2,2037,0.3441
GLOBAL,PWRWOFGUYXX01,S1D2,2038,0.3441
GLOBAL,PWRWOFGUYXX01,S1D2,2039,0.3441
GLOBAL,PWRWOFGUYXX01,S1D2,2040,0.3441
GLOBAL,PWRWOFGUYXX01,S1D2,2041,0.3441
GLOBAL,PWRWOFGUYXX01,S1D2,2042,0.3441
GLOBAL,PWRWOFGUYXX01,S1D2,2043,0.3441
GLOBAL,PWRWOFGUYXX01,S1D2,2044,0.3441
GLOBAL,PWRWOFGUYXX01,S1D2,2045,0.3441
GLOBAL,PWRWOFGUYXX01,S1D2,2046,0.3441
GLOBAL,PWRWOFGUYXX01,S1D2,2047,0.3441
GLOBAL,PWRWOFGUYXX01,S1D2,2048,0.3441
GLOBAL,PWRWOFGUYXX01,S1D2,2049,0.3441
GLOBAL,PWRWOFGUYXX01,S1D2,2050,0.3441
GLOBAL,PWRWOFGUYXX01,S1D3,2021,0.2808
GLOBAL,PWRWOFGUYXX01,S1D3,2022,0.2808
GLOBAL,PWRWOFGUYXX01,S1D3,2023,0.2808
GLOBAL,PWRWOFGUYXX01,S1D3,2024,0.2808
GLOBAL,PWRWOFGUYXX01,S1D3,2025,0.2808
GLOBAL,PWRWOFGUYXX01,S1D3,2026,0.2808
GLOBAL,PWRWOFGUYXX01,S1D3,2027,0.2808
GLOBAL,PWRWOFGUYXX01,S1D3,2028,0.2808
GLOBAL,PWRWOFGUYXX01,S1D3,2029,0.2808
GLOBAL,PWRWOFGUYXX01,S1D3,2030,0.2808
GLOBAL,PWRWOFGUYXX01,S1D3,2031,0.2808
GLOBAL,PWRWOFGUYXX01,S1D3,2032,0.2808
GLOBAL,PWRWOFGUYXX01,S1D3,2033,0.2808
GLOBAL,PWRWOFGUYXX01,S1D3,2034,0.2808
GLOBAL,PWRWOFGUYXX01,S1D3,2035,0.2808
GLOBAL,PWRWOFGUYXX01,S1D3,2036,0.2808
GLOBAL,PWRWOFGUYXX01,S1D3,2037,0.2808
GLOBAL,PWRWOFGUYXX01,S1D3,2038,0.2808
GLOBAL,PWRWOFGUYXX01,S1D3,2039,0.2808
GLOBAL,PWRWOFGUYXX01,S1D3,2040,0.2808
GLOBAL,PWRWOFGUYXX01,S1D3,2041,0.2808
GLOBAL,PWRWOFGUYXX01,S1D3,2042,0.2808
GLOBAL,PWRWOFGUYXX01,S1D3,2043,0.2808
GLOBAL,PWRWOFGUYXX01,S1D3,2044,0.2808
GLOBAL,PWRWOFGUYXX01,S1D3,2045,0.2808
GLOBAL,PWRWOFGUYXX01,S1D3,2046,0.2808
GLOBAL,PWRWOFGUYXX01,S1D3,2047,0.2808
GLOBAL,PWRWOFGUYXX01,S1D3,2048,0.2808
GLOBAL,PWRWOFGUYXX01,S1D3,2049,0.2808
GLOBAL,PWRWOFGUYXX01,S1D3,2050,0.2808
GLOBAL,PWRWOFGUYXX01,S1D4,2021,0.2694
GLOBAL,PWRWOFGUYXX01,S1D4,2022,0.2694
GLOBAL,PWRWOFGUYXX01,S1D4,2023,0.2694
GLOBAL,PWRWOFGUYXX01,S1D4,2024,0.2694
GLOBAL,PWRWOFGUYXX01,S1D4,2025,0.2694
GLOBAL,PWRWOFGUYXX01,S1D4,2026,0.2694
GLOBAL,PWRWOFGUYXX01,S1D4,2027,0.2694
GLOBAL,PWRWOFGUYXX01,S1D4,2028,0.2694
GLOBAL,PWRWOFGUYXX01,S1D4,2029,0.2694
GLOBAL,PWRWOFGUYXX01,S1D4,2030,0.2694
GLOBAL,PWRWOFGUYXX01,S1D4,2031,0.2694
GLOBAL,PWRWOFGUYXX01,S1D4,2032,0.2694
GLOBAL,PWRWOFGUYXX01,S1D4,2033,0.2694
GLOBAL,PWRWOFGUYXX01,S1D4,2034,0.2694
GLOBAL,PWRWOFGUYXX01,S1D4,2035,0.2694
GLOBAL,PWRWOFGUYXX01,S1D4,2036,0.2694
GLOBAL,PWRWOFGUYXX01,S1D4,2037,0.2694
GLOBAL,PWRWOFGUYXX01,S1D4,2038,0.2694
GLOBAL,PWRWOFGUYXX01,S1D4,2039,0.2694
GLOBAL,PWRWOFGUYXX01,S1D4,2040,0.2694
GLOBAL,PWRWOFGUYXX01,S1D4,2041,0.2694
GLOBAL,PWRWOFGUYXX01,S1D4,2042,0.2694
GLOBAL,PWRWOFGUYXX01,S1D4,2043,0.2694
GLOBAL,PWRWOFGUYXX01,S1D4,2044,0.2694
GLOBAL,PWRWOFGUYXX01,S1D4,2045,0.2694
GLOBAL,PWRWOFGUYXX01,S1D4,2046,0.2694
GLOBAL,PWRWOFGUYXX01,S1D4,2047,0.2694
GLOBAL,PWRWOFGUYXX01,S1D4,2048,0.2694
GLOBAL,PWRWOFGUYXX01,S1D4,2049,0.2694
GLOBAL,PWRWOFGUYXX01,S1D4,2050,0.2694
GLOBAL,PWRWOFGUYXX01,S2D1,2021,0.2468
GLOBAL,PWRWOFGUYXX01,S2D1,2022,0.2468
GLOBAL,PWRWOFGUYXX01,S2D1,2023,0.2468
GLOBAL,PWRWOFGUYXX01,S2D1,2024,0.2468
GLOBAL,PWRWOFGUYXX01,S2D1,2025,0.2468
GLOBAL,PWRWOFGUYXX01,S2D1,2026,0.2468
GLOBAL,PWRWOFGUYXX01,S2D1,2027,0.2468
GLOBAL,PWRWOFGUYXX01,S2D1,2028,0.2468
GLOBAL,PWRWOFGUYXX01,S2D1,2029,0.2468
GLOBAL,PWRWOFGUYXX01,S2D1,2030,0.2468
GLOBAL,PWRWOFGUYXX01,S2D1,2031,0.2468
GLOBAL,PWRWOFGUYXX01,S2D1,2032,0.2468
GLOBAL,PWRWOFGUYXX01,S2D1,2033,0.2468
GLOBAL,PWRWOFGUYXX01,S2D1,2034,0.2468
GLOBAL,PWRWOFGUYXX01,S2D1,2035,0.2468
GLOBAL,PWRWOFGUYXX01,S2D1,2036,0.2468
GLOBAL,PWRWOFGUYXX01,S2D1,2037,0.2468
GLOBAL,PWRWOFGUYXX01,S2D1,2038,0.2468
GLOBAL,PWRWOFGUYXX01,S2D1,2039,0.2468
GLOBAL,PWRWOFGUYXX01,S2D1,2040,0.2468
GLOBAL,PWRWOFGUYXX01,S2D1,2041,0.2468
GLOBAL,PWRWOFGUYXX01,S2D1,2042,0.2468
GLOBAL,PWRWOFGUYXX01,S2D1,2043,0.2468
GLOBAL,PWRWOFGUYXX01,S2D1,2044,0.2468
GLOBAL,PWRWOFGUYXX01,S2D1,2045,0.2468
GLOBAL,PWRWOFGUYXX01,S2D1,2046,0.2468
GLOBAL,PWRWOFGUYXX01,S2D1,2047,0.2468
GLOBAL,PWRWOFGUYXX01,S2D1,2048,0.2468
GLOBAL,PWRWOFGUYXX01,S2D1,2049,0.2468
GLOBAL,PWRWOFGUYXX01,S2D1,2050,0.2468
GLOBAL,PWRWOFGUYXX01,S2D2,2021,0.2551
GLOBAL,PWRWOFGUYXX01,S2D2,2022,0.2551
GLOBAL,PWRWOFGUYXX01,S2D2,2023,0.2551
GLOBAL,PWRWOFGUYXX01,S2D2,2024,0.2551
GLOBAL,PWRWOFGUYXX01,S2D2,2025,0.2551
GLOBAL,PWRWOFGUYXX01,S2D2,2026,0.2551
GLOBAL,PWRWOFGUYXX01,S2D2,2027,0.2551
GLOBAL,PWRWOFGUYXX01,S2D2,2028,0.2551
GLOBAL,PWRWOFGUYXX01,S2D2,2029,0.2551
GLOBAL,PWRWOFGUYXX01,S2D2,2030,0.2551
GLOBAL,PWRWOFGUYXX01,S2D2,2031,0.2551
GLOBAL,PWRWOFGUYXX01,S2D2,2032,0.2551
GLOBAL,PWRWOFGUYXX01,S2D2,2033,0.2551
GLOBAL,PWRWOFGUYXX01,S2D2,2034,0.2551
GLOBAL,PWRWOFGUYXX01,S2D2,2035,0.2551
GLOBAL,PWRWOFGUYXX01,S2D2,2036,0.2551
GLOBAL,PWRWOFGUYXX01,S2D2,2037,0.2551
GLOBAL,PWRWOFGUYXX01,S2D2,2038,0.2551
GLOBAL,PWRWOFGUYXX01,S2D2,2039,0.2551
GLOBAL,PWRWOFGUYXX01,S2D2,2040,0.2551
GLOBAL,PWRWOFGUYXX01,S2D2,2041,0.2551
GLOBAL,PWRWOFGUYXX01,S2D2,2042,0.2551
GLOBAL,PWRWOFGUYXX01,S2D2,2043,0.2551
GLOBAL,PWRWOFGUYXX01,S2D2,2044,0.2551
GLOBAL,PWRWOFGUYXX01,S2D2,2045,0.2551
GLOBAL,PWRWOFGUYXX01,S2D2,2046,0.2551
GLOBAL,PWRWOFGUYXX01,S2D2,2047,0.2551
GLOBAL,PWRWOFGUYXX01,S2D2,2048,0.2551
GLOBAL,PWRWOFGUYXX01,S2D2,2049,0.2551
GLOBAL,PWRWOFGUYXX01,S2D2,2050,0.2551
GLOBAL,PWRWOFGUYXX01,S2D3,2021,0.2114
GLOBAL,PWRWOFGUYXX01,S2D3,2022,0.2114
GLOBAL,PWRWOFGUYXX01,S2D3,2023,0.2114
GLOBAL,PWRWOFGUYXX01,S2D3,2024,0.2114
GLOBAL,PWRWOFGUYXX01,S2D3,2025,0.2114
GLOBAL,PWRWOFGUYXX01,S2D3,2026,0.2114
GLOBAL,PWRWOFGUYXX01,S2D3,2027,0.2114
GLOBAL,PWRWOFGUYXX01,S2D3,2028,0.2114
GLOBAL,PWRWOFGUYXX01,S2D3,2029,0.2114
GLOBAL,PWRWOFGUYXX01,S2D3,2030,0.2114
GLOBAL,PWRWOFGUYXX01,S2D3,2031,0.2114
GLOBAL,PWRWOFGUYXX01,S2D3,2032,0.2114
GLOBAL,PWRWOFGUYXX01,S2D3,2033,0.2114
GLOBAL,PWRWOFGUYXX01,S2D3,2034,0.2114
GLOBAL,PWRWOFGUYXX01,S2D3,2035,0.2114
GLOBAL,PWRWOFGUYXX01,S2D3,2036,0.2114
GLOBAL,PWRWOFGUYXX01,S2D3,2037,0.2114
GLOBAL,PWRWOFGUYXX01,S2D3,2038,0.2114
GLOBAL,PWRWOFGUYXX01,S2D3,2039,0.2114
GLOBAL,PWRWOFGUYXX01,S2D3,2040,0.2114
GLOBAL,PWRWOFGUYXX01,S2D3,2041,0.2114
GLOBAL,PWRWOFGUYXX01,S2D3,2042,0.2114
GLOBAL,PWRWOFGUYXX01,S2D3,2043,0.2114
GLOBAL,PWRWOFGUYXX01,S2D3,2044,0.2114
GLOBAL,PWRWOFGUYXX01,S2D3,2045,0.2114
GLOBAL,PWRWOFGUYXX01,S2D3,2046,0.2114
GLOBAL,PWRWOFGUYXX01,S2D3,2047,0.2114
GLOBAL,PWRWOFGUYXX01,S2D3,2048,0.2114
GLOBAL,PWRWOFGUYXX01,S2D3,2049,0.2114
GLOBAL,PWRWOFGUYXX01,S2D3,2050,0.2114
GLOBAL,PWRWOFGUYXX01,S2D4,2021,0.1953
GLOBAL,PWRWOFGUYXX01,S2D4,2022,0.1953
GLOBAL,PWRWOFGUYXX01,S2D4,2023,0.1953
GLOBAL,PWRWOFGUYXX01,S2D4,2024,0.1953
GLOBAL,PWRWOFGUYXX01,S2D4,2025,0.1953
GLOBAL,PWRWOFGUYXX01,S2D4,2026,0.1953
GLOBAL,PWRWOFGUYXX01,S2D4,2027,0.1953
GLOBAL,PWRWOFGUYXX01,S2D4,2028,0.1953
GLOBAL,PWRWOFGUYXX01,S2D4,2029,0.1953
GLOBAL,PWRWOFGUYXX01,S2D4,2030,0.1953
GLOBAL,PWRWOFGUYXX01,S2D4,2031,0.1953
GLOBAL,PWRWOFGUYXX01,S2D4,2032,0.1953
GLOBAL,PWRWOFGUYXX01,S2D4,2033,0.1953
GLOBAL,PWRWOFGUYXX01,S2D4,2034,0.1953
GLOBAL,PWRWOFGUYXX01,S2D4,2035,0.1953
GLOBAL,PWRWOFGUYXX01,S2D4,2036,0.1953
GLOBAL,PWRWOFGUYXX01,S2D4,2037,0.1953
GLOBAL,PWRWOFGUYXX01,S2D4,2038,0.1953
GLOBAL,PWRWOFGUYXX01,S2D4,2039,0.1953
GLOBAL,PWRWOFGUYXX01,S2D4,2040,0.1953
GLOBAL,PWRWOFGUYXX01,S2D4,2041,0.1953
GLOBAL,PWRWOFGUYXX01,S2D4,2042,0.1953
GLOBAL,PWRWOFGUYXX01,S2D4,2043,0.1953
GLOBAL,PWRWOFGUYXX01,S2D4,2044,0.1953
GLOBAL,PWRWOFGUYXX01,S2D4,2045,0.1953
GLOBAL,PWRWOFGUYXX01,S2D4,2046,0.1953
GLOBAL,PWRWOFGUYXX01,S2D4,2047,0.1953
GLOBAL,PWRWOFGUYXX01,S2D4,2048,0.1953
GLOBAL,PWRWOFGUYXX01,S2D4,2049,0.1953
GLOBAL,PWRWOFGUYXX01,S2D4,2050,0.1953
