REGION,TECHNOLOGY,YEAR,VALUE
GLOBAL,PWRBIOGUYXX01,2021,2150.0
GLOBAL,PWRBIOGUYXX01,2022,2150.0
GLOBAL,PWRBIOGUYXX01,2023,2150.0
GLOBAL,PWRBIOGUYXX01,2024,2150.0
GLOBAL,PWRBIOGUYXX01,2025,2150.0
GLOBAL,PWRBIOGUYXX01,2026,2150.0
GLOBAL,PWRBIOGUYXX01,2027,2150.0
GLOBAL,PWRBIOGUYXX01,2028,2150.0
GLOBAL,PWRBIOGUYXX01,2029,2150.0
GLOBAL,PWRBIOGUYXX01,2030,2150.0
GLOBAL,PWRBIOGUYXX01,2031,2150.0
GLOBAL,PWRBIOGUYXX01,2032,2150.0
GLOBAL,PWRBIOGUYXX01,2033,2150.0
GLOBAL,PWRBIOGUYXX01,2034,2150.0
GLOBAL,PWRBIOGUYXX01,2035,2150.0
GLOBAL,PWRBIOGUYXX01,2036,2150.0
GLOBAL,PWRBIOGUYXX01,2037,2150.0
GLOBAL,PWRBIOGUYXX01,2038,2150.0
GLOBAL,PWRBIOGUYXX01,2039,2150.0
GLOBAL,PWRBIOGUYXX01,2040,2150.0
GLOBAL,PWRBIOGUYXX01,2041,2150.0
GLOBAL,PWRBIOGUYXX01,2042,2150.0
GLOBAL,PWRBIOGUYXX01,2043,2150.0
GLOBAL,PWRBIOGUYXX01,2044,2150.0
GLOBAL,PWRBIOGUYXX01,2045,2150.0
GLOBAL,PWRBIOGUYXX01,2046,2150.0
GLOBAL,PWRBIOGUYXX01,2047,2150.0
GLOBAL,PWRBIOGUYXX01,2048,2150.0
GLOBAL,PWRBIOGUYXX01,2049,2150.0
GLOBAL,PWRBIOGUYXX01,2050,2150.0
GLOBAL,PWRCCGGUYXX00,2021,700.0
GLOBAL,PWRCCGGUYXX00,2022,700.0
GLOBAL,PWRCCGGUYXX00,2023,700.0
GLOBAL,PWRCCGGUYXX00,2024,700.0
GLOBAL,PWRCCGGUYXX00,2025,700.0
GLOBAL,PWRCCGGUYXX00,2026,700.0
GLOBAL,PWRCCGGUYXX00,2027,700.0
GLOBAL,PWRCCGGUYXX00,2028,700.0
GLOBAL,PWRCCGGUYXX00,2029,700.0
GLOBAL,PWRCCGGUYXX00,2030,700.0
GLOBAL,PWRCCGGUYXX00,2031,700.0
GLOBAL,PWRCCGGUYXX00,2032,700.0
GLOBAL,PWRCCGGUYXX00,2033,700.0
GLOBAL,PWRCCGGUYXX00,2034,700.0
GLOBAL,PWRCCGGUYXX00,2035,700.0
GLOBAL,PWRCCGGUYXX00,2036,700.0
GLOBAL,PWRCCGGUYXX00,2037,700.0
GLOBAL,PWRCCGGUYXX00,2038,700.0
GLOBAL,PWRCCGGUYXX00,2039,700.0
GLOBAL,PWRCCGGUYXX00,2040,700.0
GLOBAL,PWRCCGGUYXX00,2041,700.0
GLOBAL,PWRCCGGUYXX00,2042,700.0
GLOBAL,PWRCCGGUYXX00,2043,700.0
GLOBAL,PWRCCGGUYXX00,2044,700.0
GLOBAL,PWRCCGGUYXX00,2045,700.0
GLOBAL,PWRCCGGUYXX00,2046,700.0
GLOBAL,PWRCCGGUYXX00,2047,700.0
GLOBAL,PWRCCGGUYXX00,2048,700.0
GLOBAL,PWRCCGGUYXX00,2049,700.0
GLOBAL,PWRCCGGUYXX00,2050,700.0
GLOBAL,PWRCCGGUYXX01,2021,700.0
GLOBAL,PWRCCGGUYXX01,2022,700.0
GLOBAL,PWRCCGGUYXX01,2023,700.0
GLOBAL,PWRCCGGUYXX01,2024,700.0
GLOBAL,PWRCCGGUYXX01,2025,700.0
GLOBAL,PWRCCGGUYXX01,2026,700.0
GLOBAL,PWRCCGGUYXX01,2027,700.0
GLOBAL,PWRCCGGUYXX01,2028,700.0
GLOBAL,PWRCCGGUYXX01,2029,700.0
GLOBAL,PWRCCGGUYXX01,2030,700.0
GLOBAL,PWRCCGGUYXX01,2031,700.0
GLOBAL,PWRCCGGUYXX01,2032,700.0
GLOBAL,PWRCCGGUYXX01,2033,700.0
GLOBAL,PWRCCGGUYXX01,2034,700.0
GLOBAL,PWRCCGGUYXX01,2035,700.0
GLOBAL,PWRCCGGUYXX01,2036,700.0
GLOBAL,PWRCCGGUYXX01,2037,700.0
GLOBAL,PWRCCGGUYXX01,2038,700.0
GLOBAL,PWRCCGGUYXX01,2039,700.0
GLOBAL,PWRCCGGUYXX01,2040,700.0
GLOBAL,PWRCCGGUYXX01,2041,700.0
GLOBAL,PWRCCGGUYXX01,2042,700.0
GLOBAL,PWRCCGGUYXX01,2043,700.0
GLOBAL,PWRCCGGUYXX01,2044,700.0
GLOBAL,PWRCCGGUYXX01,2045,700.0
GLOBAL,PWRCCGGUYXX01,2046,700.0
GLOBAL,PWRCCGGUYXX01,2047,700.0
GLOBAL,PWRCCGGUYXX01,2048,700.0
GLOBAL,PWRCCGGUYXX01,2049,700.0
GLOBAL,PWRCCGGUYXX01,2050,700.0
GLOBAL,PWRCCSGUYXX01,2021,5449.5
GLOBAL,PWRCCSGUYXX01,2022,5449.5
GLOBAL,PWRCCSGUYXX01,2023,5449.5
GLOBAL,PWRCCSGUYXX01,2024,5449.5
GLOBAL,PWRCCSGUYXX01,2025,5449.5
GLOBAL,PWRCCSGUYXX01,2026,5449.5
GLOBAL,PWRCCSGUYXX01,2027,5449.5
GLOBAL,PWRCCSGUYXX01,2028,5449.5
GLOBAL,PWRCCSGUYXX01,2029,5449.5
GLOBAL,PWRCCSGUYXX01,2030,5449.5
GLOBAL,PWRCCSGUYXX01,2031,5381.2
GLOBAL,PWRCCSGUYXX01,2032,5312.9
GLOBAL,PWRCCSGUYXX01,2033,5244.6
GLOBAL,PWRCCSGUYXX01,2034,5176.3
GLOBAL,PWRCCSGUYXX01,2035,5108.0
GLOBAL,PWRCCSGUYXX01,2036,5039.7
GLOBAL,PWRCCSGUYXX01,2037,4971.4
GLOBAL,PWRCCSGUYXX01,2038,4903.1
GLOBAL,PWRCCSGUYXX01,2039,4834.8
GLOBAL,PWRCCSGUYXX01,2040,4766.5
GLOBAL,PWRCCSGUYXX01,2041,4766.5
GLOBAL,PWRCCSGUYXX01,2042,4766.5
GLOBAL,PWRCCSGUYXX01,2043,4766.5
GLOBAL,PWRCCSGUYXX01,2044,4766.5
GLOBAL,PWRCCSGUYXX01,2045,4766.5
GLOBAL,PWRCCSGUYXX01,2046,4766.5
GLOBAL,PWRCCSGUYXX01,2047,4766.5
GLOBAL,PWRCCSGUYXX01,2048,4766.5
GLOBAL,PWRCCSGUYXX01,2049,4766.5
GLOBAL,PWRCCSGUYXX01,2050,4766.5
GLOBAL,PWRCOAGUYXX01,2021,1566.67
GLOBAL,PWRCOAGUYXX01,2022,1566.67
GLOBAL,PWRCOAGUYXX01,2023,1566.67
GLOBAL,PWRCOAGUYXX01,2024,1566.67
GLOBAL,PWRCOAGUYXX01,2025,1566.67
GLOBAL,PWRCOAGUYXX01,2026,1566.67
GLOBAL,PWRCOAGUYXX01,2027,1566.67
GLOBAL,PWRCOAGUYXX01,2028,1566.67
GLOBAL,PWRCOAGUYXX01,2029,1566.67
GLOBAL,PWRCOAGUYXX01,2030,1566.67
GLOBAL,PWRCOAGUYXX01,2031,1566.67
GLOBAL,PWRCOAGUYXX01,2032,1566.67
GLOBAL,PWRCOAGUYXX01,2033,1566.67
GLOBAL,PWRCOAGUYXX01,2034,1566.67
GLOBAL,PWRCOAGUYXX01,2035,1566.67
GLOBAL,PWRCOAGUYXX01,2036,1566.67
GLOBAL,PWRCOAGUYXX01,2037,1566.67
GLOBAL,PWRCOAGUYXX01,2038,1566.67
GLOBAL,PWRCOAGUYXX01,2039,1566.67
GLOBAL,PWRCOAGUYXX01,2040,1566.67
GLOBAL,PWRCOAGUYXX01,2041,1566.67
GLOBAL,PWRCOAGUYXX01,2042,1566.67
GLOBAL,PWRCOAGUYXX01,2043,1566.67
GLOBAL,PWRCOAGUYXX01,2044,1566.67
GLOBAL,PWRCOAGUYXX01,2045,1566.67
GLOBAL,PWRCOAGUYXX01,2046,1566.67
GLOBAL,PWRCOAGUYXX01,2047,1566.67
GLOBAL,PWRCOAGUYXX01,2048,1566.67
GLOBAL,PWRCOAGUYXX01,2049,1566.67
GLOBAL,PWRCOAGUYXX01,2050,1566.67
GLOBAL,PWRCOGGUYXX01,2021,920.0
GLOBAL,PWRCOGGUYXX01,2022,920.0
GLOBAL,PWRCOGGUYXX01,2023,920.0
GLOBAL,PWRCOGGUYXX01,2024,920.0
GLOBAL,PWRCOGGUYXX01,2025,920.0
GLOBAL,PWRCOGGUYXX01,2026,920.0
GLOBAL,PWRCOGGUYXX01,2027,920.0
GLOBAL,PWRCOGGUYXX01,2028,920.0
GLOBAL,PWRCOGGUYXX01,2029,920.0
GLOBAL,PWRCOGGUYXX01,2030,920.0
GLOBAL,PWRCOGGUYXX01,2031,920.0
GLOBAL,PWRCOGGUYXX01,2032,920.0
GLOBAL,PWRCOGGUYXX01,2033,920.0
GLOBAL,PWRCOGGUYXX01,2034,920.0
GLOBAL,PWRCOGGUYXX01,2035,920.0
GLOBAL,PWRCOGGUYXX01,2036,920.0
GLOBAL,PWRCOGGUYXX01,2037,920.0
GLOBAL,PWRCOGGUYXX01,2038,920.0
GLOBAL,PWRCOGGUYXX01,2039,920.0
GLOBAL,PWRCOGGUYXX01,2040,920.0
GLOBAL,PWRCOGGUYXX01,2041,920.0
GLOBAL,PWRCOGGUYXX01,2042,920.0
GLOBAL,PWRCOGGUYXX01,2043,920.0
GLOBAL,PWRCOGGUYXX01,2044,920.0
GLOBAL,PWRCOGGUYXX01,2045,920.0
GLOBAL,PWRCOGGUYXX01,2046,920.0
GLOBAL,PWRCOGGUYXX01,2047,920.0
GLOBAL,PWRCOGGUYXX01,2048,920.0
GLOBAL,PWRCOGGUYXX01,2049,920.0
GLOBAL,PWRCOGGUYXX01,2050,920.0
GLOBAL,PWRCSPGUYXX01,2021,4200.0
GLOBAL,PWRCSPGUYXX01,2022,4200.0
GLOBAL,PWRCSPGUYXX01,2023,4200.0
GLOBAL,PWRCSPGUYXX01,2024,4200.0
GLOBAL,PWRCSPGUYXX01,2025,4200.0
GLOBAL,PWRCSPGUYXX01,2026,4200.0
GLOBAL,PWRCSPGUYXX01,2027,4200.0
GLOBAL,PWRCSPGUYXX01,2028,4200.0
GLOBAL,PWRCSPGUYXX01,2029,4200.0
GLOBAL,PWRCSPGUYXX01,2030,4200.0
GLOBAL,PWRCSPGUYXX01,2031,4140.0
GLOBAL,PWRCSPGUYXX01,2032,4080.0
GLOBAL,PWRCSPGUYXX01,2033,4020.0
GLOBAL,PWRCSPGUYXX01,2034,3960.0
GLOBAL,PWRCSPGUYXX01,2035,3900.0
GLOBAL,PWRCSPGUYXX01,2036,3840.0
GLOBAL,PWRCSPGUYXX01,2037,3780.0
GLOBAL,PWRCSPGUYXX01,2038,3720.0
GLOBAL,PWRCSPGUYXX01,2039,3660.0
GLOBAL,PWRCSPGUYXX01,2040,3600.0
GLOBAL,PWRCSPGUYXX01,2041,3600.0
GLOBAL,PWRCSPGUYXX01,2042,3600.0
GLOBAL,PWRCSPGUYXX01,2043,3600.0
GLOBAL,PWRCSPGUYXX01,2044,3600.0
GLOBAL,PWRCSPGUYXX01,2045,3600.0
GLOBAL,PWRCSPGUYXX01,2046,3600.0
GLOBAL,PWRCSPGUYXX01,2047,3600.0
GLOBAL,PWRCSPGUYXX01,2048,3600.0
GLOBAL,PWRCSPGUYXX01,2049,3600.0
GLOBAL,PWRCSPGUYXX01,2050,3600.0
GLOBAL,PWRGEOGUYXX01,2021,2500.0
GLOBAL,PWRGEOGUYXX01,2022,2500.0
GLOBAL,PWRGEOGUYXX01,2023,2500.0
GLOBAL,PWRGEOGUYXX01,2024,2500.0
GLOBAL,PWRGEOGUYXX01,2025,2500.0
GLOBAL,PWRGEOGUYXX01,2026,2500.0
GLOBAL,PWRGEOGUYXX01,2027,2500.0
GLOBAL,PWRGEOGUYXX01,2028,2500.0
GLOBAL,PWRGEOGUYXX01,2029,2500.0
GLOBAL,PWRGEOGUYXX01,2030,2500.0
GLOBAL,PWRGEOGUYXX01,2031,2490.0
GLOBAL,PWRGEOGUYXX01,2032,2480.0
GLOBAL,PWRGEOGUYXX01,2033,2470.0
GLOBAL,PWRGEOGUYXX01,2034,2460.0
GLOBAL,PWRGEOGUYXX01,2035,2450.0
GLOBAL,PWRGEOGUYXX01,2036,2440.0
GLOBAL,PWRGEOGUYXX01,2037,2430.0
GLOBAL,PWRGEOGUYXX01,2038,2420.0
GLOBAL,PWRGEOGUYXX01,2039,2410.0
GLOBAL,PWRGEOGUYXX01,2040,2400.0
GLOBAL,PWRGEOGUYXX01,2041,2400.0
GLOBAL,PWRGEOGUYXX01,2042,2400.0
GLOBAL,PWRGEOGUYXX01,2043,2400.0
GLOBAL,PWRGEOGUYXX01,2044,2400.0
GLOBAL,PWRGEOGUYXX01,2045,2400.0
GLOBAL,PWRGEOGUYXX01,2046,2400.0
GLOBAL,PWRGEOGUYXX01,2047,2400.0
GLOBAL,PWRGEOGUYXX01,2048,2400.0
GLOBAL,PWRGEOGUYXX01,2049,2400.0
GLOBAL,PWRGEOGUYXX01,2050,2400.0
GLOBAL,PWRHYDGUYXX01,2021,2100.0
GLOBAL,PWRHYDGUYXX01,2022,2100.0
GLOBAL,PWRHYDGUYXX01,2023,2100.0
GLOBAL,PWRHYDGUYXX01,2024,2100.0
GLOBAL,PWRHYDGUYXX01,2025,2100.0
GLOBAL,PWRHYDGUYXX01,2026,2100.0
GLOBAL,PWRHYDGUYXX01,2027,2100.0
GLOBAL,PWRHYDGUYXX01,2028,2100.0
GLOBAL,PWRHYDGUYXX01,2029,2100.0
GLOBAL,PWRHYDGUYXX01,2030,2100.0
GLOBAL,PWRHYDGUYXX01,2031,2105.0
GLOBAL,PWRHYDGUYXX01,2032,2110.0
GLOBAL,PWRHYDGUYXX01,2033,2115.0
GLOBAL,PWRHYDGUYXX01,2034,2120.0
GLOBAL,PWRHYDGUYXX01,2035,2125.0
GLOBAL,PWRHYDGUYXX01,2036,2130.0
GLOBAL,PWRHYDGUYXX01,2037,2135.0
GLOBAL,PWRHYDGUYXX01,2038,2140.0
GLOBAL,PWRHYDGUYXX01,2039,2145.0
GLOBAL,PWRHYDGUYXX01,2040,2150.0
GLOBAL,PWRHYDGUYXX01,2041,2150.0
GLOBAL,PWRHYDGUYXX01,2042,2150.0
GLOBAL,PWRHYDGUYXX01,2043,2150.0
GLOBAL,PWRHYDGUYXX01,2044,2150.0
GLOBAL,PWRHYDGUYXX01,2045,2150.0
GLOBAL,PWRHYDGUYXX01,2046,2150.0
GLOBAL,PWRHYDGUYXX01,2047,2150.0
GLOBAL,PWRHYDGUYXX01,2048,2150.0
GLOBAL,PWRHYDGUYXX01,2049,2150.0
GLOBAL,PWRHYDGUYXX01,2050,2150.0
GLOBAL,PWROCGGUYXX00,2021,400.0
GLOBAL,PWROCGGUYXX00,2022,400.0
GLOBAL,PWROCGGUYXX00,2023,400.0
GLOBAL,PWROCGGUYXX00,2024,400.0
GLOBAL,PWROCGGUYXX00,2025,400.0
GLOBAL,PWROCGGUYXX00,2026,400.0
GLOBAL,PWROCGGUYXX00,2027,400.0
GLOBAL,PWROCGGUYXX00,2028,400.0
GLOBAL,PWROCGGUYXX00,2029,400.0
GLOBAL,PWROCGGUYXX00,2030,400.0
GLOBAL,PWROCGGUYXX00,2031,400.0
GLOBAL,PWROCGGUYXX00,2032,400.0
GLOBAL,PWROCGGUYXX00,2033,400.0
GLOBAL,PWROCGGUYXX00,2034,400.0
GLOBAL,PWROCGGUYXX00,2035,400.0
GLOBAL,PWROCGGUYXX00,2036,400.0
GLOBAL,PWROCGGUYXX00,2037,400.0
GLOBAL,PWROCGGUYXX00,2038,400.0
GLOBAL,PWROCGGUYXX00,2039,400.0
GLOBAL,PWROCGGUYXX00,2040,400.0
GLOBAL,PWROCGGUYXX00,2041,400.0
GLOBAL,PWROCGGUYXX00,2042,400.0
GLOBAL,PWROCGGUYXX00,2043,400.0
GLOBAL,PWROCGGUYXX00,2044,400.0
GLOBAL,PWROCGGUYXX00,2045,400.0
GLOBAL,PWROCGGUYXX00,2046,400.0
GLOBAL,PWROCGGUYXX00,2047,400.0
GLOBAL,PWROCGGUYXX00,2048,400.0
GLOBAL,PWROCGGUYXX00,2049,400.0
GLOBAL,PWROCGGUYXX00,2050,400.0
GLOBAL,PWROCGGUYXX01,2021,400.0
GLOBAL,PWROCGGUYXX01,2022,400.0
GLOBAL,PWROCGGUYXX01,2023,400.0
GLOBAL,PWROCGGUYXX01,2024,400.0
GLOBAL,PWROCGGUYXX01,2025,400.0
GLOBAL,PWROCGGUYXX01,2026,400.0
GLOBAL,PWROCGGUYXX01,2027,400.0
GLOBAL,PWROCGGUYXX01,2028,400.0
GLOBAL,PWROCGGUYXX01,2029,400.0
GLOBAL,PWROCGGUYXX01,2030,400.0
GLOBAL,PWROCGGUYXX01,2031,400.0
GLOBAL,PWROCGGUYXX01,2032,400.0
GLOBAL,PWROCGGUYXX01,2033,400.0
GLOBAL,PWROCGGUYXX01,2034,400.0
GLOBAL,PWROCGGUYXX01,2035,400.0
GLOBAL,PWROCGGUYXX01,2036,400.0
GLOBAL,PWROCGGUYXX01,2037,400.0
GLOBAL,PWROCGGUYXX01,2038,400.0
GLOBAL,PWROCGGUYXX01,2039,400.0
GLOBAL,PWROCGGUYXX01,2040,400.0
GLOBAL,PWROCGGUYXX01,2041,400.0
GLOBAL,PWROCGGUYXX01,2042,400.0
GLOBAL,PWROCGGUYXX01,2043,400.0
GLOBAL,PWROCGGUYXX01,2044,400.0
GLOBAL,PWROCGGUYXX01,2045,400.0
GLOBAL,PWROCGGUYXX01,2046,400.0
GLOBAL,PWROCGGUYXX01,2047,400.0
GLOBAL,PWROCGGUYXX01,2048,400.0
GLOBAL,PWROCGGUYXX01,2049,400.0
GLOBAL,PWROCGGUYXX01,2050,400.0
GLOBAL,PWROILGUYXX01,2021,1240.0
GLOBAL,PWROILGUYXX01,2022,1240.0
GLOBAL,PWROILGUYXX01,2023,1240.0
GLOBAL,PWROILGUYXX01,2024,1240.0
GLOBAL,PWROILGUYXX01,2025,1240.0
GLOBAL,PWROILGUYXX01,2026,1240.0
GLOBAL,PWROILGUYXX01,2027,1240.0
GLOBAL,PWROILGUYXX01,2028,1240.0
GLOBAL,PWROILGUYXX01,2029,1240.0
GLOBAL,PWROILGUYXX01,2030,1240.0
GLOBAL,PWROILGUYXX01,2031,1240.0
GLOBAL,PWROILGUYXX01,2032,1240.0
GLOBAL,PWROILGUYXX01,2033,1240.0
GLOBAL,PWROILGUYXX01,2034,1240.0
GLOBAL,PWROILGUYXX01,2035,1240.0
GLOBAL,PWROILGUYXX01,2036,1240.0
GLOBAL,PWROILGUYXX01,2037,1240.0
GLOBAL,PWROILGUYXX01,2038,1240.0
GLOBAL,PWROILGUYXX01,2039,1240.0
GLOBAL,PWROILGUYXX01,2040,1240.0
GLOBAL,PWROILGUYXX01,2041,1240.0
GLOBAL,PWROILGUYXX01,2042,1240.0
GLOBAL,PWROILGUYXX01,2043,1240.0
GLOBAL,PWROILGUYXX01,2044,1240.0
GLOBAL,PWROILGUYXX01,2045,1240.0
GLOBAL,PWROILGUYXX01,2046,1240.0
GLOBAL,PWROILGUYXX01,2047,1240.0
GLOBAL,PWROILGUYXX01,2048,1240.0
GLOBAL,PWROILGUYXX01,2049,1240.0
GLOBAL,PWROILGUYXX01,2050,1240.0
GLOBAL,PWROTHGUYXX01,2021,1240.0
GLOBAL,PWROTHGUYXX01,2022,1240.0
GLOBAL,PWROTHGUYXX01,2023,1240.0
GLOBAL,PWROTHGUYXX01,2024,1240.0
GLOBAL,PWROTHGUYXX01,2025,1240.0
GLOBAL,PWROTHGUYXX01,2026,1240.0
GLOBAL,PWROTHGUYXX01,2027,1240.0
GLOBAL,PWROTHGUYXX01,2028,1240.0
GLOBAL,PWROTHGUYXX01,2029,1240.0
GLOBAL,PWROTHGUYXX01,2030,1240.0
GLOBAL,PWROTHGUYXX01,2031,1240.0
GLOBAL,PWROTHGUYXX01,2032,1240.0
GLOBAL,PWROTHGUYXX01,2033,1240.0
GLOBAL,PWROTHGUYXX01,2034,1240.0
GLOBAL,PWROTHGUYXX01,2035,1240.0
GLOBAL,PWROTHGUYXX01,2036,1240.0
GLOBAL,PWROTHGUYXX01,2037,1240.0
GLOBAL,PWROTHGUYXX01,2038,1240.0
GLOBAL,PWROTHGUYXX01,2039,1240.0
GLOBAL,PWROTHGUYXX01,2040,1240.0
GLOBAL,PWROTHGUYXX01,2041,1240.0
GLOBAL,PWROTHGUYXX01,2042,1240.0
GLOBAL,PWROTHGUYXX01,2043,1240.0
GLOBAL,PWROTHGUYXX01,2044,1240.0
GLOBAL,PWROTHGUYXX01,2045,1240.0
GLOBAL,PWROTHGUYXX01,2046,1240.0
GLOBAL,PWROTHGUYXX01,2047,1240.0
GLOBAL,PWROTHGUYXX01,2048,1240.0
GLOBAL,PWROTHGUYXX01,2049,1240.0
GLOBAL,PWROTHGUYXX01,2050,1240.0
GLOBAL,PWRPETGUYXX01,2021,1240.0
GLOBAL,PWRPETGUYXX01,2022,1240.0
GLOBAL,PWRPETGUYXX01,2023,1240.0
GLOBAL,PWRPETGUYXX01,2024,1240.0
GLOBAL,PWRPETGUYXX01,2025,1240.0
GLOBAL,PWRPETGUYXX01,2026,1240.0
GLOBAL,PWRPETGUYXX01,2027,1240.0
GLOBAL,PWRPETGUYXX01,2028,1240.0
GLOBAL,PWRPETGUYXX01,2029,1240.0
GLOBAL,PWRPETGUYXX01,2030,1240.0
GLOBAL,PWRPETGUYXX01,2031,1240.0
GLOBAL,PWRPETGUYXX01,2032,1240.0
GLOBAL,PWRPETGUYXX01,2033,1240.0
GLOBAL,PWRPETGUYXX01,2034,1240.0
GLOBAL,PWRPETGUYXX01,2035,1240.0
GLOBAL,PWRPETGUYXX01,2036,1240.0
GLOBAL,PWRPETGUYXX01,2037,1240.0
GLOBAL,PWRPETGUYXX01,2038,1240.0
GLOBAL,PWRPETGUYXX01,2039,1240.0
GLOBAL,PWRPETGUYXX01,2040,1240.0
GLOBAL,PWRPETGUYXX01,2041,1240.0
GLOBAL,PWRPETGUYXX01,2042,1240.0
GLOBAL,PWRPETGUYXX01,2043,1240.0
GLOBAL,PWRPETGUYXX01,2044,1240.0
GLOBAL,PWRPETGUYXX01,2045,1240.0
GLOBAL,PWRPETGUYXX01,2046,1240.0
GLOBAL,PWRPETGUYXX01,2047,1240.0
GLOBAL,PWRPETGUYXX01,2048,1240.0
GLOBAL,PWRPETGUYXX01,2049,1240.0
GLOBAL,PWRPETGUYXX01,2050,1240.0
GLOBAL,PWRSPVGUYXX01,2021,510.0
GLOBAL,PWRSPVGUYXX01,2022,510.0
GLOBAL,PWRSPVGUYXX01,2023,510.0
GLOBAL,PWRSPVGUYXX01,2024,510.0
GLOBAL,PWRSPVGUYXX01,2025,510.0
GLOBAL,PWRSPVGUYXX01,2026,510.0
GLOBAL,PWRSPVGUYXX01,2027,510.0
GLOBAL,PWRSPVGUYXX01,2028,510.0
GLOBAL,PWRSPVGUYXX01,2029,510.0
GLOBAL,PWRSPVGUYXX01,2030,510.0
GLOBAL,PWRSPVGUYXX01,2031,496.0
GLOBAL,PWRSPVGUYXX01,2032,482.0
GLOBAL,PWRSPVGUYXX01,2033,468.0
GLOBAL,PWRSPVGUYXX01,2034,454.0
GLOBAL,PWRSPVGUYXX01,2035,440.0
GLOBAL,PWRSPVGUYXX01,2036,426.0
GLOBAL,PWRSPVGUYXX01,2037,412.0
GLOBAL,PWRSPVGUYXX01,2038,398.0
GLOBAL,PWRSPVGUYXX01,2039,384.0
GLOBAL,PWRSPVGUYXX01,2040,370.0
GLOBAL,PWRSPVGUYXX01,2041,370.0
GLOBAL,PWRSPVGUYXX01,2042,370.0
GLOBAL,PWRSPVGUYXX01,2043,370.0
GLOBAL,PWRSPVGUYXX01,2044,370.0
GLOBAL,PWRSPVGUYXX01,2045,370.0
GLOBAL,PWRSPVGUYXX01,2046,370.0
GLOBAL,PWRSPVGUYXX01,2047,370.0
GLOBAL,PWRSPVGUYXX01,2048,370.0
GLOBAL,PWRSPVGUYXX01,2049,370.0
GLOBAL,PWRSPVGUYXX01,2050,370.0
GLOBAL,PWRURNGUYXX01,2021,5628.0
GLOBAL,PWRURNGUYXX01,2022,5628.0
GLOBAL,PWRURNGUYXX01,2023,5628.0
GLOBAL,PWRURNGUYXX01,2024,5628.0
GLOBAL,PWRURNGUYXX01,2025,5628.0
GLOBAL,PWRURNGUYXX01,2026,5628.0
GLOBAL,PWRURNGUYXX01,2027,5628.0
GLOBAL,PWRURNGUYXX01,2028,5628.0
GLOBAL,PWRURNGUYXX01,2029,5628.0
GLOBAL,PWRURNGUYXX01,2030,5628.0
GLOBAL,PWRURNGUYXX01,2031,5628.0
GLOBAL,PWRURNGUYXX01,2032,5628.0
GLOBAL,PWRURNGUYXX01,2033,5628.0
GLOBAL,PWRURNGUYXX01,2034,5628.0
GLOBAL,PWRURNGUYXX01,2035,5628.0
GLOBAL,PWRURNGUYXX01,2036,5628.0
GLOBAL,PWRURNGUYXX01,2037,5628.0
GLOBAL,PWRURNGUYXX01,2038,5628.0
GLOBAL,PWRURNGUYXX01,2039,5628.0
GLOBAL,PWRURNGUYXX01,2040,5628.0
GLOBAL,PWRURNGUYXX01,2041,5628.0
GLOBAL,PWRURNGUYXX01,2042,5628.0
GLOBAL,PWRURNGUYXX01,2043,5628.0
GLOBAL,PWRURNGUYXX01,2044,5628.0
GLOBAL,PWRURNGUYXX01,2045,5628.0
GLOBAL,PWRURNGUYXX01,2046,5628.0
GLOBAL,PWRURNGUYXX01,2047,5628.0
GLOBAL,PWRURNGUYXX01,2048,5628.0
GLOBAL,PWRURNGUYXX01,2049,5628.0
GLOBAL,PWRURNGUYXX01,2050,5628.0
GLOBAL,PWRWASGUYXX01,2021,6550.0
GLOBAL,PWRWASGUYXX01,2022,6550.0
GLOBAL,PWRWASGUYXX01,2023,6550.0
GLOBAL,PWRWASGUYXX01,2024,6550.0
GLOBAL,PWRWASGUYXX01,2025,6550.0
GLOBAL,PWRWASGUYXX01,2026,6550.0
GLOBAL,PWRWASGUYXX01,2027,6550.0
GLOBAL,PWRWASGUYXX01,2028,6550.0
GLOBAL,PWRWASGUYXX01,2029,6550.0
GLOBAL,PWRWASGUYXX01,2030,6550.0
GLOBAL,PWRWASGUYXX01,2031,6545.0
GLOBAL,PWRWASGUYXX01,2032,6540.0
GLOBAL,PWRWASGUYXX01,2033,6535.0
GLOBAL,PWRWASGUYXX01,2034,6530.0
GLOBAL,PWRWASGUYXX01,2035,6525.0
GLOBAL,PWRWASGUYXX01,2036,6520.0
GLOBAL,PWRWASGUYXX01,2037,6515.0
GLOBAL,PWRWASGUYXX01,2038,6510.0
GLOBAL,PWRWASGUYXX01,2039,6505.0
GLOBAL,PWRWASGUYXX01,2040,6500.0
GLOBAL,PWRWASGUYXX01,2041,6500.0
GLOBAL,PWRWASGUYXX01,2042,6500.0
GLOBAL,PWRWASGUYXX01,2043,6500.0
GLOBAL,PWRWASGUYXX01,2044,6500.0
GLOBAL,PWRWASGUYXX01,2045,6500.0
GLOBAL,PWRWASGUYXX01,2046,6500.0
GLOBAL,PWRWASGUYXX01,2047,6500.0
GLOBAL,PWRWASGUYXX01,2048,6500.0
GLOBAL,PWRWASGUYXX01,2049,6500.0
GLOBAL,PWRWASGUYXX01,2050,6500.0
GLOBAL,PWRWAVGUYXX01,2021,4500.0
GLOBAL,PWRWAVGUYXX01,2022,4500.0
GLOBAL,PWRWAVGUYXX01,2023,4500.0
GLOBAL,PWRWAVGUYXX01,2024,4500.0
GLOBAL,PWRWAVGUYXX01,2025,4500.0
GLOBAL,PWRWAVGUYXX01,2026,4500.0
GLOBAL,PWRWAVGUYXX01,2027,4500.0
GLOBAL,PWRWAVGUYXX01,2028,4500.0
GLOBAL,PWRWAVGUYXX01,2029,4500.0
GLOBAL,PWRWAVGUYXX01,2030,4500.0
GLOBAL,PWRWAVGUYXX01,2031,4390.0
GLOBAL,PWRWAVGUYXX01,2032,4280.0
GLOBAL,PWRWAVGUYXX01,2033,4170.0
GLOBAL,PWRWAVGUYXX01,2034,4060.0
GLOBAL,PWRWAVGUYXX01,2035,3950.0
GLOBAL,PWRWAVGUYXX01,2036,3840.0
GLOBAL,PWRWAVGUYXX01,2037,3730.0
GLOBAL,PWRWAVGUYXX01,2038,3620.0
GLOBAL,PWRWAVGUYXX01,2039,3510.0
GLOBAL,PWRWAVGUYXX01,2040,3400.0
GLOBAL,PWRWAVGUYXX01,2041,3400.0
GLOBAL,PWRWAVGUYXX01,2042,3400.0
GLOBAL,PWRWAVGUYXX01,2043,3400.0
GLOBAL,PWRWAVGUYXX01,2044,3400.0
GLOBAL,PWRWAVGUYXX01,2045,3400.0
GLOBAL,PWRWAVGUYXX01,2046,3400.0
GLOBAL,PWRWAVGUYXX01,2047,3400.0
GLOBAL,PWRWAVGUYXX01,2048,3400.0
GLOBAL,PWRWAVGUYXX01,2049,3400.0
GLOBAL,PWRWAVGUYXX01,2050,3400.0
GLOBAL,PWRWOFGUYXX01,2021,2900.0
GLOBAL,PWRWOFGUYXX01,2022,2900.0
GLOBAL,PWRWOFGUYXX01,2023,2900.0
GLOBAL,PWRWOFGUYXX01,2024,2900.0
GLOBAL,PWRWOFGUYXX01,2025,2900.0
GLOBAL,PWRWOFGUYXX01,2026,2900.0
GLOBAL,PWRWOFGUYXX01,2027,2900.0
GLOBAL,PWRWOFGUYXX01,2028,2900.0
GLOBAL,PWRWOFGUYXX01,2029,2900.0
GLOBAL,PWRWOFGUYXX01,2030,2900.0
GLOBAL,PWRWOFGUYXX01,2031,2820.0
GLOBAL,PWRWOFGUYXX01,2032,2740.0
GLOBAL,PWRWOFGUYXX01,2033,2660.0
GLOBAL,PWRWOFGUYXX01,2034,2580.0
GLOBAL,PWRWOFGUYXX01,2035,2500.0
GLOBAL,PWRWOFGUYXX01,2036,2420.0
GLOBAL,PWRWOFGUYXX01,2037,2340.0
GLOBAL,PWRWOFGUYXX01,2038,2260.0
GLOBAL,PWRWOFGUYXX01,2039,2180.0
GLOBAL,PWRWOFGUYXX01,2040,2100.0
GLOBAL,PWRWOFGUYXX01,2041,2100.0
GLOBAL,PWRWOFGUYXX01,2042,2100.0
GLOBAL,PWRWOFGUYXX01,2043,2100.0
GLOBAL,PWRWOFGUYXX01,2044,2100.0
GLOBAL,PWRWOFGUYXX01,2045,2100.0
GLOBAL,PWRWOFGUYXX01,2046,2100.0
GLOBAL,PWRWOFGUYXX01,2047,2100.0
GLOBAL,PWRWOFGUYXX01,2048,2100.0
GLOBAL,PWRWOFGUYXX01,2049,2100.0
GLOBAL,PWRWOFGUYXX01,2050,2100.0
GLOBAL,PWRWONGUYXX01,2021,1090.0
GLOBAL,PWRWONGUYXX01,2022,1090.0
GLOBAL,PWRWONGUYXX01,2023,1090.0
GLOBAL,PWRWONGUYXX01,2024,1090.0
GLOBAL,PWRWONGUYXX01,2025,1090.0
GLOBAL,PWRWONGUYXX01,2026,1090.0
GLOBAL,PWRWONGUYXX01,2027,1090.0
GLOBAL,PWRWONGUYXX01,2028,1090.0
GLOBAL,PWRWONGUYXX01,2029,1090.0
GLOBAL,PWRWONGUYXX01,2030,1090.0
GLOBAL,PWRWONGUYXX01,2031,1085.0
GLOBAL,PWRWONGUYXX01,2032,1080.0
GLOBAL,PWRWONGUYXX01,2033,1075.0
GLOBAL,PWRWONGUYXX01,2034,1070.0
GLOBAL,PWRWONGUYXX01,2035,1065.0
GLOBAL,PWRWONGUYXX01,2036,1060.0
GLOBAL,PWRWONGUYXX01,2037,1055.0
GLOBAL,PWRWONGUYXX01,2038,1050.0
GLOBAL,PWRWONGUYXX01,2039,1045.0
GLOBAL,PWRWONGUYXX01,2040,1040.0
GLOBAL,PWRWONGUYXX01,2041,1040.0
GLOBAL,PWRWONGUYXX01,2042,1040.0
GLOBAL,PWRWONGUYXX01,2043,1040.0
GLOBAL,PWRWONGUYXX01,2044,1040.0
GLOBAL,PWRWONGUYXX01,2045,1040.0
GLOBAL,PWRWONGUYXX01,2046,1040.0
GLOBAL,PWRWONGUYXX01,2047,1040.0
GLOBAL,PWRWONGUYXX01,2048,1040.0
GLOBAL,PWRWONGUYXX01,2049,1040.0
GLOBAL,PWRWONGUYXX01,2050,1040.0
GLOBAL,PWRBCKGUYXX,2021,999999.0
GLOBAL,PWRBCKGUYXX,2022,999999.0
GLOBAL,PWRBCKGUYXX,2023,999999.0
GLOBAL,PWRBCKGUYXX,2024,999999.0
GLOBAL,PWRBCKGUYXX,2025,999999.0
GLOBAL,PWRBCKGUYXX,2026,999999.0
GLOBAL,PWRBCKGUYXX,2027,999999.0
GLOBAL,PWRBCKGUYXX,2028,999999.0
GLOBAL,PWRBCKGUYXX,2029,999999.0
GLOBAL,PWRBCKGUYXX,2030,999999.0
GLOBAL,PWRBCKGUYXX,2031,999999.0
GLOBAL,PWRBCKGUYXX,2032,999999.0
GLOBAL,PWRBCKGUYXX,2033,999999.0
GLOBAL,PWRBCKGUYXX,2034,999999.0
GLOBAL,PWRBCKGUYXX,2035,999999.0
GLOBAL,PWRBCKGUYXX,2036,999999.0
GLOBAL,PWRBCKGUYXX,2037,999999.0
GLOBAL,PWRBCKGUYXX,2038,999999.0
GLOBAL,PWRBCKGUYXX,2039,999999.0
GLOBAL,PWRBCKGUYXX,2040,999999.0
GLOBAL,PWRBCKGUYXX,2041,999999.0
GLOBAL,PWRBCKGUYXX,2042,999999.0
GLOBAL,PWRBCKGUYXX,2043,999999.0
GLOBAL,PWRBCKGUYXX,2044,999999.0
GLOBAL,PWRBCKGUYXX,2045,999999.0
GLOBAL,PWRBCKGUYXX,2046,999999.0
GLOBAL,PWRBCKGUYXX,2047,999999.0
GLOBAL,PWRBCKGUYXX,2048,999999.0
GLOBAL,PWRBCKGUYXX,2049,999999.0
GLOBAL,PWRBCKGUYXX,2050,999999.0
GLOBAL,PWRSDSGUYXX01,2021,969.0
GLOBAL,PWRSDSGUYXX01,2022,969.0
GLOBAL,PWRSDSGUYXX01,2023,969.0
GLOBAL,PWRSDSGUYXX01,2024,969.0
GLOBAL,PWRSDSGUYXX01,2025,969.0
GLOBAL,PWRSDSGUYXX01,2026,969.0
GLOBAL,PWRSDSGUYXX01,2027,969.0
GLOBAL,PWRSDSGUYXX01,2028,969.0
GLOBAL,PWRSDSGUYXX01,2029,969.0
GLOBAL,PWRSDSGUYXX01,2030,969.0
GLOBAL,PWRSDSGUYXX01,2031,969.0
GLOBAL,PWRSDSGUYXX01,2032,969.0
GLOBAL,PWRSDSGUYXX01,2033,969.0
GLOBAL,PWRSDSGUYXX01,2034,969.0
GLOBAL,PWRSDSGUYXX01,2035,969.0
GLOBAL,PWRSDSGUYXX01,2036,969.0
GLOBAL,PWRSDSGUYXX01,2037,969.0
GLOBAL,PWRSDSGUYXX01,2038,969.0
GLOBAL,PWRSDSGUYXX01,2039,969.0
GLOBAL,PWRSDSGUYXX01,2040,969.0
GLOBAL,PWRSDSGUYXX01,2041,969.0
GLOBAL,PWRSDSGUYXX01,2042,969.0
GLOBAL,PWRSDSGUYXX01,2043,969.0
GLOBAL,PWRSDSGUYXX01,2044,969.0
GLOBAL,PWRSDSGUYXX01,2045,969.0
GLOBAL,PWRSDSGUYXX01,2046,969.0
GLOBAL,PWRSDSGUYXX01,2047,969.0
GLOBAL,PWRSDSGUYXX01,2048,969.0
GLOBAL,PWRSDSGUYXX01,2049,969.0
GLOBAL,PWRSDSGUYXX01,2050,969.0
GLOBAL,PWRLDSGUYXX01,2021,1897.0
GLOBAL,PWRLDSGUYXX01,2022,1897.0
GLOBAL,PWRLDSGUYXX01,2023,1897.0
GLOBAL,PWRLDSGUYXX01,2024,1897.0
GLOBAL,PWRLDSGUYXX01,2025,1897.0
GLOBAL,PWRLDSGUYXX01,2026,1897.0
GLOBAL,PWRLDSGUYXX01,2027,1897.0
GLOBAL,PWRLDSGUYXX01,2028,1897.0
GLOBAL,PWRLDSGUYXX01,2029,1897.0
GLOBAL,PWRLDSGUYXX01,2030,1897.0
GLOBAL,PWRLDSGUYXX01,2031,1897.0
GLOBAL,PWRLDSGUYXX01,2032,1897.0
GLOBAL,PWRLDSGUYXX01,2033,1897.0
GLOBAL,PWRLDSGUYXX01,2034,1897.0
GLOBAL,PWRLDSGUYXX01,2035,1897.0
GLOBAL,PWRLDSGUYXX01,2036,1897.0
GLOBAL,PWRLDSGUYXX01,2037,1897.0
GLOBAL,PWRLDSGUYXX01,2038,1897.0
GLOBAL,PWRLDSGUYXX01,2039,1897.0
GLOBAL,PWRLDSGUYXX01,2040,1897.0
GLOBAL,PWRLDSGUYXX01,2041,1897.0
GLOBAL,PWRLDSGUYXX01,2042,1897.0
GLOBAL,PWRLDSGUYXX01,2043,1897.0
GLOBAL,PWRLDSGUYXX01,2044,1897.0
GLOBAL,PWRLDSGUYXX01,2045,1897.0
GLOBAL,PWRLDSGUYXX01,2046,1897.0
GLOBAL,PWRLDSGUYXX01,2047,1897.0
GLOBAL,PWRLDSGUYXX01,2048,1897.0
GLOBAL,PWRLDSGUYXX01,2049,1897.0
GLOBAL,PWRLDSGUYXX01,2050,1897.0
