REGION,EMISSION,YEAR,VALUE
GLOBAL,CO2GUY,2021,2.1
GLOBAL,CO2GUY,2022,2.1
GLOBAL,CO2GUY,2023,2.1
GLOBAL,CO2GUY,2024,2.1
GLOBAL,CO2GUY,2025,2.1
GLOBAL,CO2GUY,2026,2.1
GLOBAL,CO2GUY,2027,2.1
GLOBAL,CO2GUY,2028,2.1
GLOBAL,CO2GUY,2029,2.1
GLOBAL,CO2GUY,2030,2.1
GLOBAL,CO2GUY,2031,2.1
GLOBAL,CO2GUY,2032,2.1
GLOBAL,CO2GUY,2033,2.1
GLOBAL,CO2GUY,2034,2.1
GLOBAL,CO2GUY,2035,2.1
GLOBAL,CO2GUY,2036,2.1
GLOBAL,CO2GUY,2037,2.1
GLOBAL,CO2GUY,2038,2.1
GLOBAL,CO2GUY,2039,2.1
GLOBAL,CO2GUY,2040,2.1
GLOBAL,CO2GUY,2041,2.1
GLOBAL,CO2GUY,2042,2.1
GLOBAL,CO2GUY,2043,2.1
GLOBAL,CO2GUY,2044,2.1
GLOBAL,CO2GUY,2045,2.1
GLOBAL,CO2GUY,2046,2.1
GLOBAL,CO2GUY,2047,2.1
GLOBAL,CO2GUY,2048,2.1
GLOBAL,CO2GUY,2049,2.1
GLOBAL,CO2GUY,2050,2.1
