REGION,TECHNOLOGY,YEAR,VALUE
GLOBAL,PWRBIOGUYXX01,2021,75.0
GLOBAL,PWRBIOGUYXX01,2022,75.0
GLOBAL,PWRBIOGUYXX01,2023,75.0
GLOBAL,PWRBIOGUYXX01,2024,75.0
GLOBAL,PWRBIOGUYXX01,2025,75.0
GLOBAL,PWRBIOGUYXX01,2026,75.0
GLOBAL,PWRBIOGUYXX01,2027,75.0
GLOBAL,PWRBIOGUYXX01,2028,75.0
GLOBAL,PWRBIOGUYXX01,2029,75.0
GLOBAL,PWRBIOGUYXX01,2030,75.0
GLOBAL,PWRBIOGUYXX01,2031,75.0
GLOBAL,PWRBIOGUYXX01,2032,75.0
GLOBAL,PWRBIOGUYXX01,2033,75.0
GLOBAL,PWRBIOGUYXX01,2034,75.0
GLOBAL,PWRBIOGUYXX01,2035,75.0
GLOBAL,PWRBIOGUYXX01,2036,75.0
GLOBAL,PWRBIOGUYXX01,2037,75.0
GLOBAL,PWRBIOGUYXX01,2038,75.0
GLOBAL,PWRBIOGUYXX01,2039,75.0
GLOBAL,PWRBIOGUYXX01,2040,75.0
GLOBAL,PWRBIOGUYXX01,2041,75.0
GLOBAL,PWRBIOGUYXX01,2042,75.0
GLOBAL,PWRBIOGUYXX01,2043,75.0
GLOBAL,PWRBIOGUYXX01,2044,75.0
GLOBAL,PWRBIOGUYXX01,2045,75.0
GLOBAL,PWRBIOGUYXX01,2046,75.0
GLOBAL,PWRBIOGUYXX01,2047,75.0
GLOBAL,PWRBIOGUYXX01,2048,75.0
GLOBAL,PWRBIOGUYXX01,2049,75.0
GLOBAL,PWRBIOGUYXX01,2050,75.0
GLOBAL,PWRCCGGUYXX00,2021,25.0
GLOBAL,PWRCCGGUYXX00,2022,25.0
GLOBAL,PWRCCGGUYXX00,2023,25.0
GLOBAL,PWRCCGGUYXX00,2024,25.0
GLOBAL,PWRCCGGUYXX00,2025,25.0
GLOBAL,PWRCCGGUYXX00,2026,25.0
GLOBAL,PWRCCGGUYXX00,2027,25.0
GLOBAL,PWRCCGGUYXX00,2028,25.0
GLOBAL,PWRCCGGUYXX00,2029,25.0
GLOBAL,PWRCCGGUYXX00,2030,25.0
GLOBAL,PWRCCGGUYXX00,2031,25.0
GLOBAL,PWRCCGGUYXX00,2032,25.0
GLOBAL,PWRCCGGUYXX00,2033,25.0
GLOBAL,PWRCCGGUYXX00,2034,25.0
GLOBAL,PWRCCGGUYXX00,2035,25.0
GLOBAL,PWRCCGGUYXX00,2036,25.0
GLOBAL,PWRCCGGUYXX00,2037,25.0
GLOBAL,PWRCCGGUYXX00,2038,25.0
GLOBAL,PWRCCGGUYXX00,2039,25.0
GLOBAL,PWRCCGGUYXX00,2040,25.0
GLOBAL,PWRCCGGUYXX00,2041,25.0
GLOBAL,PWRCCGGUYXX00,2042,25.0
GLOBAL,PWRCCGGUYXX00,2043,25.0
GLOBAL,PWRCCGGUYXX00,2044,25.0
GLOBAL,PWRCCGGUYXX00,2045,25.0
GLOBAL,PWRCCGGUYXX00,2046,25.0
GLOBAL,PWRCCGGUYXX00,2047,25.0
GLOBAL,PWRCCGGUYXX00,2048,25.0
GLOBAL,PWRCCGGUYXX00,2049,25.0
GLOBAL,PWRCCGGUYXX00,2050,25.0
GLOBAL,PWRCCGGUYXX01,2021,25.0
GLOBAL,PWRCCGGUYXX01,2022,25.0
GLOBAL,PWRCCGGUYXX01,2023,25.0
GLOBAL,PWRCCGGUYXX01,2024,25.0
GLOBAL,PWRCCGGUYXX01,2025,25.0
GLOBAL,PWRCCGGUYXX01,2026,25.0
GLOBAL,PWRCCGGUYXX01,2027,25.0
GLOBAL,PWRCCGGUYXX01,2028,25.0
GLOBAL,PWRCCGGUYXX01,2029,25.0
GLOBAL,PWRCCGGUYXX01,2030,25.0
GLOBAL,PWRCCGGUYXX01,2031,25.0
GLOBAL,PWRCCGGUYXX01,2032,25.0
GLOBAL,PWRCCGGUYXX01,2033,25.0
GLOBAL,PWRCCGGUYXX01,2034,25.0
GLOBAL,PWRCCGGUYXX01,2035,25.0
GLOBAL,PWRCCGGUYXX01,2036,25.0
GLOBAL,PWRCCGGUYXX01,2037,25.0
GLOBAL,PWRCCGGUYXX01,2038,25.0
GLOBAL,PWRCCGGUYXX01,2039,25.0
GLOBAL,PWRCCGGUYXX01,2040,25.0
GLOBAL,PWRCCGGUYXX01,2041,25.0
GLOBAL,PWRCCGGUYXX01,2042,25.0
GLOBAL,PWRCCGGUYXX01,2043,25.0
GLOBAL,PWRCCGGUYXX01,2044,25.0
GLOBAL,PWRCCGGUYXX01,2045,25.0
GLOBAL,PWRCCGGUYXX01,2046,25.0
GLOBAL,PWRCCGGUYXX01,2047,25.0
GLOBAL,PWRCCGGUYXX01,2048,25.0
GLOBAL,PWRCCGGUYXX01,2049,25.0
GLOBAL,PWRCCGGUYXX01,2050,25.0
GLOBAL,PWRCCSGUYXX01,2021,172.5
GLOBAL,PWRCCSGUYXX01,2022,172.5
GLOBAL,PWRCCSGUYXX01,2023,172.5
GLOBAL,PWRCCSGUYXX01,2024,172.5
GLOBAL,PWRCCSGUYXX01,2025,172.5
GLOBAL,PWRCCSGUYXX01,2026,172.5
GLOBAL,PWRCCSGUYXX01,2027,172.5
GLOBAL,PWRCCSGUYXX01,2028,172.5
GLOBAL,PWRCCSGUYXX01,2029,172.5
GLOBAL,PWRCCSGUYXX01,2030,172.5
GLOBAL,PWRCCSGUYXX01,2031,170.5
GLOBAL,PWRCCSGUYXX01,2032,168.5
GLOBAL,PWRCCSGUYXX01,2033,166.5
GLOBAL,PWRCCSGUYXX01,2034,164.5
GLOBAL,PWRCCSGUYXX01,2035,162.5
GLOBAL,PWRCCSGUYXX01,2036,160.5
GLOBAL,PWRCCSGUYXX01,2037,158.5
GLOBAL,PWRCCSGUYXX01,2038,156.5
GLOBAL,PWRCCSGUYXX01,2039,154.5
GLOBAL,PWRCCSGUYXX01,2040,152.5
GLOBAL,PWRCCSGUYXX01,2041,152.5
GLOBAL,PWRCCSGUYXX01,2042,152.5
GLOBAL,PWRCCSGUYXX01,2043,152.5
GLOBAL,PWRCCSGUYXX01,2044,152.5
GLOBAL,PWRCCSGUYXX01,2045,152.5
GLOBAL,PWRCCSGUYXX01,2046,152.5
GLOBAL,PWRCCSGUYXX01,2047,152.5
GLOBAL,PWRCCSGUYXX01,2048,152.5
GLOBAL,PWRCCSGUYXX01,2049,152.5
GLOBAL,PWRCCSGUYXX01,2050,152.5
GLOBAL,PWRCOAGUYXX01,2021,60.0
GLOBAL,PWRCOAGUYXX01,2022,60.0
GLOBAL,PWRCOAGUYXX01,2023,60.0
GLOBAL,PWRCOAGUYXX01,2024,60.0
GLOBAL,PWRCOAGUYXX01,2025,60.0
GLOBAL,PWRCOAGUYXX01,2026,60.0
GLOBAL,PWRCOAGUYXX01,2027,60.0
GLOBAL,PWRCOAGUYXX01,2028,60.0
GLOBAL,PWRCOAGUYXX01,2029,60.0
GLOBAL,PWRCOAGUYXX01,2030,60.0
GLOBAL,PWRCOAGUYXX01,2031,60.0
GLOBAL,PWRCOAGUYXX01,2032,60.0
GLOBAL,PWRCOAGUYXX01,2033,60.0
GLOBAL,PWRCOAGUYXX01,2034,60.0
GLOBAL,PWRCOAGUYXX01,2035,60.0
GLOBAL,PWRCOAGUYXX01,2036,60.0
GLOBAL,PWRCOAGUYXX01,2037,60.0
GLOBAL,PWRCOAGUYXX01,2038,60.0
GLOBAL,PWRCOAGUYXX01,2039,60.0
GLOBAL,PWRCOAGUYXX01,2040,60.0
GLOBAL,PWRCOAGUYXX01,2041,60.0
GLOBAL,PWRCOAGUYXX01,2042,60.0
GLOBAL,PWRCOAGUYXX01,2043,60.0
GLOBAL,PWRCOAGUYXX01,2044,60.0
GLOBAL,PWRCOAGUYXX01,2045,60.0
GLOBAL,PWRCOAGUYXX01,2046,60.0
GLOBAL,PWRCOAGUYXX01,2047,60.0
GLOBAL,PWRCOAGUYXX01,2048,60.0
GLOBAL,PWRCOAGUYXX01,2049,60.0
GLOBAL,PWRCOAGUYXX01,2050,60.0
GLOBAL,PWRCOGGUYXX01,2021,35.0
GLOBAL,PWRCOGGUYXX01,2022,35.0
GLOBAL,PWRCOGGUYXX01,2023,35.0
GLOBAL,PWRCOGGUYXX01,2024,35.0
GLOBAL,PWRCOGGUYXX01,2025,35.0
GLOBAL,PWRCOGGUYXX01,2026,35.0
GLOBAL,PWRCOGGUYXX01,2027,35.0
GLOBAL,PWRCOGGUYXX01,2028,35.0
GLOBAL,PWRCOGGUYXX01,2029,35.0
GLOBAL,PWRCOGGUYXX01,2030,35.0
GLOBAL,PWRCOGGUYXX01,2031,35.0
GLOBAL,PWRCOGGUYXX01,2032,35.0
GLOBAL,PWRCOGGUYXX01,2033,35.0
GLOBAL,PWRCOGGUYXX01,2034,35.0
GLOBAL,PWRCOGGUYXX01,2035,35.0
GLOBAL,PWRCOGGUYXX01,2036,35.0
GLOBAL,PWRCOGGUYXX01,2037,35.0
GLOBAL,PWRCOGGUYXX01,2038,35.0
GLOBAL,PWRCOGGUYXX01,2039,35.0
GLOBAL,PWRCOGGUYXX01,2040,35.0
GLOBAL,PWRCOGGUYXX01,2041,35.0
GLOBAL,PWRCOGGUYXX01,2042,35.0
GLOBAL,PWRCOGGUYXX01,2043,35.0
GLOBAL,PWRCOGGUYXX01,2044,35.0
GLOBAL,PWRCOGGUYXX01,2045,35.0
GLOBAL,PWRCOGGUYXX01,2046,35.0
GLOBAL,PWRCOGGUYXX01,2047,35.0
GLOBAL,PWRCOGGUYXX01,2048,35.0
GLOBAL,PWRCOGGUYXX01,2049,35.0
GLOBAL,PWRCOGGUYXX01,2050,35.0
GLOBAL,PWRCSPGUYXX01,2021,170.0
GLOBAL,PWRCSPGUYXX01,2022,170.0
GLOBAL,PWRCSPGUYXX01,2023,170.0
GLOBAL,PWRCSPGUYXX01,2024,170.0
GLOBAL,PWRCSPGUYXX01,2025,170.0
GLOBAL,PWRCSPGUYXX01,2026,170.0
GLOBAL,PWRCSPGUYXX01,2027,170.0
GLOBAL,PWRCSPGUYXX01,2028,170.0
GLOBAL,PWRCSPGUYXX01,2029,170.0
GLOBAL,PWRCSPGUYXX01,2030,170.0
GLOBAL,PWRCSPGUYXX01,2031,167.0
GLOBAL,PWRCSPGUYXX01,2032,164.0
GLOBAL,PWRCSPGUYXX01,2033,161.0
GLOBAL,PWRCSPGUYXX01,2034,158.0
GLOBAL,PWRCSPGUYXX01,2035,155.0
GLOBAL,PWRCSPGUYXX01,2036,152.0
GLOBAL,PWRCSPGUYXX01,2037,149.0
GLOBAL,PWRCSPGUYXX01,2038,146.0
GLOBAL,PWRCSPGUYXX01,2039,143.0
GLOBAL,PWRCSPGUYXX01,2040,140.0
GLOBAL,PWRCSPGUYXX01,2041,140.0
GLOBAL,PWRCSPGUYXX01,2042,140.0
GLOBAL,PWRCSPGUYXX01,2043,140.0
GLOBAL,PWRCSPGUYXX01,2044,140.0
GLOBAL,PWRCSPGUYXX01,2045,140.0
GLOBAL,PWRCSPGUYXX01,2046,140.0
GLOBAL,PWRCSPGUYXX01,2047,140.0
GLOBAL,PWRCSPGUYXX01,2048,140.0
GLOBAL,PWRCSPGUYXX01,2049,140.0
GLOBAL,PWRCSPGUYXX01,2050,140.0
GLOBAL,PWRGEOGUYXX01,2021,50.0
GLOBAL,PWRGEOGUYXX01,2022,50.0
GLOBAL,PWRGEOGUYXX01,2023,50.0
GLOBAL,PWRGEOGUYXX01,2024,50.0
GLOBAL,PWRGEOGUYXX01,2025,50.0
GLOBAL,PWRGEOGUYXX01,2026,50.0
GLOBAL,PWRGEOGUYXX01,2027,50.0
GLOBAL,PWRGEOGUYXX01,2028,50.0
GLOBAL,PWRGEOGUYXX01,2029,50.0
GLOBAL,PWRGEOGUYXX01,2030,50.0
GLOBAL,PWRGEOGUYXX01,2031,50.0
GLOBAL,PWRGEOGUYXX01,2032,50.0
GLOBAL,PWRGEOGUYXX01,2033,50.0
GLOBAL,PWRGEOGUYXX01,2034,50.0
GLOBAL,PWRGEOGUYXX01,2035,50.0
GLOBAL,PWRGEOGUYXX01,2036,50.0
GLOBAL,PWRGEOGUYXX01,2037,50.0
GLOBAL,PWRGEOGUYXX01,2038,50.0
GLOBAL,PWRGEOGUYXX01,2039,50.0
GLOBAL,PWRGEOGUYXX01,2040,50.0
GLOBAL,PWRGEOGUYXX01,2041,50.0
GLOBAL,PWRGEOGUYXX01,2042,50.0
GLOBAL,PWRGEOGUYXX01,2043,50.0
GLOBAL,PWRGEOGUYXX01,2044,50.0
GLOBAL,PWRGEOGUYXX01,2045,50.0
GLOBAL,PWRGEOGUYXX01,2046,50.0
GLOBAL,PWRGEOGUYXX01,2047,50.0
GLOBAL,PWRGEOGUYXX01,2048,50.0
GLOBAL,PWRGEOGUYXX01,2049,50.0
GLOBAL,PWRGEOGUYXX01,2050,50.0
GLOBAL,PWRHYDGUYXX01,2021,50.0
GLOBAL,PWRHYDGUYXX01,2022,50.0
GLOBAL,PWRHYDGUYXX01,2023,50.0
GLOBAL,PWRHYDGUYXX01,2024,50.0
GLOBAL,PWRHYDGUYXX01,2025,50.0
GLOBAL,PWRHYDGUYXX01,2026,50.0
GLOBAL,PWRHYDGUYXX01,2027,50.0
GLOBAL,PWRHYDGUYXX01,2028,50.0
GLOBAL,PWRHYDGUYXX01,2029,50.0
GLOBAL,PWRHYDGUYXX01,2030,50.0
GLOBAL,PWRHYDGUYXX01,2031,50.0
GLOBAL,PWRHYDGUYXX01,2032,50.0
GLOBAL,PWRHYDGUYXX01,2033,50.0
GLOBAL,PWRHYDGUYXX01,2034,50.0
GLOBAL,PWRHYDGUYXX01,2035,50.0
GLOBAL,PWRHYDGUYXX01,2036,50.0
GLOBAL,PWRHYDGUYXX01,2037,50.0
GLOBAL,PWRHYDGUYXX01,2038,50.0
GLOBAL,PWRHYDGUYXX01,2039,50.0
GLOBAL,PWRHYDGUYXX01,2040,50.0
GLOBAL,PWRHYDGUYXX01,2041,50.0
GLOBAL,PWRHYDGUYXX01,2042,50.0
GLOBAL,PWRHYDGUYXX01,2043,50.0
GLOBAL,PWRHYDGUYXX01,2044,50.0
GLOBAL,PWRHYDGUYXX01,2045,50.0
GLOBAL,PWRHYDGUYXX01,2046,50.0
GLOBAL,PWRHYDGUYXX01,2047,50.0
GLOBAL,PWRHYDGUYXX01,2048,50.0
GLOBAL,PWRHYDGUYXX01,2049,50.0
GLOBAL,PWRHYDGUYXX01,2050,50.0
GLOBAL,PWROCGGUYXX00,2021,20.0
GLOBAL,PWROCGGUYXX00,2022,20.0
GLOBAL,PWROCGGUYXX00,2023,20.0
GLOBAL,PWROCGGUYXX00,2024,20.0
GLOBAL,PWROCGGUYXX00,2025,20.0
GLOBAL,PWROCGGUYXX00,2026,20.0
GLOBAL,PWROCGGUYXX00,2027,20.0
GLOBAL,PWROCGGUYXX00,2028,20.0
GLOBAL,PWROCGGUYXX00,2029,20.0
GLOBAL,PWROCGGUYXX00,2030,20.0
GLOBAL,PWROCGGUYXX00,2031,20.0
GLOBAL,PWROCGGUYXX00,2032,20.0
GLOBAL,PWROCGGUYXX00,2033,20.0
GLOBAL,PWROCGGUYXX00,2034,20.0
GLOBAL,PWROCGGUYXX00,2035,20.0
GLOBAL,PWROCGGUYXX00,2036,20.0
GLOBAL,PWROCGGUYXX00,2037,20.0
GLOBAL,PWROCGGUYXX00,2038,20.0
GLOBAL,PWROCGGUYXX00,2039,20.0
GLOBAL,PWROCGGUYXX00,2040,20.0
GLOBAL,PWROCGGUYXX00,2041,20.0
GLOBAL,PWROCGGUYXX00,2042,20.0
GLOBAL,PWROCGGUYXX00,2043,20.0
GLOBAL,PWROCGGUYXX00,2044,20.0
GLOBAL,PWROCGGUYXX00,2045,20.0
GLOBAL,PWROCGGUYXX00,2046,20.0
GLOBAL,PWROCGGUYXX00,2047,20.0
GLOBAL,PWROCGGUYXX00,2048,20.0
GLOBAL,PWROCGGUYXX00,2049,20.0
GLOBAL,PWROCGGUYXX00,2050,20.0
GLOBAL,PWROCGGUYXX01,2021,20.0
GLOBAL,PWROCGGUYXX01,2022,20.0
GLOBAL,PWROCGGUYXX01,2023,20.0
GLOBAL,PWROCGGUYXX01,2024,20.0
GLOBAL,PWROCGGUYXX01,2025,20.0
GLOBAL,PWROCGGUYXX01,2026,20.0
GLOBAL,PWROCGGUYXX01,2027,20.0
GLOBAL,PWROCGGUYXX01,2028,20.0
GLOBAL,PWROCGGUYXX01,2029,20.0
GLOBAL,PWROCGGUYXX01,2030,20.0
GLOBAL,PWROCGGUYXX01,2031,20.0
GLOBAL,PWROCGGUYXX01,2032,20.0
GLOBAL,PWROCGGUYXX01,2033,20.0
GLOBAL,PWROCGGUYXX01,2034,20.0
GLOBAL,PWROCGGUYXX01,2035,20.0
GLOBAL,PWROCGGUYXX01,2036,20.0
GLOBAL,PWROCGGUYXX01,2037,20.0
GLOBAL,PWROCGGUYXX01,2038,20.0
GLOBAL,PWROCGGUYXX01,2039,20.0
GLOBAL,PWROCGGUYXX01,2040,20.0
GLOBAL,PWROCGGUYXX01,2041,20.0
GLOBAL,PWROCGGUYXX01,2042,20.0
GLOBAL,PWROCGGUYXX01,2043,20.0
GLOBAL,PWROCGGUYXX01,2044,20.0
GLOBAL,PWROCGGUYXX01,2045,20.0
GLOBAL,PWROCGGUYXX01,2046,20.0
GLOBAL,PWROCGGUYXX01,2047,20.0
GLOBAL,PWROCGGUYXX01,2048,20.0
GLOBAL,PWROCGGUYXX01,2049,20.0
GLOBAL,PWROCGGUYXX01,2050,20.0
GLOBAL,PWROILGUYXX01,2021,21.0
GLOBAL,PWROILGUYXX01,2022,21.0
GLOBAL,PWROILGUYXX01,2023,21.0
GLOBAL,PWROILGUYXX01,2024,21.0
GLOBAL,PWROILGUYXX01,2025,21.0
GLOBAL,PWROILGUYXX01,2026,21.0
GLOBAL,PWROILGUYXX01,2027,21.0
GLOBAL,PWROILGUYXX01,2028,21.0
GLOBAL,PWROILGUYXX01,2029,21.0
GLOBAL,PWROILGUYXX01,2030,21.0
GLOBAL,PWROILGUYXX01,2031,21.0
GLOBAL,PWROILGUYXX01,2032,21.0
GLOBAL,PWROILGUYXX01,2033,21.0
GLOBAL,PWROILGUYXX01,2034,21.0
GLOBAL,PWROILGUYXX01,2035,21.0
GLOBAL,PWROILGUYXX01,2036,21.0
GLOBAL,PWROILGUYXX01,2037,21.0
GLOBAL,PWROILGUYXX01,2038,21.0
GLOBAL,PWROILGUYXX01,2039,21.0
GLOBAL,PWROILGUYXX01,2040,21.0
GLOBAL,PWROILGUYXX01,2041,21.0
GLOBAL,PWROILGUYXX01,2042,21.0
GLOBAL,PWROILGUYXX01,2043,21.0
GLOBAL,PWROILGUYXX01,2044,21.0
GLOBAL,PWROILGUYXX01,2045,21.0
GLOBAL,PWROILGUYXX01,2046,21.0
GLOBAL,PWROILGUYXX01,2047,21.0
GLOBAL,PWROILGUYXX01,2048,21.0
GLOBAL,PWROILGUYXX01,2049,21.0
GLOBAL,PWROILGUYXX01,2050,21.0
GLOBAL,PWROTHGUYXX01,2021,21.0
GLOBAL,PWROTHGUYXX01,2022,21.0
GLOBAL,PWROTHGUYXX01,2023,21.0
GLOBAL,PWROTHGUYXX01,2024,21.0
GLOBAL,PWROTHGUYXX01,2025,21.0
GLOBAL,PWROTHGUYXX01,2026,21.0
GLOBAL,PWROTHGUYXX01,2027,21.0
GLOBAL,PWROTHGUYXX01,2028,21.0
GLOBAL,PWROTHGUYXX01,2029,21.0
GLOBAL,PWROTHGUYXX01,2030,21.0
GLOBAL,PWROTHGUYXX01,2031,21.0
GLOBAL,PWROTHGUYXX01,2032,21.0
GLOBAL,PWROTHGUYXX01,2033,21.0
GLOBAL,PWROTHGUYXX01,2034,21.0
GLOBAL,PWROTHGUYXX01,2035,21.0
GLOBAL,PWROTHGUYXX01,2036,21.0
GLOBAL,PWROTHGUYXX01,2037,21.0
GLOBAL,PWROTHGUYXX01,2038,21.0
GLOBAL,PWROTHGUYXX01,2039,21.0
GLOBAL,PWROTHGUYXX01,2040,21.0
GLOBAL,PWROTHGUYXX01,2041,21.0
GLOBAL,PWROTHGUYXX01,2042,21.0
GLOBAL,PWROTHGUYXX01,2043,21.0
GLOBAL,PWROTHGUYXX01,2044,21.0
GLOBAL,PWROTHGUYXX01,2045,21.0
GLOBAL,PWROTHGUYXX01,2046,21.0
GLOBAL,PWROTHGUYXX01,2047,21.0
GLOBAL,PWROTHGUYXX01,2048,21.0
GLOBAL,PWROTHGUYXX01,2049,21.0
GLOBAL,PWROTHGUYXX01,2050,21.0
GLOBAL,PWRPETGUYXX01,2021,21.0
GLOBAL,PWRPETGUYXX01,2022,21.0
GLOBAL,PWRPETGUYXX01,2023,21.0
GLOBAL,PWRPETGUYXX01,2024,21.0
GLOBAL,PWRPETGUYXX01,2025,21.0
GLOBAL,PWRPETGUYXX01,2026,21.0
GLOBAL,PWRPETGUYXX01,2027,21.0
GLOBAL,PWRPETGUYXX01,2028,21.0
GLOBAL,PWRPETGUYXX01,2029,21.0
GLOBAL,PWRPETGUYXX01,2030,21.0
GLOBAL,PWRPETGUYXX01,2031,21.0
GLOBAL,PWRPETGUYXX01,2032,21.0
GLOBAL,PWRPETGUYXX01,2033,21.0
GLOBAL,PWRPETGUYXX01,2034,21.0
GLOBAL,PWRPETGUYXX01,2035,21.0
GLOBAL,PWRPETGUYXX01,2036,21.0
GLOBAL,PWRPETGUYXX01,2037,21.0
GLOBAL,PWRPETGUYXX01,2038,21.0
GLOBAL,PWRPETGUYXX01,2039,21.0
GLOBAL,PWRPETGUYXX01,2040,21.0
GLOBAL,PWRPETGUYXX01,2041,21.0
GLOBAL,PWRPETGUYXX01,2042,21.0
GLOBAL,PWRPETGUYXX01,2043,21.0
GLOBAL,PWRPETGUYXX01,2044,21.0
GLOBAL,PWRPETGUYXX01,2045,21.0
GLOBAL,PWRPETGUYXX01,2046,21.0
GLOBAL,PWRPETGUYXX01,2047,21.0
GLOBAL,PWRPETGUYXX01,2048,21.0
GLOBAL,PWRPETGUYXX01,2049,21.0
GLOBAL,PWRPETGUYXX01,2050,21.0
GLOBAL,PWRSPVGUYXX01,2021,12.0
GLOBAL,PWRSPVGUYXX01,2022,12.0
GLOBAL,PWRSPVGUYXX01,2023,12.0
GLOBAL,PWRSPVGUYXX01,2024,12.0
GLOBAL,PWRSPVGUYXX01,2025,12.0
GLOBAL,PWRSPVGUYXX01,2026,12.0
GLOBAL,PWRSPVGUYXX01,2027,12.0
GLOBAL,PWRSPVGUYXX01,2028,12.0
GLOBAL,PWRSPVGUYXX01,2029,12.0
GLOBAL,PWRSPVGUYXX01,2030,12.0
GLOBAL,PWRSPVGUYXX01,2031,11.8
GLOBAL,PWRSPVGUYXX01,2032,11.6
GLOBAL,PWRSPVGUYXX01,2033,11.4
GLOBAL,PWRSPVGUYXX01,2034,11.2
GLOBAL,PWRSPVGUYXX01,2035,11.0
GLOBAL,PWRSPVGUYXX01,2036,10.8
GLOBAL,PWRSPVGUYXX01,2037,10.6
GLOBAL,PWRSPVGUYXX01,2038,10.4
GLOBAL,PWRSPVGUYXX01,2039,10.2
GLOBAL,PWRSPVGUYXX01,2040,10.0
GLOBAL,PWRSPVGUYXX01,2041,10.0
GLOBAL,PWRSPVGUYXX01,2042,10.0
GLOBAL,PWRSPVGUYXX01,2043,10.0
GLOBAL,PWRSPVGUYXX01,2044,10.0
GLOBAL,PWRSPVGUYXX01,2045,10.0
GLOBAL,PWRSPVGUYXX01,2046,10.0
GLOBAL,PWRSPVGUYXX01,2047,10.0
GLOBAL,PWRSPVGUYXX01,2048,10.0
GLOBAL,PWRSPVGUYXX01,2049,10.0
GLOBAL,PWRSPVGUYXX01,2050,10.0
GLOBAL,PWRURNGUYXX01,2021,170.0
GLOBAL,PWRURNGUYXX01,2022,170.0
GLOBAL,PWRURNGUYXX01,2023,170.0
GLOBAL,PWRURNGUYXX01,2024,170.0
GLOBAL,PWRURNGUYXX01,2025,170.0
GLOBAL,PWRURNGUYXX01,2026,170.0
GLOBAL,PWRURNGUYXX01,2027,170.0
GLOBAL,PWRURNGUYXX01,2028,170.0
GLOBAL,PWRURNGUYXX01,2029,170.0
GLOBAL,PWRURNGUYXX01,2030,170.0
GLOBAL,PWRURNGUYXX01,2031,170.0
GLOBAL,PWRURNGUYXX01,2032,170.0
GLOBAL,PWRURNGUYXX01,2033,170.0
GLOBAL,PWRURNGUYXX01,2034,170.0
GLOBAL,PWRURNGUYXX01,2035,170.0
GLOBAL,PWRURNGUYXX01,2036,170.0
GLOBAL,PWRURNGUYXX01,2037,170.0
GLOBAL,PWRURNGUYXX01,2038,170.0
GLOBAL,PWRURNGUYXX01,2039,170.0
GLOBAL,PWRURNGUYXX01,2040,170.0
GLOBAL,PWRURNGUYXX01,2041,170.0
GLOBAL,PWRURNGUYXX01,2042,170.0
GLOBAL,PWRURNGUYXX01,2043,170.0
GLOBAL,PWRURNGUYXX01,2044,170.0
GLOBAL,PWRURNGUYXX01,2045,170.0
GLOBAL,PWRURNGUYXX01,2046,170.0
GLOBAL,PWRURNGUYXX01,2047,170.0
GLOBAL,PWRURNGUYXX01,2048,170.0
GLOBAL,PWRURNGUYXX01,2049,170.0
GLOBAL,PWRURNGUYXX01,2050,170.0
GLOBAL,PWRWASGUYXX01,2021,250.0
GLOBAL,PWRWASGUYXX01,2022,250.0
GLOBAL,PWRWASGUYXX01,2023,250.0
GLOBAL,PWRWASGUYXX01,2024,250.0
GLOBAL,PWRWASGUYXX01,2025,250.0
GLOBAL,PWRWASGUYXX01,2026,250.0
GLOBAL,PWRWASGUYXX01,2027,250.0
GLOBAL,PWRWASGUYXX01,2028,250.0
GLOBAL,PWRWASGUYXX01,2029,250.0
GLOBAL,PWRWASGUYXX01,2030,250.0
GLOBAL,PWRWASGUYXX01,2031,250.0
GLOBAL,PWRWASGUYXX01,2032,250.0
GLOBAL,PWRWASGUYXX01,2033,250.0
GLOBAL,PWRWASGUYXX01,2034,250.0
GLOBAL,PWRWASGUYXX01,2035,250.0
GLOBAL,PWRWASGUYXX01,2036,250.0
GLOBAL,PWRWASGUYXX01,2037,250.0
GLOBAL,PWRWASGUYXX01,2038,250.0
GLOBAL,PWRWASGUYXX01,2039,250.0
GLOBAL,PWRWASGUYXX01,2040,250.0
GLOBAL,PWRWASGUYXX01,2041,250.0
GLOBAL,PWRWASGUYXX01,2042,250.0
GLOBAL,PWRWASGUYXX01,2043,250.0
GLOBAL,PWRWASGUYXX01,2044,250.0
GLOBAL,PWRWASGUYXX01,2045,250.0
GLOBAL,PWRWASGUYXX01,2046,250.0
GLOBAL,PWRWASGUYXX01,2047,250.0
GLOBAL,PWRWASGUYXX01,2048,250.0
GLOBAL,PWRWASGUYXX01,2049,250.0
GLOBAL,PWRWASGUYXX01,2050,250.0
GLOBAL,PWRWAVGUYXX01,2021,135.0
GLOBAL,PWRWAVGUYXX01,2022,135.0
GLOBAL,PWRWAVGUYXX01,2023,135.0
GLOBAL,PWRWAVGUYXX01,2024,135.0
GLOBAL,PWRWAVGUYXX01,2025,135.0
GLOBAL,PWRWAVGUYXX01,2026,135.0
GLOBAL,PWRWAVGUYXX01,2027,135.0
GLOBAL,PWRWAVGUYXX01,2028,135.0
GLOBAL,PWRWAVGUYXX01,2029,135.0
GLOBAL,PWRWAVGUYXX01,2030,135.0
GLOBAL,PWRWAVGUYXX01,2031,131.5
GLOBAL,PWRWAVGUYXX01,2032,128.0
GLOBAL,PWRWAVGUYXX01,2033,124.5
GLOBAL,PWRWAVGUYXX01,2034,121.0
GLOBAL,PWRWAVGUYXX01,2035,117.5
GLOBAL,PWRWAVGUYXX01,2036,114.0
GLOBAL,PWRWAVGUYXX01,2037,110.5
GLOBAL,PWRWAVGUYXX01,2038,107.0
GLOBAL,PWRWAVGUYXX01,2039,103.5
GLOBAL,PWRWAVGUYXX01,2040,100.0
GLOBAL,PWRWAVGUYXX01,2041,100.0
GLOBAL,PWRWAVGUYXX01,2042,100.0
GLOBAL,PWRWAVGUYXX01,2043,100.0
GLOBAL,PWRWAVGUYXX01,2044,100.0
GLOBAL,PWRWAVGUYXX01,2045,100.0
GLOBAL,PWRWAVGUYXX01,2046,100.0
GLOBAL,PWRWAVGUYXX01,2047,100.0
GLOBAL,PWRWAVGUYXX01,2048,100.0
GLOBAL,PWRWAVGUYXX01,2049,100.0
GLOBAL,PWRWAVGUYXX01,2050,100.0
GLOBAL,PWRWOFGUYXX01,2021,80.0
GLOBAL,PWRWOFGUYXX01,2022,80.0
GLOBAL,PWRWOFGUYXX01,2023,80.0
GLOBAL,PWRWOFGUYXX01,2024,80.0
GLOBAL,PWRWOFGUYXX01,2025,80.0
GLOBAL,PWRWOFGUYXX01,2026,80.0
GLOBAL,PWRWOFGUYXX01,2027,80.0
GLOBAL,PWRWOFGUYXX01,2028,80.0
GLOBAL,PWRWOFGUYXX01,2029,80.0
GLOBAL,PWRWOFGUYXX01,2030,80.0
GLOBAL,PWRWOFGUYXX01,2031,78.5
GLOBAL,PWRWOFGUYXX01,2032,77.0
GLOBAL,PWRWOFGUYXX01,2033,75.5
GLOBAL,PWRWOFGUYXX01,2034,74.0
GLOBAL,PWRWOFGUYXX01,2035,72.5
GLOBAL,PWRWOFGUYXX01,2036,71.0
GLOBAL,PWRWOFGUYXX01,2037,69.5
GLOBAL,PWRWOFGUYXX01,2038,68.0
GLOBAL,PWRWOFGUYXX01,2039,66.5
GLOBAL,PWRWOFGUYXX01,2040,65.0
GLOBAL,PWRWOFGUYXX01,2041,65.0
GLOBAL,PWRWOFGUYXX01,2042,65.0
GLOBAL,PWRWOFGUYXX01,2043,65.0
GLOBAL,PWRWOFGUYXX01,2044,65.0
GLOBAL,PWRWOFGUYXX01,2045,65.0
GLOBAL,PWRWOFGUYXX01,2046,65.0
GLOBAL,PWRWOFGUYXX01,2047,65.0
GLOBAL,PWRWOFGUYXX01,2048,65.0
GLOBAL,PWRWOFGUYXX01,2049,65.0
GLOBAL,PWRWOFGUYXX01,2050,65.0
GLOBAL,PWRWONGUYXX01,2021,28.0
GLOBAL,PWRWONGUYXX01,2022,28.0
GLOBAL,PWRWONGUYXX01,2023,28.0
GLOBAL,PWRWONGUYXX01,2024,28.0
GLOBAL,PWRWONGUYXX01,2025,28.0
GLOBAL,PWRWONGUYXX01,2026,28.0
GLOBAL,PWRWONGUYXX01,2027,28.0
GLOBAL,PWRWONGUYXX01,2028,28.0
GLOBAL,PWRWONGUYXX01,2029,28.0
GLOBAL,PWRWONGUYXX01,2030,28.0
GLOBAL,PWRWONGUYXX01,2031,27.8
GLOBAL,PWRWONGUYXX01,2032,27.6
GLOBAL,PWRWONGUYXX01,2033,27.4
GLOBAL,PWRWONGUYXX01,2034,27.2
GLOBAL,PWRWONGUYXX01,2035,27.0
GLOBAL,PWRWONGUYXX01,2036,26.8
GLOBAL,PWRWONGUYXX01,2037,26.6
GLOBAL,PWRWONGUYXX01,2038,26.4
GLOBAL,PWRWONGUYXX01,2039,26.2
GLOBAL,PWRWONGUYXX01,2040,26.0
GLOBAL,PWRWONGUYXX01,2041,26.0
GLOBAL,PWRWONGUYXX01,2042,26.0
GLOBAL,PWRWONGUYXX01,2043,26.0
GLOBAL,PWRWONGUYXX01,2044,26.0
GLOBAL,PWRWONGUYXX01,2045,26.0
GLOBAL,PWRWONGUYXX01,2046,26.0
GLOBAL,PWRWONGUYXX01,2047,26.0
GLOBAL,PWRWONGUYXX01,2048,26.0
GLOBAL,PWRWONGUYXX01,2049,26.0
GLOBAL,PWRWONGUYXX01,2050,26.0
GLOBAL,PWRBCKGUYXX,2021,999999.0
GLOBAL,PWRBCKGUYXX,2022,999999.0
GLOBAL,PWRBCKGUYXX,2023,999999.0
GLOBAL,PWRBCKGUYXX,2024,999999.0
GLOBAL,PWRBCKGUYXX,2025,999999.0
GLOBAL,PWRBCKGUYXX,2026,999999.0
GLOBAL,PWRBCKGUYXX,2027,999999.0
GLOBAL,PWRBCKGUYXX,2028,999999.0
GLOBAL,PWRBCKGUYXX,2029,999999.0
GLOBAL,PWRBCKGUYXX,2030,999999.0
GLOBAL,PWRBCKGUYXX,2031,999999.0
GLOBAL,PWRBCKGUYXX,2032,999999.0
GLOBAL,PWRBCKGUYXX,2033,999999.0
GLOBAL,PWRBCKGUYXX,2034,999999.0
GLOBAL,PWRBCKGUYXX,2035,999999.0
GLOBAL,PWRBCKGUYXX,2036,999999.0
GLOBAL,PWRBCKGUYXX,2037,999999.0
GLOBAL,PWRBCKGUYXX,2038,999999.0
GLOBAL,PWRBCKGUYXX,2039,999999.0
GLOBAL,PWRBCKGUYXX,2040,999999.0
GLOBAL,PWRBCKGUYXX,2041,999999.0
GLOBAL,PWRBCKGUYXX,2042,999999.0
GLOBAL,PWRBCKGUYXX,2043,999999.0
GLOBAL,PWRBCKGUYXX,2044,999999.0
GLOBAL,PWRBCKGUYXX,2045,999999.0
GLOBAL,PWRBCKGUYXX,2046,999999.0
GLOBAL,PWRBCKGUYXX,2047,999999.0
GLOBAL,PWRBCKGUYXX,2048,999999.0
GLOBAL,PWRBCKGUYXX,2049,999999.0
GLOBAL,PWRBCKGUYXX,2050,999999.0
GLOBAL,PWRSDSGUYXX01,2021,11.0625
GLOBAL,PWRSDSGUYXX01,2022,11.0625
GLOBAL,PWRSDSGUYXX01,2023,11.0625
GLOBAL,PWRSDSGUYXX01,2024,11.0625
GLOBAL,PWRSDSGUYXX01,2025,11.0625
GLOBAL,PWRSDSGUYXX01,2026,11.0625
GLOBAL,PWRSDSGUYXX01,2027,11.0625
GLOBAL,PWRSDSGUYXX01,2028,11.0625
GLOBAL,PWRSDSGUYXX01,2029,11.0625
GLOBAL,PWRSDSGUYXX01,2030,11.0625
GLOBAL,PWRSDSGUYXX01,2031,11.0625
GLOBAL,PWRSDSGUYXX01,2032,11.0625
GLOBAL,PWRSDSGUYXX01,2033,11.0625
GLOBAL,PWRSDSGUYXX01,2034,11.0625
GLOBAL,PWRSDSGUYXX01,2035,11.0625
GLOBAL,PWRSDSGUYXX01,2036,11.0625
GLOBAL,PWRSDSGUYXX01,2037,11.0625
GLOBAL,PWRSDSGUYXX01,2038,11.0625
GLOBAL,PWRSDSGUYXX01,2039,11.0625
GLOBAL,PWRSDSGUYXX01,2040,11.0625
GLOBAL,PWRSDSGUYXX01,2041,11.0625
GLOBAL,PWRSDSGUYXX01,2042,11.0625
GLOBAL,PWRSDSGUYXX01,2043,11.0625
GLOBAL,PWRSDSGUYXX01,2044,11.0625
GLOBAL,PWRSDSGUYXX01,2045,11.0625
GLOBAL,PWRSDSGUYXX01,2046,11.0625
GLOBAL,PWRSDSGUYXX01,2047,11.0625
GLOBAL,PWRSDSGUYXX01,2048,11.0625
GLOBAL,PWRSDSGUYXX01,2049,11.0625
GLOBAL,PWRSDSGUYXX01,2050,11.0625
GLOBAL,PWRLDSGUYXX01,2021,2.02
GLOBAL,PWRLDSGUYXX01,2022,2.02
GLOBAL,PWRLDSGUYXX01,2023,2.02
GLOBAL,PWRLDSGUYXX01,2024,2.02
GLOBAL,PWRLDSGUYXX01,2025,2.02
GLOBAL,PWRLDSGUYXX01,2026,2.02
GLOBAL,PWRLDSGUYXX01,2027,2.02
GLOBAL,PWRLDSGUYXX01,2028,2.02
GLOBAL,PWRLDSGUYXX01,2029,2.02
GLOBAL,PWRLDSGUYXX01,2030,2.02
GLOBAL,PWRLDSGUYXX01,2031,2.02
GLOBAL,PWRLDSGUYXX01,2032,2.02
GLOBAL,PWRLDSGUYXX01,2033,2.02
GLOBAL,PWRLDSGUYXX01,2034,2.02
GLOBAL,PWRLDSGUYXX01,2035,2.02
GLOBAL,PWRLDSGUYXX01,2036,2.02
GLOBAL,PWRLDSGUYXX01,2037,2.02
GLOBAL,PWRLDSGUYXX01,2038,2.02
GLOBAL,PWRLDSGUYXX01,2039,2.02
GLOBAL,PWRLDSGUYXX01,2040,2.02
GLOBAL,PWRLDSGUYXX01,2041,2.02
GLOBAL,PWRLDSGUYXX01,2042,2.02
GLOBAL,PWRLDSGUYXX01,2043,2.02
GLOBAL,PWRLDSGUYXX01,2044,2.02
GLOBAL,PWRLDSGUYXX01,2045,2.02
GLOBAL,PWRLDSGUYXX01,2046,2.02
GLOBAL,PWRLDSGUYXX01,2047,2.02
GLOBAL,PWRLDSGUYXX01,2048,2.02
GLOBAL,PWRLDSGUYXX01,2049,2.02
GLOBAL,PWRLDSGUYXX01,2050,2.02
