REGION,TECHNOLOGY,VALUE
GLOBAL,PWRCSPGUYXX01,30
GLOBAL,PWRCOAGUYXX01,30
GLOBAL,PWRCCGGUYXX00,30
GLOBAL,PWRWAVGUYXX01,20
GLOBAL,PWRHYDGUYXX01,100
GLOBAL,PWRPETGUYXX01,30
GLOBAL,PWRBIOGUYXX01,30
GLOBAL,PWRWOFGUYXX01,30
GLOBAL,PWROCGGUYXX00,30
GLOBAL,PWRGEOGUYXX01,30
GLOBAL,PWRURNGUYXX01,60
GLOBAL,PWROILGUYXX01,30
GLOBAL,PWROTHGUYXX01,30
GLOBAL,PWRSPVGUYXX01,30
GLOBAL,PWRCCGGUYXX01,30
GLOBAL,PWRWASGUYXX01,30
GLOBAL,PWRCOGGUYXX01,30
GLOBAL,PWROCGGUYXX01,30
GLOBAL,PWRCCSGUYXX01,30
GLOBAL,PWRWONGUYXX01,30
GLOBAL,PWRSDSGUYXX01,30
GLOBAL,PWRLDSGUYXX01,60
