REGION,TECHNOLOGY,YEAR,VALUE
GLOBAL,PWRBIOGUYXX01,2021.0,0.03
GLOBAL,PWRBIOGUYXX01,2022.0,0.03
GLOBAL,PWRBIOGUYXX01,2023.0,0.03
GLOBAL,PWRBIOGUYXX01,2024.0,0.03
GLOBAL,PWRBIOGUYXX01,2025.0,0.03
GLOBAL,PWRBIOGUYXX01,2026.0,0.03
GLOBAL,PWRBIOGUYXX01,2027.0,0.03
GLOBAL,PWRBIOGUYXX01,2028.0,0.03
GLOBAL,PWRBIOGUYXX01,2029.0,0.03
GLOBAL,PWRBIOGUYXX01,2030.0,0.03
GLOBAL,PWRBIOGUYXX01,2031.0,0.03
GLOBAL,PWRBIOGUYXX01,2032.0,0.03
GLOBAL,PWRBIOGUYXX01,2033.0,0.03
GLOBAL,PWRBIOGUYXX01,2034.0,0.03
GLOBAL,PWRBIOGUYXX01,2035.0,0.03
GLOBAL,PWRBIOGUYXX01,2036.0,0.03
GLOBAL,PWRBIOGUYXX01,2037.0,0.03
GLOBAL,PWRBIOGUYXX01,2038.0,0.03
GLOBAL,PWRBIOGUYXX01,2039.0,0.0
GLOBAL,PWRBIOGUYXX01,2040.0,0.0
GLOBAL,PWRBIOGUYXX01,2041.0,0.0
GLOBAL,PWRBIOGUYXX01,2042.0,0.0
GLOBAL,PWRBIOGUYXX01,2043.0,0.0
GLOBAL,PWRBIOGUYXX01,2044.0,0.0
GLOBAL,PWRBIOGUYXX01,2045.0,0.0
GLOBAL,PWRBIOGUYXX01,2046.0,0.0
GLOBAL,PWRBIOGUYXX01,2047.0,0.0
GLOBAL,PWRBIOGUYXX01,2048.0,0.0
GLOBAL,PWRBIOGUYXX01,2049.0,0.0
GLOBAL,PWRBIOGUYXX01,2050.0,0.0
GLOBAL,PWROILGUYXX01,2021.0,0.3797
GLOBAL,PWROILGUYXX01,2022.0,0.3797
GLOBAL,PWROILGUYXX01,2023.0,0.3797
GLOBAL,PWROILGUYXX01,2024.0,0.3797
GLOBAL,PWROILGUYXX01,2025.0,0.3797
GLOBAL,PWROILGUYXX01,2026.0,0.3797
GLOBAL,PWROILGUYXX01,2027.0,0.0
GLOBAL,PWROILGUYXX01,2028.0,0.0
GLOBAL,PWROILGUYXX01,2029.0,0.0
GLOBAL,PWROILGUYXX01,2030.0,0.0
GLOBAL,PWROILGUYXX01,2031.0,0.0
GLOBAL,PWROILGUYXX01,2032.0,0.0
GLOBAL,PWROILGUYXX01,2033.0,0.0
GLOBAL,PWROILGUYXX01,2034.0,0.0
GLOBAL,PWROILGUYXX01,2035.0,0.0
GLOBAL,PWROILGUYXX01,2036.0,0.0
GLOBAL,PWROILGUYXX01,2037.0,0.0
GLOBAL,PWROILGUYXX01,2038.0,0.0
GLOBAL,PWROILGUYXX01,2039.0,0.0
GLOBAL,PWROILGUYXX01,2040.0,0.0
GLOBAL,PWROILGUYXX01,2041.0,0.0
GLOBAL,PWROILGUYXX01,2042.0,0.0
GLOBAL,PWROILGUYXX01,2043.0,0.0
GLOBAL,PWROILGUYXX01,2044.0,0.0
GLOBAL,PWROILGUYXX01,2045.0,0.0
GLOBAL,PWROILGUYXX01,2046.0,0.0
GLOBAL,PWROILGUYXX01,2047.0,0.0
GLOBAL,PWROILGUYXX01,2048.0,0.0
GLOBAL,PWROILGUYXX01,2049.0,0.0
GLOBAL,PWROILGUYXX01,2050.0,0.0
GLOBAL,PWRWONGUYXX01,2021.0,0.014
GLOBAL,PWRWONGUYXX01,2022.0,0.014
GLOBAL,PWRWONGUYXX01,2023.0,0.014
GLOBAL,PWRWONGUYXX01,2024.0,0.014
GLOBAL,PWRWONGUYXX01,2025.0,0.014
GLOBAL,PWRWONGUYXX01,2026.0,0.014
GLOBAL,PWRWONGUYXX01,2027.0,0.014
GLOBAL,PWRWONGUYXX01,2028.0,0.014
GLOBAL,PWRWONGUYXX01,2029.0,0.014
GLOBAL,PWRWONGUYXX01,2030.0,0.014
GLOBAL,PWRWONGUYXX01,2031.0,0.014
GLOBAL,PWRWONGUYXX01,2032.0,0.014
GLOBAL,PWRWONGUYXX01,2033.0,0.014
GLOBAL,PWRWONGUYXX01,2034.0,0.014
GLOBAL,PWRWONGUYXX01,2035.0,0.014
GLOBAL,PWRWONGUYXX01,2036.0,0.014
GLOBAL,PWRWONGUYXX01,2037.0,0.014
GLOBAL,PWRWONGUYXX01,2038.0,0.014
GLOBAL,PWRWONGUYXX01,2039.0,0.014
GLOBAL,PWRWONGUYXX01,2040.0,0.0
GLOBAL,PWRWONGUYXX01,2041.0,0.0
GLOBAL,PWRWONGUYXX01,2042.0,0.0
GLOBAL,PWRWONGUYXX01,2043.0,0.0
GLOBAL,PWRWONGUYXX01,2044.0,0.0
GLOBAL,PWRWONGUYXX01,2045.0,0.0
GLOBAL,PWRWONGUYXX01,2046.0,0.0
GLOBAL,PWRWONGUYXX01,2047.0,0.0
GLOBAL,PWRWONGUYXX01,2048.0,0.0
GLOBAL,PWRWONGUYXX01,2049.0,0.0
GLOBAL,PWRWONGUYXX01,2050.0,0.0
