REGION,FUEL,YEAR,VALUE
GLOBAL,ELCGUYXX02,2021,3.06
GLOBAL,ELCGUYXX02,2022,3.06
GLOBAL,ELCGUYXX02,2023,3.06
GLOBAL,ELCGUYXX02,2024,3.06
GLOBAL,ELCGUYXX02,2025,3.06
GLOBAL,ELCGUYXX02,2026,3.06
GLOBAL,ELCGUYXX02,2027,3.06
GLOBAL,ELCGUYXX02,2028,3.06
GLOBAL,ELCGUYXX02,2029,3.06
GLOBAL,ELCGUYXX02,2030,3.06
GLOBAL,ELCGUYXX02,2031,3.06
GLOBAL,ELCGUYXX02,2032,3.06
GLOBAL,ELCGUYXX02,2033,3.06
GLOBAL,ELCGUYXX02,2034,3.06
GLOBAL,ELCGUYXX02,2035,3.06
GLOBAL,ELCGUYXX02,2036,3.06
GLOBAL,ELCGUYXX02,2037,3.06
GLOBAL,ELCGUYXX02,2038,3.06
GLOBAL,ELCGUYXX02,2039,3.06
GLOBAL,ELCGUYXX02,2040,3.06
GLOBAL,ELCGUYXX02,2041,3.08
GLOBAL,ELCGUYXX02,2042,3.1
GLOBAL,ELCGUYXX02,2043,3.13
GLOBAL,ELCGUYXX02,2044,3.15
GLOBAL,ELCGUYXX02,2045,3.17
GLOBAL,ELCGUYXX02,2046,3.29
GLOBAL,ELCGUYXX02,2047,3.4
GLOBAL,ELCGUYXX02,2048,3.51
GLOBAL,ELCGUYXX02,2049,3.63
GLOBAL,ELCGUYXX02,2050,3.74
