REGION,TECHNOLOGY,YEAR,VALUE
GLOBAL,MINCOAGUY,2021,0.0
GLOBAL,MINCOAGUY,2022,0.0
GLOBAL,MINCOAGUY,2023,0.0
GLOBAL,MINCOAGUY,2024,0.0
GLOBAL,MINCOAGUY,2025,0.0
GLOBAL,MINCOAGUY,2026,0.0
GLOBAL,MINCOAGUY,2027,0.0
GLOBAL,MINCOAGUY,2028,0.0
GLOBAL,MINCOAGUY,2029,0.0
GLOBAL,MINCOAGUY,2030,0.0
GLOBAL,MINCOAGUY,2031,0.0
GLOBAL,MINCOAGUY,2032,0.0
GLOBAL,MINCOAGUY,2033,0.0
GLOBAL,MINCOAGUY,2034,0.0
GLOBAL,MINCOAGUY,2035,0.0
GLOBAL,MINCOAGUY,2036,0.0
GLOBAL,MINCOAGUY,2037,0.0
GLOBAL,MINCOAGUY,2038,0.0
GLOBAL,MINCOAGUY,2039,0.0
GLOBAL,MINCOAGUY,2040,0.0
GLOBAL,MINCOAGUY,2041,0.0
GLOBAL,MINCOAGUY,2042,0.0
GLOBAL,MINCOAGUY,2043,0.0
GLOBAL,MINCOAGUY,2044,0.0
GLOBAL,MINCOAGUY,2045,0.0
GLOBAL,MINCOAGUY,2046,0.0
GLOBAL,MINCOAGUY,2047,0.0
GLOBAL,MINCOAGUY,2048,0.0
GLOBAL,MINCOAGUY,2049,0.0
GLOBAL,MINCOAGUY,2050,0.0
GLOBAL,MINCOGGUY,2021,0.0
GLOBAL,MINCOGGUY,2022,0.0
GLOBAL,MINCOGGUY,2023,0.0
GLOBAL,MINCOGGUY,2024,0.0
GLOBAL,MINCOGGUY,2025,0.0
GLOBAL,MINCOGGUY,2026,0.0
GLOBAL,MINCOGGUY,2027,0.0
GLOBAL,MINCOGGUY,2028,0.0
GLOBAL,MINCOGGUY,2029,0.0
GLOBAL,MINCOGGUY,2030,0.0
GLOBAL,MINCOGGUY,2031,0.0
GLOBAL,MINCOGGUY,2032,0.0
GLOBAL,MINCOGGUY,2033,0.0
GLOBAL,MINCOGGUY,2034,0.0
GLOBAL,MINCOGGUY,2035,0.0
GLOBAL,MINCOGGUY,2036,0.0
GLOBAL,MINCOGGUY,2037,0.0
GLOBAL,MINCOGGUY,2038,0.0
GLOBAL,MINCOGGUY,2039,0.0
GLOBAL,MINCOGGUY,2040,0.0
GLOBAL,MINCOGGUY,2041,0.0
GLOBAL,MINCOGGUY,2042,0.0
GLOBAL,MINCOGGUY,2043,0.0
GLOBAL,MINCOGGUY,2044,0.0
GLOBAL,MINCOGGUY,2045,0.0
GLOBAL,MINCOGGUY,2046,0.0
GLOBAL,MINCOGGUY,2047,0.0
GLOBAL,MINCOGGUY,2048,0.0
GLOBAL,MINCOGGUY,2049,0.0
GLOBAL,MINCOGGUY,2050,0.0
GLOBAL,MINGASGUY,2021,0.0
GLOBAL,MINGASGUY,2022,0.0
GLOBAL,MINGASGUY,2023,0.0
GLOBAL,MINGASGUY,2024,0.0
GLOBAL,MINGASGUY,2025,0.0
GLOBAL,MINGASGUY,2026,0.0
GLOBAL,MINGASGUY,2027,0.0
GLOBAL,MINGASGUY,2028,0.0
GLOBAL,MINGASGUY,2029,0.0
GLOBAL,MINGASGUY,2030,0.0
GLOBAL,MINGASGUY,2031,0.0
GLOBAL,MINGASGUY,2032,0.0
GLOBAL,MINGASGUY,2033,0.0
GLOBAL,MINGASGUY,2034,0.0
GLOBAL,MINGASGUY,2035,0.0
GLOBAL,MINGASGUY,2036,0.0
GLOBAL,MINGASGUY,2037,0.0
GLOBAL,MINGASGUY,2038,0.0
GLOBAL,MINGASGUY,2039,0.0
GLOBAL,MINGASGUY,2040,0.0
GLOBAL,MINGASGUY,2041,0.0
GLOBAL,MINGASGUY,2042,0.0
GLOBAL,MINGASGUY,2043,0.0
GLOBAL,MINGASGUY,2044,0.0
GLOBAL,MINGASGUY,2045,0.0
GLOBAL,MINGASGUY,2046,0.0
GLOBAL,MINGASGUY,2047,0.0
GLOBAL,MINGASGUY,2048,0.0
GLOBAL,MINGASGUY,2049,0.0
GLOBAL,MINGASGUY,2050,0.0
GLOBAL,MINOILGUY,2021,0.0
GLOBAL,MINOILGUY,2022,0.0
GLOBAL,MINOILGUY,2023,0.0
GLOBAL,MINOILGUY,2024,0.0
GLOBAL,MINOILGUY,2025,0.0
GLOBAL,MINOILGUY,2026,0.0
GLOBAL,MINOILGUY,2027,0.0
GLOBAL,MINOILGUY,2028,0.0
GLOBAL,MINOILGUY,2029,0.0
GLOBAL,MINOILGUY,2030,0.0
GLOBAL,MINOILGUY,2031,0.0
GLOBAL,MINOILGUY,2032,0.0
GLOBAL,MINOILGUY,2033,0.0
GLOBAL,MINOILGUY,2034,0.0
GLOBAL,MINOILGUY,2035,0.0
GLOBAL,MINOILGUY,2036,0.0
GLOBAL,MINOILGUY,2037,0.0
GLOBAL,MINOILGUY,2038,0.0
GLOBAL,MINOILGUY,2039,0.0
GLOBAL,MINOILGUY,2040,0.0
GLOBAL,MINOILGUY,2041,0.0
GLOBAL,MINOILGUY,2042,0.0
GLOBAL,MINOILGUY,2043,0.0
GLOBAL,MINOILGUY,2044,0.0
GLOBAL,MINOILGUY,2045,0.0
GLOBAL,MINOILGUY,2046,0.0
GLOBAL,MINOILGUY,2047,0.0
GLOBAL,MINOILGUY,2048,0.0
GLOBAL,MINOILGUY,2049,0.0
GLOBAL,MINOILGUY,2050,0.0
GLOBAL,MINOTHGUY,2021,0.0
GLOBAL,MINOTHGUY,2022,0.0
GLOBAL,MINOTHGUY,2023,0.0
GLOBAL,MINOTHGUY,2024,0.0
GLOBAL,MINOTHGUY,2025,0.0
GLOBAL,MINOTHGUY,2026,0.0
GLOBAL,MINOTHGUY,2027,0.0
GLOBAL,MINOTHGUY,2028,0.0
GLOBAL,MINOTHGUY,2029,0.0
GLOBAL,MINOTHGUY,2030,0.0
GLOBAL,MINOTHGUY,2031,0.0
GLOBAL,MINOTHGUY,2032,0.0
GLOBAL,MINOTHGUY,2033,0.0
GLOBAL,MINOTHGUY,2034,0.0
GLOBAL,MINOTHGUY,2035,0.0
GLOBAL,MINOTHGUY,2036,0.0
GLOBAL,MINOTHGUY,2037,0.0
GLOBAL,MINOTHGUY,2038,0.0
GLOBAL,MINOTHGUY,2039,0.0
GLOBAL,MINOTHGUY,2040,0.0
GLOBAL,MINOTHGUY,2041,0.0
GLOBAL,MINOTHGUY,2042,0.0
GLOBAL,MINOTHGUY,2043,0.0
GLOBAL,MINOTHGUY,2044,0.0
GLOBAL,MINOTHGUY,2045,0.0
GLOBAL,MINOTHGUY,2046,0.0
GLOBAL,MINOTHGUY,2047,0.0
GLOBAL,MINOTHGUY,2048,0.0
GLOBAL,MINOTHGUY,2049,0.0
GLOBAL,MINOTHGUY,2050,0.0
GLOBAL,MINPETGUY,2021,0.0
GLOBAL,MINPETGUY,2022,0.0
GLOBAL,MINPETGUY,2023,0.0
GLOBAL,MINPETGUY,2024,0.0
GLOBAL,MINPETGUY,2025,0.0
GLOBAL,MINPETGUY,2026,0.0
GLOBAL,MINPETGUY,2027,0.0
GLOBAL,MINPETGUY,2028,0.0
GLOBAL,MINPETGUY,2029,0.0
GLOBAL,MINPETGUY,2030,0.0
GLOBAL,MINPETGUY,2031,0.0
GLOBAL,MINPETGUY,2032,0.0
GLOBAL,MINPETGUY,2033,0.0
GLOBAL,MINPETGUY,2034,0.0
GLOBAL,MINPETGUY,2035,0.0
GLOBAL,MINPETGUY,2036,0.0
GLOBAL,MINPETGUY,2037,0.0
GLOBAL,MINPETGUY,2038,0.0
GLOBAL,MINPETGUY,2039,0.0
GLOBAL,MINPETGUY,2040,0.0
GLOBAL,MINPETGUY,2041,0.0
GLOBAL,MINPETGUY,2042,0.0
GLOBAL,MINPETGUY,2043,0.0
GLOBAL,MINPETGUY,2044,0.0
GLOBAL,MINPETGUY,2045,0.0
GLOBAL,MINPETGUY,2046,0.0
GLOBAL,MINPETGUY,2047,0.0
GLOBAL,MINPETGUY,2048,0.0
GLOBAL,MINPETGUY,2049,0.0
GLOBAL,MINPETGUY,2050,0.0
GLOBAL,MINURNGUY,2021,0.0
GLOBAL,MINURNGUY,2022,0.0
GLOBAL,MINURNGUY,2023,0.0
GLOBAL,MINURNGUY,2024,0.0
GLOBAL,MINURNGUY,2025,0.0
GLOBAL,MINURNGUY,2026,0.0
GLOBAL,MINURNGUY,2027,0.0
GLOBAL,MINURNGUY,2028,0.0
GLOBAL,MINURNGUY,2029,0.0
GLOBAL,MINURNGUY,2030,0.0
GLOBAL,MINURNGUY,2031,0.0
GLOBAL,MINURNGUY,2032,0.0
GLOBAL,MINURNGUY,2033,0.0
GLOBAL,MINURNGUY,2034,0.0
GLOBAL,MINURNGUY,2035,0.0
GLOBAL,MINURNGUY,2036,0.0
GLOBAL,MINURNGUY,2037,0.0
GLOBAL,MINURNGUY,2038,0.0
GLOBAL,MINURNGUY,2039,0.0
GLOBAL,MINURNGUY,2040,0.0
GLOBAL,MINURNGUY,2041,0.0
GLOBAL,MINURNGUY,2042,0.0
GLOBAL,MINURNGUY,2043,0.0
GLOBAL,MINURNGUY,2044,0.0
GLOBAL,MINURNGUY,2045,0.0
GLOBAL,MINURNGUY,2046,0.0
GLOBAL,MINURNGUY,2047,0.0
GLOBAL,MINURNGUY,2048,0.0
GLOBAL,MINURNGUY,2049,0.0
GLOBAL,MINURNGUY,2050,0.0
