REGION,TECHNOLOGY,YEAR,VALUE
GLOBAL,PWRCCGGUYXX00,2021,0.0
GLOBAL,PWRCCGGUYXX00,2022,0.0
GLOBAL,PWRCCGGUYXX00,2023,0.0
GLOBAL,PWRCCGGUYXX00,2024,0.0
GLOBAL,PWRCCGGUYXX00,2025,0.0
GLOBAL,PWRCCGGUYXX00,2026,0.0
GLOBAL,PWRCCGGUYXX00,2027,0.0
GLOBAL,PWRCCGGUYXX00,2028,0.0
GLOBAL,PWRCCGGUYXX00,2029,0.0
GLOBAL,PWRCCGGUYXX00,2030,0.0
GLOBAL,PWRCCGGUYXX00,2031,0.0
GLOBAL,PWRCCGGUYXX00,2032,0.0
GLOBAL,PWRCCGGUYXX00,2033,0.0
GLOBAL,PWRCCGGUYXX00,2034,0.0
GLOBAL,PWRCCGGUYXX00,2035,0.0
GLOBAL,PWRCCGGUYXX00,2036,0.0
GLOBAL,PWRCCGGUYXX00,2037,0.0
GLOBAL,PWRCCGGUYXX00,2038,0.0
GLOBAL,PWRCCGGUYXX00,2039,0.0
GLOBAL,PWRCCGGUYXX00,2040,0.0
GLOBAL,PWRCCGGUYXX00,2041,0.0
GLOBAL,PWRCCGGUYXX00,2042,0.0
GLOBAL,PWRCCGGUYXX00,2043,0.0
GLOBAL,PWRCCGGUYXX00,2044,0.0
GLOBAL,PWRCCGGUYXX00,2045,0.0
GLOBAL,PWRCCGGUYXX00,2046,0.0
GLOBAL,PWRCCGGUYXX00,2047,0.0
GLOBAL,PWRCCGGUYXX00,2048,0.0
GLOBAL,PWRCCGGUYXX00,2049,0.0
GLOBAL,PWRCCGGUYXX00,2050,0.0
GLOBAL,PWROCGGUYXX00,2021,0.0
GLOBAL,PWROCGGUYXX00,2022,0.0
GLOBAL,PWROCGGUYXX00,2023,0.0
GLOBAL,PWROCGGUYXX00,2024,0.0
GLOBAL,PWROCGGUYXX00,2025,0.0
GLOBAL,PWROCGGUYXX00,2026,0.0
GLOBAL,PWROCGGUYXX00,2027,0.0
GLOBAL,PWROCGGUYXX00,2028,0.0
GLOBAL,PWROCGGUYXX00,2029,0.0
GLOBAL,PWROCGGUYXX00,2030,0.0
GLOBAL,PWROCGGUYXX00,2031,0.0
GLOBAL,PWROCGGUYXX00,2032,0.0
GLOBAL,PWROCGGUYXX00,2033,0.0
GLOBAL,PWROCGGUYXX00,2034,0.0
GLOBAL,PWROCGGUYXX00,2035,0.0
GLOBAL,PWROCGGUYXX00,2036,0.0
GLOBAL,PWROCGGUYXX00,2037,0.0
GLOBAL,PWROCGGUYXX00,2038,0.0
GLOBAL,PWROCGGUYXX00,2039,0.0
GLOBAL,PWROCGGUYXX00,2040,0.0
GLOBAL,PWROCGGUYXX00,2041,0.0
GLOBAL,PWROCGGUYXX00,2042,0.0
GLOBAL,PWROCGGUYXX00,2043,0.0
GLOBAL,PWROCGGUYXX00,2044,0.0
GLOBAL,PWROCGGUYXX00,2045,0.0
GLOBAL,PWROCGGUYXX00,2046,0.0
GLOBAL,PWROCGGUYXX00,2047,0.0
GLOBAL,PWROCGGUYXX00,2048,0.0
GLOBAL,PWROCGGUYXX00,2049,0.0
GLOBAL,PWROCGGUYXX00,2050,0.0
GLOBAL,PWRWAVGUYXX01,2021,0.0
GLOBAL,PWRWAVGUYXX01,2022,0.0
GLOBAL,PWRWAVGUYXX01,2023,0.0
GLOBAL,PWRWAVGUYXX01,2024,0.0
GLOBAL,PWRWAVGUYXX01,2025,0.0
GLOBAL,PWRWAVGUYXX01,2026,0.0
GLOBAL,PWRWAVGUYXX01,2027,0.0
GLOBAL,PWRWAVGUYXX01,2028,0.0
GLOBAL,PWRWAVGUYXX01,2029,0.0
GLOBAL,PWRWAVGUYXX01,2030,0.0
GLOBAL,PWRWAVGUYXX01,2031,0.0
GLOBAL,PWRWAVGUYXX01,2032,0.0
GLOBAL,PWRWAVGUYXX01,2033,0.0
GLOBAL,PWRWAVGUYXX01,2034,0.0
GLOBAL,PWRWAVGUYXX01,2035,0.0
GLOBAL,PWRWAVGUYXX01,2036,0.0
GLOBAL,PWRWAVGUYXX01,2037,0.0
GLOBAL,PWRWAVGUYXX01,2038,0.0
GLOBAL,PWRWAVGUYXX01,2039,0.0
GLOBAL,PWRWAVGUYXX01,2040,0.0
GLOBAL,PWRWAVGUYXX01,2041,0.0
GLOBAL,PWRWAVGUYXX01,2042,0.0
GLOBAL,PWRWAVGUYXX01,2043,0.0
GLOBAL,PWRWAVGUYXX01,2044,0.0
GLOBAL,PWRWAVGUYXX01,2045,0.0
GLOBAL,PWRWAVGUYXX01,2046,0.0
GLOBAL,PWRWAVGUYXX01,2047,0.0
GLOBAL,PWRWAVGUYXX01,2048,0.0
GLOBAL,PWRWAVGUYXX01,2049,0.0
GLOBAL,PWRWAVGUYXX01,2050,0.0
GLOBAL,PWRCSPGUYXX01,2021,0.0
GLOBAL,PWRCSPGUYXX01,2022,0.0
GLOBAL,PWRCSPGUYXX01,2023,0.0
GLOBAL,PWRCSPGUYXX01,2024,0.0
GLOBAL,PWRCSPGUYXX01,2025,0.0
GLOBAL,PWRCSPGUYXX01,2026,0.0
GLOBAL,PWRCSPGUYXX01,2027,0.0
GLOBAL,PWRCSPGUYXX01,2028,0.0
GLOBAL,PWRCSPGUYXX01,2029,0.0
GLOBAL,PWRCSPGUYXX01,2030,0.0
GLOBAL,PWRCSPGUYXX01,2031,0.0
GLOBAL,PWRCSPGUYXX01,2032,0.0
GLOBAL,PWRCSPGUYXX01,2033,0.0
GLOBAL,PWRCSPGUYXX01,2034,0.0
GLOBAL,PWRCSPGUYXX01,2035,0.0
GLOBAL,PWRCSPGUYXX01,2036,0.0
GLOBAL,PWRCSPGUYXX01,2037,0.0
GLOBAL,PWRCSPGUYXX01,2038,0.0
GLOBAL,PWRCSPGUYXX01,2039,0.0
GLOBAL,PWRCSPGUYXX01,2040,0.0
GLOBAL,PWRCSPGUYXX01,2041,0.0
GLOBAL,PWRCSPGUYXX01,2042,0.0
GLOBAL,PWRCSPGUYXX01,2043,0.0
GLOBAL,PWRCSPGUYXX01,2044,0.0
GLOBAL,PWRCSPGUYXX01,2045,0.0
GLOBAL,PWRCSPGUYXX01,2046,0.0
GLOBAL,PWRCSPGUYXX01,2047,0.0
GLOBAL,PWRCSPGUYXX01,2048,0.0
GLOBAL,PWRCSPGUYXX01,2049,0.0
GLOBAL,PWRCSPGUYXX01,2050,0.0
GLOBAL,PWRWASGUYXX01,2021,0.0
GLOBAL,PWRWASGUYXX01,2022,0.0
GLOBAL,PWRWASGUYXX01,2023,0.0
GLOBAL,PWRWASGUYXX01,2024,0.0
GLOBAL,PWRWASGUYXX01,2025,0.0
GLOBAL,PWRWASGUYXX01,2026,0.0
GLOBAL,PWRWASGUYXX01,2027,0.0
GLOBAL,PWRWASGUYXX01,2028,0.0
GLOBAL,PWRWASGUYXX01,2029,0.0
GLOBAL,PWRWASGUYXX01,2030,0.0
GLOBAL,PWRWASGUYXX01,2031,0.0
GLOBAL,PWRWASGUYXX01,2032,0.0
GLOBAL,PWRWASGUYXX01,2033,0.0
GLOBAL,PWRWASGUYXX01,2034,0.0
GLOBAL,PWRWASGUYXX01,2035,0.0
GLOBAL,PWRWASGUYXX01,2036,0.0
GLOBAL,PWRWASGUYXX01,2037,0.0
GLOBAL,PWRWASGUYXX01,2038,0.0
GLOBAL,PWRWASGUYXX01,2039,0.0
GLOBAL,PWRWASGUYXX01,2040,0.0
GLOBAL,PWRWASGUYXX01,2041,0.0
GLOBAL,PWRWASGUYXX01,2042,0.0
GLOBAL,PWRWASGUYXX01,2043,0.0
GLOBAL,PWRWASGUYXX01,2044,0.0
GLOBAL,PWRWASGUYXX01,2045,0.0
GLOBAL,PWRWASGUYXX01,2046,0.0
GLOBAL,PWRWASGUYXX01,2047,0.0
GLOBAL,PWRWASGUYXX01,2048,0.0
GLOBAL,PWRWASGUYXX01,2049,0.0
GLOBAL,PWRWASGUYXX01,2050,0.0
GLOBAL,PWRGEOGUYXX01,2021,0.0
GLOBAL,PWRGEOGUYXX01,2022,0.0
GLOBAL,PWRGEOGUYXX01,2023,0.0
GLOBAL,PWRGEOGUYXX01,2024,0.0
GLOBAL,PWRGEOGUYXX01,2025,0.0
GLOBAL,PWRGEOGUYXX01,2026,0.0
GLOBAL,PWRGEOGUYXX01,2027,0.0
GLOBAL,PWRGEOGUYXX01,2028,0.0
GLOBAL,PWRGEOGUYXX01,2029,0.0
GLOBAL,PWRGEOGUYXX01,2030,0.0
GLOBAL,PWRGEOGUYXX01,2031,0.0
GLOBAL,PWRGEOGUYXX01,2032,0.0
GLOBAL,PWRGEOGUYXX01,2033,0.0
GLOBAL,PWRGEOGUYXX01,2034,0.0
GLOBAL,PWRGEOGUYXX01,2035,0.0
GLOBAL,PWRGEOGUYXX01,2036,0.0
GLOBAL,PWRGEOGUYXX01,2037,0.0
GLOBAL,PWRGEOGUYXX01,2038,0.0
GLOBAL,PWRGEOGUYXX01,2039,0.0
GLOBAL,PWRGEOGUYXX01,2040,0.0
GLOBAL,PWRGEOGUYXX01,2041,0.0
GLOBAL,PWRGEOGUYXX01,2042,0.0
GLOBAL,PWRGEOGUYXX01,2043,0.0
GLOBAL,PWRGEOGUYXX01,2044,0.0
GLOBAL,PWRGEOGUYXX01,2045,0.0
GLOBAL,PWRGEOGUYXX01,2046,0.0
GLOBAL,PWRGEOGUYXX01,2047,0.0
GLOBAL,PWRGEOGUYXX01,2048,0.0
GLOBAL,PWRGEOGUYXX01,2049,0.0
GLOBAL,PWRGEOGUYXX01,2050,0.0
GLOBAL,PWRCOGGUYXX01,2021,0.0
GLOBAL,PWRCOGGUYXX01,2022,0.0
GLOBAL,PWRCOGGUYXX01,2023,0.0
GLOBAL,PWRCOGGUYXX01,2024,0.0
GLOBAL,PWRCOGGUYXX01,2025,0.0
GLOBAL,PWRCOGGUYXX01,2026,0.0
GLOBAL,PWRCOGGUYXX01,2027,0.0
GLOBAL,PWRCOGGUYXX01,2028,0.0
GLOBAL,PWRCOGGUYXX01,2029,0.0
GLOBAL,PWRCOGGUYXX01,2030,0.0
GLOBAL,PWRCOGGUYXX01,2031,0.0
GLOBAL,PWRCOGGUYXX01,2032,0.0
GLOBAL,PWRCOGGUYXX01,2033,0.0
GLOBAL,PWRCOGGUYXX01,2034,0.0
GLOBAL,PWRCOGGUYXX01,2035,0.0
GLOBAL,PWRCOGGUYXX01,2036,0.0
GLOBAL,PWRCOGGUYXX01,2037,0.0
GLOBAL,PWRCOGGUYXX01,2038,0.0
GLOBAL,PWRCOGGUYXX01,2039,0.0
GLOBAL,PWRCOGGUYXX01,2040,0.0
GLOBAL,PWRCOGGUYXX01,2041,0.0
GLOBAL,PWRCOGGUYXX01,2042,0.0
GLOBAL,PWRCOGGUYXX01,2043,0.0
GLOBAL,PWRCOGGUYXX01,2044,0.0
GLOBAL,PWRCOGGUYXX01,2045,0.0
GLOBAL,PWRCOGGUYXX01,2046,0.0
GLOBAL,PWRCOGGUYXX01,2047,0.0
GLOBAL,PWRCOGGUYXX01,2048,0.0
GLOBAL,PWRCOGGUYXX01,2049,0.0
GLOBAL,PWRCOGGUYXX01,2050,0.0
GLOBAL,PWRPETGUYXX01,2021,0.0
GLOBAL,PWRPETGUYXX01,2022,0.0
GLOBAL,PWRPETGUYXX01,2023,0.0
GLOBAL,PWRPETGUYXX01,2024,0.0
GLOBAL,PWRPETGUYXX01,2025,0.0
GLOBAL,PWRPETGUYXX01,2026,0.0
GLOBAL,PWRPETGUYXX01,2027,0.0
GLOBAL,PWRPETGUYXX01,2028,0.0
GLOBAL,PWRPETGUYXX01,2029,0.0
GLOBAL,PWRPETGUYXX01,2030,0.0
GLOBAL,PWRPETGUYXX01,2031,0.0
GLOBAL,PWRPETGUYXX01,2032,0.0
GLOBAL,PWRPETGUYXX01,2033,0.0
GLOBAL,PWRPETGUYXX01,2034,0.0
GLOBAL,PWRPETGUYXX01,2035,0.0
GLOBAL,PWRPETGUYXX01,2036,0.0
GLOBAL,PWRPETGUYXX01,2037,0.0
GLOBAL,PWRPETGUYXX01,2038,0.0
GLOBAL,PWRPETGUYXX01,2039,0.0
GLOBAL,PWRPETGUYXX01,2040,0.0
GLOBAL,PWRPETGUYXX01,2041,0.0
GLOBAL,PWRPETGUYXX01,2042,0.0
GLOBAL,PWRPETGUYXX01,2043,0.0
GLOBAL,PWRPETGUYXX01,2044,0.0
GLOBAL,PWRPETGUYXX01,2045,0.0
GLOBAL,PWRPETGUYXX01,2046,0.0
GLOBAL,PWRPETGUYXX01,2047,0.0
GLOBAL,PWRPETGUYXX01,2048,0.0
GLOBAL,PWRPETGUYXX01,2049,0.0
GLOBAL,PWRPETGUYXX01,2050,0.0
GLOBAL,PWRBIOGUYXX01,2021,0.0
GLOBAL,PWRBIOGUYXX01,2022,0.0
GLOBAL,PWRBIOGUYXX01,2023,0.0
GLOBAL,PWRBIOGUYXX01,2024,0.0
GLOBAL,PWRBIOGUYXX01,2025,0.0
GLOBAL,PWRBIOGUYXX01,2026,0.0
GLOBAL,PWRBIOGUYXX01,2027,0.0
GLOBAL,PWRBIOGUYXX01,2028,0.0
GLOBAL,PWRBIOGUYXX01,2029,0.0
GLOBAL,PWRBIOGUYXX01,2030,0.0
GLOBAL,PWRBIOGUYXX01,2031,0.0
GLOBAL,PWRBIOGUYXX01,2032,0.0
GLOBAL,PWRBIOGUYXX01,2033,0.0
GLOBAL,PWRBIOGUYXX01,2034,0.0
GLOBAL,PWRBIOGUYXX01,2035,0.0
GLOBAL,PWRBIOGUYXX01,2036,0.0
GLOBAL,PWRBIOGUYXX01,2037,0.0
GLOBAL,PWRBIOGUYXX01,2038,0.0
GLOBAL,PWRBIOGUYXX01,2039,0.0
GLOBAL,PWRBIOGUYXX01,2040,0.0
GLOBAL,PWRBIOGUYXX01,2041,0.0
GLOBAL,PWRBIOGUYXX01,2042,0.0
GLOBAL,PWRBIOGUYXX01,2043,0.0
GLOBAL,PWRBIOGUYXX01,2044,0.0
GLOBAL,PWRBIOGUYXX01,2045,0.0
GLOBAL,PWRBIOGUYXX01,2046,0.0
GLOBAL,PWRBIOGUYXX01,2047,0.0
GLOBAL,PWRBIOGUYXX01,2048,0.0
GLOBAL,PWRBIOGUYXX01,2049,0.0
GLOBAL,PWRBIOGUYXX01,2050,0.0
GLOBAL,PWRURNGUYXX01,2021,0.0
GLOBAL,PWRURNGUYXX01,2022,0.0
GLOBAL,PWRURNGUYXX01,2023,0.0
GLOBAL,PWRURNGUYXX01,2024,0.0
GLOBAL,PWRURNGUYXX01,2025,0.0
GLOBAL,PWRURNGUYXX01,2026,0.0
GLOBAL,PWRURNGUYXX01,2027,0.0
GLOBAL,PWRURNGUYXX01,2028,0.0
GLOBAL,PWRURNGUYXX01,2029,0.0
GLOBAL,PWRURNGUYXX01,2030,0.0
GLOBAL,PWRURNGUYXX01,2031,0.0
GLOBAL,PWRURNGUYXX01,2032,0.0
GLOBAL,PWRURNGUYXX01,2033,0.0
GLOBAL,PWRURNGUYXX01,2034,0.0
GLOBAL,PWRURNGUYXX01,2035,0.0
GLOBAL,PWRURNGUYXX01,2036,0.0
GLOBAL,PWRURNGUYXX01,2037,0.0
GLOBAL,PWRURNGUYXX01,2038,0.0
GLOBAL,PWRURNGUYXX01,2039,0.0
GLOBAL,PWRURNGUYXX01,2040,0.0
GLOBAL,PWRURNGUYXX01,2041,0.0
GLOBAL,PWRURNGUYXX01,2042,0.0
GLOBAL,PWRURNGUYXX01,2043,0.0
GLOBAL,PWRURNGUYXX01,2044,0.0
GLOBAL,PWRURNGUYXX01,2045,0.0
GLOBAL,PWRURNGUYXX01,2046,0.0
GLOBAL,PWRURNGUYXX01,2047,0.0
GLOBAL,PWRURNGUYXX01,2048,0.0
GLOBAL,PWRURNGUYXX01,2049,0.0
GLOBAL,PWRURNGUYXX01,2050,0.0
GLOBAL,PWROTHGUYXX01,2021,0.0
GLOBAL,PWROTHGUYXX01,2022,0.0
GLOBAL,PWROTHGUYXX01,2023,0.0
GLOBAL,PWROTHGUYXX01,2024,0.0
GLOBAL,PWROTHGUYXX01,2025,0.0
GLOBAL,PWROTHGUYXX01,2026,0.0
GLOBAL,PWROTHGUYXX01,2027,0.0
GLOBAL,PWROTHGUYXX01,2028,0.0
GLOBAL,PWROTHGUYXX01,2029,0.0
GLOBAL,PWROTHGUYXX01,2030,0.0
GLOBAL,PWROTHGUYXX01,2031,0.0
GLOBAL,PWROTHGUYXX01,2032,0.0
GLOBAL,PWROTHGUYXX01,2033,0.0
GLOBAL,PWROTHGUYXX01,2034,0.0
GLOBAL,PWROTHGUYXX01,2035,0.0
GLOBAL,PWROTHGUYXX01,2036,0.0
GLOBAL,PWROTHGUYXX01,2037,0.0
GLOBAL,PWROTHGUYXX01,2038,0.0
GLOBAL,PWROTHGUYXX01,2039,0.0
GLOBAL,PWROTHGUYXX01,2040,0.0
GLOBAL,PWROTHGUYXX01,2041,0.0
GLOBAL,PWROTHGUYXX01,2042,0.0
GLOBAL,PWROTHGUYXX01,2043,0.0
GLOBAL,PWROTHGUYXX01,2044,0.0
GLOBAL,PWROTHGUYXX01,2045,0.0
GLOBAL,PWROTHGUYXX01,2046,0.0
GLOBAL,PWROTHGUYXX01,2047,0.0
GLOBAL,PWROTHGUYXX01,2048,0.0
GLOBAL,PWROTHGUYXX01,2049,0.0
GLOBAL,PWROTHGUYXX01,2050,0.0
GLOBAL,PWRLDSGUYXX01,2021,0.0
GLOBAL,PWRLDSGUYXX01,2022,0.0
GLOBAL,PWRLDSGUYXX01,2023,0.0
GLOBAL,PWRLDSGUYXX01,2024,0.0
GLOBAL,PWRLDSGUYXX01,2025,0.0
GLOBAL,PWRLDSGUYXX01,2026,0.0
GLOBAL,PWRLDSGUYXX01,2027,0.0
GLOBAL,PWRLDSGUYXX01,2028,0.0
GLOBAL,PWRLDSGUYXX01,2029,0.0
GLOBAL,PWRLDSGUYXX01,2030,0.0
GLOBAL,PWRLDSGUYXX01,2031,0.0
GLOBAL,PWRLDSGUYXX01,2032,0.0
GLOBAL,PWRLDSGUYXX01,2033,0.0
GLOBAL,PWRLDSGUYXX01,2034,0.0
GLOBAL,PWRLDSGUYXX01,2035,0.0
GLOBAL,PWRLDSGUYXX01,2036,0.0
GLOBAL,PWRLDSGUYXX01,2037,0.0
GLOBAL,PWRLDSGUYXX01,2038,0.0
GLOBAL,PWRLDSGUYXX01,2039,0.0
GLOBAL,PWRLDSGUYXX01,2040,0.0
GLOBAL,PWRLDSGUYXX01,2041,0.0
GLOBAL,PWRLDSGUYXX01,2042,0.0
GLOBAL,PWRLDSGUYXX01,2043,0.0
GLOBAL,PWRLDSGUYXX01,2044,0.0
GLOBAL,PWRLDSGUYXX01,2045,0.0
GLOBAL,PWRLDSGUYXX01,2046,0.0
GLOBAL,PWRLDSGUYXX01,2047,0.0
GLOBAL,PWRLDSGUYXX01,2048,0.0
GLOBAL,PWRLDSGUYXX01,2049,0.0
GLOBAL,PWRLDSGUYXX01,2050,0.0
GLOBAL,PWRSDSGUYXX01,2021,0.0
GLOBAL,PWRSDSGUYXX01,2022,0.0
GLOBAL,PWRSDSGUYXX01,2023,0.0
GLOBAL,PWRSDSGUYXX01,2024,0.0
GLOBAL,PWRSDSGUYXX01,2025,3.0
GLOBAL,PWRSDSGUYXX01,2026,3.0
GLOBAL,PWRSDSGUYXX01,2027,3.0
GLOBAL,PWRSDSGUYXX01,2028,3.0
GLOBAL,PWRSDSGUYXX01,2029,3.0
GLOBAL,PWRSDSGUYXX01,2030,3.0
GLOBAL,PWRSDSGUYXX01,2031,3.0
GLOBAL,PWRSDSGUYXX01,2032,3.0
GLOBAL,PWRSDSGUYXX01,2033,3.0
GLOBAL,PWRSDSGUYXX01,2034,3.0
GLOBAL,PWRSDSGUYXX01,2035,3.0
GLOBAL,PWRSDSGUYXX01,2036,3.0
GLOBAL,PWRSDSGUYXX01,2037,3.0
GLOBAL,PWRSDSGUYXX01,2038,3.0
GLOBAL,PWRSDSGUYXX01,2039,3.0
GLOBAL,PWRSDSGUYXX01,2040,3.0
GLOBAL,PWRSDSGUYXX01,2041,3.0
GLOBAL,PWRSDSGUYXX01,2042,3.0
GLOBAL,PWRSDSGUYXX01,2043,3.0
GLOBAL,PWRSDSGUYXX01,2044,3.0
GLOBAL,PWRSDSGUYXX01,2045,3.0
GLOBAL,PWRSDSGUYXX01,2046,3.0
GLOBAL,PWRSDSGUYXX01,2047,3.0
GLOBAL,PWRSDSGUYXX01,2048,3.0
GLOBAL,PWRSDSGUYXX01,2049,3.0
GLOBAL,PWRSDSGUYXX01,2050,3.0
