REGION,TECHNOLOGY,YEAR,VALUE
GLOBAL,PWRHYDGUYXX01,2021,4.8002
GLOBAL,PWRHYDGUYXX01,2022,4.8002
GLOBAL,PWRHYDGUYXX01,2023,4.8002
GLOBAL,PWRHYDGUYXX01,2024,4.8002
GLOBAL,PWRHYDGUYXX01,2025,4.8002
GLOBAL,PWRHYDGUYXX01,2026,4.8002
GLOBAL,PWRHYDGUYXX01,2027,4.8002
GLOBAL,PWRHYDGUYXX01,2028,4.8002
GLOBAL,PWRHYDGUYXX01,2029,4.8002
GLOBAL,PWRHYDGUYXX01,2030,4.8002
GLOBAL,PWRHYDGUYXX01,2031,4.8002
GLOBAL,PWRHYDGUYXX01,2032,4.8002
GLOBAL,PWRHYDGUYXX01,2033,4.8002
GLOBAL,PWRHYDGUYXX01,2034,4.8002
GLOBAL,PWRHYDGUYXX01,2035,4.8002
GLOBAL,PWRHYDGUYXX01,2036,4.8002
GLOBAL,PWRHYDGUYXX01,2037,4.8002
GLOBAL,PWRHYDGUYXX01,2038,4.8002
GLOBAL,PWRHYDGUYXX01,2039,4.8002
GLOBAL,PWRHYDGUYXX01,2040,4.8002
GLOBAL,PWRHYDGUYXX01,2041,4.8002
GLOBAL,PWRHYDGUYXX01,2042,4.8002
GLOBAL,PWRHYDGUYXX01,2043,4.8002
GLOBAL,PWRHYDGUYXX01,2044,4.8002
GLOBAL,PWRHYDGUYXX01,2045,4.8002
GLOBAL,PWRHYDGUYXX01,2046,4.8002
GLOBAL,PWRHYDGUYXX01,2047,4.8002
GLOBAL,PWRHYDGUYXX01,2048,4.8002
GLOBAL,PWRHYDGUYXX01,2049,4.8002
GLOBAL,PWRHYDGUYXX01,2050,4.8002
GLOBAL,PWRCSPGUYXX01,2021,2.4002
GLOBAL,PWRCSPGUYXX01,2022,2.4002
GLOBAL,PWRCSPGUYXX01,2023,2.4002
GLOBAL,PWRCSPGUYXX01,2024,2.4002
GLOBAL,PWRCSPGUYXX01,2025,2.4002
GLOBAL,PWRCSPGUYXX01,2026,2.4002
GLOBAL,PWRCSPGUYXX01,2027,2.4002
GLOBAL,PWRCSPGUYXX01,2028,2.4002
GLOBAL,PWRCSPGUYXX01,2029,2.4002
GLOBAL,PWRCSPGUYXX01,2030,2.4002
GLOBAL,PWRCSPGUYXX01,2031,2.4002
GLOBAL,PWRCSPGUYXX01,2032,2.4002
GLOBAL,PWRCSPGUYXX01,2033,2.4002
GLOBAL,PWRCSPGUYXX01,2034,2.4002
GLOBAL,PWRCSPGUYXX01,2035,2.4002
GLOBAL,PWRCSPGUYXX01,2036,2.4002
GLOBAL,PWRCSPGUYXX01,2037,2.4002
GLOBAL,PWRCSPGUYXX01,2038,2.4002
GLOBAL,PWRCSPGUYXX01,2039,2.4002
GLOBAL,PWRCSPGUYXX01,2040,2.4002
GLOBAL,PWRCSPGUYXX01,2041,2.4002
GLOBAL,PWRCSPGUYXX01,2042,2.4002
GLOBAL,PWRCSPGUYXX01,2043,2.4002
GLOBAL,PWRCSPGUYXX01,2044,2.4002
GLOBAL,PWRCSPGUYXX01,2045,2.4002
GLOBAL,PWRCSPGUYXX01,2046,2.4002
GLOBAL,PWRCSPGUYXX01,2047,2.4002
GLOBAL,PWRCSPGUYXX01,2048,2.4002
GLOBAL,PWRCSPGUYXX01,2049,2.4002
GLOBAL,PWRCSPGUYXX01,2050,2.4002
GLOBAL,PWRSPVGUYXX01,2021,15.5002
GLOBAL,PWRSPVGUYXX01,2022,15.5002
GLOBAL,PWRSPVGUYXX01,2023,15.5002
GLOBAL,PWRSPVGUYXX01,2024,15.5002
GLOBAL,PWRSPVGUYXX01,2025,15.5002
GLOBAL,PWRSPVGUYXX01,2026,15.5002
GLOBAL,PWRSPVGUYXX01,2027,15.5002
GLOBAL,PWRSPVGUYXX01,2028,15.5002
GLOBAL,PWRSPVGUYXX01,2029,15.5002
GLOBAL,PWRSPVGUYXX01,2030,15.5002
GLOBAL,PWRSPVGUYXX01,2031,15.5002
GLOBAL,PWRSPVGUYXX01,2032,15.5002
GLOBAL,PWRSPVGUYXX01,2033,15.5002
GLOBAL,PWRSPVGUYXX01,2034,15.5002
GLOBAL,PWRSPVGUYXX01,2035,15.5002
GLOBAL,PWRSPVGUYXX01,2036,15.5002
GLOBAL,PWRSPVGUYXX01,2037,15.5002
GLOBAL,PWRSPVGUYXX01,2038,15.5002
GLOBAL,PWRSPVGUYXX01,2039,15.5002
GLOBAL,PWRSPVGUYXX01,2040,15.5002
GLOBAL,PWRSPVGUYXX01,2041,15.5002
GLOBAL,PWRSPVGUYXX01,2042,15.5002
GLOBAL,PWRSPVGUYXX01,2043,15.5002
GLOBAL,PWRSPVGUYXX01,2044,15.5002
GLOBAL,PWRSPVGUYXX01,2045,15.5002
GLOBAL,PWRSPVGUYXX01,2046,15.5002
GLOBAL,PWRSPVGUYXX01,2047,15.5002
GLOBAL,PWRSPVGUYXX01,2048,15.5002
GLOBAL,PWRSPVGUYXX01,2049,15.5002
GLOBAL,PWRSPVGUYXX01,2050,15.5002
GLOBAL,PWRWOFGUYXX01,2021,78.3002
GLOBAL,PWRWOFGUYXX01,2022,78.3002
GLOBAL,PWRWOFGUYXX01,2023,78.3002
GLOBAL,PWRWOFGUYXX01,2024,78.3002
GLOBAL,PWRWOFGUYXX01,2025,78.3002
GLOBAL,PWRWOFGUYXX01,2026,78.3002
GLOBAL,PWRWOFGUYXX01,2027,78.3002
GLOBAL,PWRWOFGUYXX01,2028,78.3002
GLOBAL,PWRWOFGUYXX01,2029,78.3002
GLOBAL,PWRWOFGUYXX01,2030,78.3002
GLOBAL,PWRWOFGUYXX01,2031,78.3002
GLOBAL,PWRWOFGUYXX01,2032,78.3002
GLOBAL,PWRWOFGUYXX01,2033,78.3002
GLOBAL,PWRWOFGUYXX01,2034,78.3002
GLOBAL,PWRWOFGUYXX01,2035,78.3002
GLOBAL,PWRWOFGUYXX01,2036,78.3002
GLOBAL,PWRWOFGUYXX01,2037,78.3002
GLOBAL,PWRWOFGUYXX01,2038,78.3002
GLOBAL,PWRWOFGUYXX01,2039,78.3002
GLOBAL,PWRWOFGUYXX01,2040,78.3002
GLOBAL,PWRWOFGUYXX01,2041,78.3002
GLOBAL,PWRWOFGUYXX01,2042,78.3002
GLOBAL,PWRWOFGUYXX01,2043,78.3002
GLOBAL,PWRWOFGUYXX01,2044,78.3002
GLOBAL,PWRWOFGUYXX01,2045,78.3002
GLOBAL,PWRWOFGUYXX01,2046,78.3002
GLOBAL,PWRWOFGUYXX01,2047,78.3002
GLOBAL,PWRWOFGUYXX01,2048,78.3002
GLOBAL,PWRWOFGUYXX01,2049,78.3002
GLOBAL,PWRWOFGUYXX01,2050,78.3002
GLOBAL,PWRWONGUYXX01,2021,54.3142
GLOBAL,PWRWONGUYXX01,2022,54.3142
GLOBAL,PWRWONGUYXX01,2023,54.3142
GLOBAL,PWRWONGUYXX01,2024,54.3142
GLOBAL,PWRWONGUYXX01,2025,54.3142
GLOBAL,PWRWONGUYXX01,2026,54.3142
GLOBAL,PWRWONGUYXX01,2027,54.3142
GLOBAL,PWRWONGUYXX01,2028,54.3142
GLOBAL,PWRWONGUYXX01,2029,54.3142
GLOBAL,PWRWONGUYXX01,2030,54.3142
GLOBAL,PWRWONGUYXX01,2031,54.3142
GLOBAL,PWRWONGUYXX01,2032,54.3142
GLOBAL,PWRWONGUYXX01,2033,54.3142
GLOBAL,PWRWONGUYXX01,2034,54.3142
GLOBAL,PWRWONGUYXX01,2035,54.3142
GLOBAL,PWRWONGUYXX01,2036,54.3142
GLOBAL,PWRWONGUYXX01,2037,54.3142
GLOBAL,PWRWONGUYXX01,2038,54.3142
GLOBAL,PWRWONGUYXX01,2039,54.3142
GLOBAL,PWRWONGUYXX01,2040,54.3142
GLOBAL,PWRWONGUYXX01,2041,54.3142
GLOBAL,PWRWONGUYXX01,2042,54.3142
GLOBAL,PWRWONGUYXX01,2043,54.3142
GLOBAL,PWRWONGUYXX01,2044,54.3142
GLOBAL,PWRWONGUYXX01,2045,54.3142
GLOBAL,PWRWONGUYXX01,2046,54.3142
GLOBAL,PWRWONGUYXX01,2047,54.3142
GLOBAL,PWRWONGUYXX01,2048,54.3142
GLOBAL,PWRWONGUYXX01,2049,54.3142
GLOBAL,PWRWONGUYXX01,2050,54.3142
