REGION,TIMESLICE,TECHNOLOGY,FUEL,YEAR,VALUE
GLOBAL,S1D1,MINGASINT,GASINT,2021,0.2592097736
GLOBAL,S1D1,MINGASINT,GASINT,2022,0.2592097736
GLOBAL,S1D1,MINGASINT,GASINT,2023,0.2592097736
GLOBAL,S1D1,MINGASINT,GASINT,2024,0.2592097736
GLOBAL,S1D1,MINGASINT,GASINT,2025,0.2592097736
GLOBAL,S1D1,MINGASINT,GASINT,2026,0.2592097736
GLOBAL,S1D1,MINGASINT,GASINT,2027,0.2592097736
GLOBAL,S1D1,MINGASINT,GASINT,2028,0.21282051800000001
GLOBAL,S1D1,MINGASINT,GASINT,2029,0.21282051800000001
GLOBAL,S1D1,MINGASINT,GASINT,2030,0.2592097736
GLOBAL,S1D1,MINGASINT,GASINT,2031,0.2592097736
GLOBAL,S1D1,MINGASINT,GASINT,2032,0.2592097736
GLOBAL,S1D1,MINGASINT,GASINT,2033,0.2592097736
GLOBAL,S1D1,MINGASINT,GASINT,2034,0.2592097736
GLOBAL,S1D1,MINGASINT,GASINT,2035,0.2592097736
GLOBAL,S1D1,MINGASINT,GASINT,2036,0.2592097736
GLOBAL,S1D1,MINGASINT,GASINT,2037,0.2592097736
GLOBAL,S1D1,MINGASINT,GASINT,2038,0.2592097736
GLOBAL,S1D1,MINGASINT,GASINT,2039,0.330134438
GLOBAL,S1D1,MINGASINT,GASINT,2040,0.3365999964
GLOBAL,S1D1,MINGASINT,GASINT,2041,0.3388000044
GLOBAL,S1D1,MINGASINT,GASINT,2042,0.34099999999999997
GLOBAL,S1D1,MINGASINT,GASINT,2043,0.3442999996
GLOBAL,S1D1,MINGASINT,GASINT,2044,0.34649999519999997
GLOBAL,S1D1,MINGASINT,GASINT,2045,0.3487000032
GLOBAL,S1D1,MINGASINT,GASINT,2046,0.3619000016
GLOBAL,S1D1,MINGASINT,GASINT,2047,0.373999996
GLOBAL,S1D1,MINGASINT,GASINT,2048,0.38610000279999995
GLOBAL,S1D1,MINGASINT,GASINT,2049,0.3993000012
GLOBAL,S1D1,MINGASINT,GASINT,2050,0.4113999956
GLOBAL,S1D1,PWRBIOGUYXX01,ELCGUYXX01,2021,0.0709246644
GLOBAL,S1D1,PWRBIOGUYXX01,ELCGUYXX01,2022,0.0709246644
GLOBAL,S1D1,PWRBIOGUYXX01,ELCGUYXX01,2023,0.0709246644
GLOBAL,S1D1,PWRBIOGUYXX01,ELCGUYXX01,2024,0.0709246644
GLOBAL,S1D1,PWRBIOGUYXX01,ELCGUYXX01,2025,0.0709246644
GLOBAL,S1D1,PWRBIOGUYXX01,ELCGUYXX01,2026,0.0709246644
GLOBAL,S1D1,PWRBIOGUYXX01,ELCGUYXX01,2027,0.0709246644
GLOBAL,S1D1,PWRBIOGUYXX01,ELCGUYXX01,2028,0.11731392
GLOBAL,S1D1,PWRBIOGUYXX01,ELCGUYXX01,2029,0.11731392
GLOBAL,S1D1,PWRBIOGUYXX01,ELCGUYXX01,2030,0.0709246644
GLOBAL,S1D1,PWRBIOGUYXX01,ELCGUYXX01,2031,0.0709246644
GLOBAL,S1D1,PWRBIOGUYXX01,ELCGUYXX01,2032,0.0709246644
GLOBAL,S1D1,PWRBIOGUYXX01,ELCGUYXX01,2033,0.0709246644
GLOBAL,S1D1,PWRBIOGUYXX01,ELCGUYXX01,2034,0.0709246644
GLOBAL,S1D1,PWRBIOGUYXX01,ELCGUYXX01,2035,0.0709246644
GLOBAL,S1D1,PWRBIOGUYXX01,ELCGUYXX01,2036,0.0709246644
GLOBAL,S1D1,PWRBIOGUYXX01,ELCGUYXX01,2037,0.0709246644
GLOBAL,S1D1,PWRBIOGUYXX01,ELCGUYXX01,2038,0.0709246644
GLOBAL,S1D1,PWRCCGGUYXX01,ELCGUYXX01,2021,0.2592097736
GLOBAL,S1D1,PWRCCGGUYXX01,ELCGUYXX01,2022,0.2592097736
GLOBAL,S1D1,PWRCCGGUYXX01,ELCGUYXX01,2023,0.2592097736
GLOBAL,S1D1,PWRCCGGUYXX01,ELCGUYXX01,2024,0.2592097736
GLOBAL,S1D1,PWRCCGGUYXX01,ELCGUYXX01,2025,0.2592097736
GLOBAL,S1D1,PWRCCGGUYXX01,ELCGUYXX01,2026,0.2592097736
GLOBAL,S1D1,PWRCCGGUYXX01,ELCGUYXX01,2027,0.2592097736
GLOBAL,S1D1,PWRCCGGUYXX01,ELCGUYXX01,2028,0.21282051800000001
GLOBAL,S1D1,PWRCCGGUYXX01,ELCGUYXX01,2029,0.21282051800000001
GLOBAL,S1D1,PWRCCGGUYXX01,ELCGUYXX01,2030,0.2592097736
GLOBAL,S1D1,PWRCCGGUYXX01,ELCGUYXX01,2031,0.2592097736
GLOBAL,S1D1,PWRCCGGUYXX01,ELCGUYXX01,2032,0.2592097736
GLOBAL,S1D1,PWRCCGGUYXX01,ELCGUYXX01,2033,0.2592097736
GLOBAL,S1D1,PWRCCGGUYXX01,ELCGUYXX01,2034,0.2592097736
GLOBAL,S1D1,PWRCCGGUYXX01,ELCGUYXX01,2035,0.2592097736
GLOBAL,S1D1,PWRCCGGUYXX01,ELCGUYXX01,2036,0.2592097736
GLOBAL,S1D1,PWRCCGGUYXX01,ELCGUYXX01,2037,0.2592097736
GLOBAL,S1D1,PWRCCGGUYXX01,ELCGUYXX01,2038,0.2592097736
GLOBAL,S1D1,PWRCCGGUYXX01,ELCGUYXX01,2039,0.330134438
GLOBAL,S1D1,PWRCCGGUYXX01,ELCGUYXX01,2040,0.3365999964
GLOBAL,S1D1,PWRCCGGUYXX01,ELCGUYXX01,2041,0.3388000044
GLOBAL,S1D1,PWRCCGGUYXX01,ELCGUYXX01,2042,0.34099999999999997
GLOBAL,S1D1,PWRCCGGUYXX01,ELCGUYXX01,2043,0.3442999996
GLOBAL,S1D1,PWRCCGGUYXX01,ELCGUYXX01,2044,0.34649999519999997
GLOBAL,S1D1,PWRCCGGUYXX01,ELCGUYXX01,2045,0.3487000032
GLOBAL,S1D1,PWRCCGGUYXX01,ELCGUYXX01,2046,0.3619000016
GLOBAL,S1D1,PWRCCGGUYXX01,ELCGUYXX01,2047,0.373999996
GLOBAL,S1D1,PWRCCGGUYXX01,ELCGUYXX01,2048,0.38610000279999995
GLOBAL,S1D1,PWRCCGGUYXX01,ELCGUYXX01,2049,0.3993000012
GLOBAL,S1D1,PWRCCGGUYXX01,ELCGUYXX01,2050,0.4113999956
GLOBAL,S1D1,PWRCCGGUYXX01,GASINT,2021,0.2592097736
GLOBAL,S1D1,PWRCCGGUYXX01,GASINT,2022,0.2592097736
GLOBAL,S1D1,PWRCCGGUYXX01,GASINT,2023,0.2592097736
GLOBAL,S1D1,PWRCCGGUYXX01,GASINT,2024,0.2592097736
GLOBAL,S1D1,PWRCCGGUYXX01,GASINT,2025,0.2592097736
GLOBAL,S1D1,PWRCCGGUYXX01,GASINT,2026,0.2592097736
GLOBAL,S1D1,PWRCCGGUYXX01,GASINT,2027,0.2592097736
GLOBAL,S1D1,PWRCCGGUYXX01,GASINT,2028,0.21282051800000001
GLOBAL,S1D1,PWRCCGGUYXX01,GASINT,2029,0.21282051800000001
GLOBAL,S1D1,PWRCCGGUYXX01,GASINT,2030,0.2592097736
GLOBAL,S1D1,PWRCCGGUYXX01,GASINT,2031,0.2592097736
GLOBAL,S1D1,PWRCCGGUYXX01,GASINT,2032,0.2592097736
GLOBAL,S1D1,PWRCCGGUYXX01,GASINT,2033,0.2592097736
GLOBAL,S1D1,PWRCCGGUYXX01,GASINT,2034,0.2592097736
GLOBAL,S1D1,PWRCCGGUYXX01,GASINT,2035,0.2592097736
GLOBAL,S1D1,PWRCCGGUYXX01,GASINT,2036,0.2592097736
GLOBAL,S1D1,PWRCCGGUYXX01,GASINT,2037,0.2592097736
GLOBAL,S1D1,PWRCCGGUYXX01,GASINT,2038,0.2592097736
GLOBAL,S1D1,PWRCCGGUYXX01,GASINT,2039,0.330134438
GLOBAL,S1D1,PWRCCGGUYXX01,GASINT,2040,0.3365999964
GLOBAL,S1D1,PWRCCGGUYXX01,GASINT,2041,0.3388000044
GLOBAL,S1D1,PWRCCGGUYXX01,GASINT,2042,0.34099999999999997
GLOBAL,S1D1,PWRCCGGUYXX01,GASINT,2043,0.3442999996
GLOBAL,S1D1,PWRCCGGUYXX01,GASINT,2044,0.34649999519999997
GLOBAL,S1D1,PWRCCGGUYXX01,GASINT,2045,0.3487000032
GLOBAL,S1D1,PWRCCGGUYXX01,GASINT,2046,0.3619000016
GLOBAL,S1D1,PWRCCGGUYXX01,GASINT,2047,0.373999996
GLOBAL,S1D1,PWRCCGGUYXX01,GASINT,2048,0.38610000279999995
GLOBAL,S1D1,PWRCCGGUYXX01,GASINT,2049,0.3993000012
GLOBAL,S1D1,PWRCCGGUYXX01,GASINT,2050,0.4113999956
GLOBAL,S1D1,PWRTRNGUYXX,ELCGUYXX02,2021,0.3365999964
GLOBAL,S1D1,PWRTRNGUYXX,ELCGUYXX02,2022,0.3365999964
GLOBAL,S1D1,PWRTRNGUYXX,ELCGUYXX02,2023,0.3365999964
GLOBAL,S1D1,PWRTRNGUYXX,ELCGUYXX02,2024,0.3365999964
GLOBAL,S1D1,PWRTRNGUYXX,ELCGUYXX02,2025,0.3365999964
GLOBAL,S1D1,PWRTRNGUYXX,ELCGUYXX02,2026,0.3365999964
GLOBAL,S1D1,PWRTRNGUYXX,ELCGUYXX02,2027,0.3365999964
GLOBAL,S1D1,PWRTRNGUYXX,ELCGUYXX02,2028,0.3365999964
GLOBAL,S1D1,PWRTRNGUYXX,ELCGUYXX02,2029,0.3365999964
GLOBAL,S1D1,PWRTRNGUYXX,ELCGUYXX02,2030,0.3365999964
GLOBAL,S1D1,PWRTRNGUYXX,ELCGUYXX02,2031,0.3365999964
GLOBAL,S1D1,PWRTRNGUYXX,ELCGUYXX02,2032,0.3365999964
GLOBAL,S1D1,PWRTRNGUYXX,ELCGUYXX02,2033,0.3365999964
GLOBAL,S1D1,PWRTRNGUYXX,ELCGUYXX02,2034,0.3365999964
GLOBAL,S1D1,PWRTRNGUYXX,ELCGUYXX02,2035,0.3365999964
GLOBAL,S1D1,PWRTRNGUYXX,ELCGUYXX02,2036,0.3365999964
GLOBAL,S1D1,PWRTRNGUYXX,ELCGUYXX02,2037,0.3365999964
GLOBAL,S1D1,PWRTRNGUYXX,ELCGUYXX02,2038,0.3365999964
GLOBAL,S1D1,PWRTRNGUYXX,ELCGUYXX02,2039,0.3365999964
GLOBAL,S1D1,PWRTRNGUYXX,ELCGUYXX02,2040,0.3365999964
GLOBAL,S1D1,PWRTRNGUYXX,ELCGUYXX02,2041,0.3388000044
GLOBAL,S1D1,PWRTRNGUYXX,ELCGUYXX02,2042,0.34099999999999997
GLOBAL,S1D1,PWRTRNGUYXX,ELCGUYXX02,2043,0.3442999996
GLOBAL,S1D1,PWRTRNGUYXX,ELCGUYXX02,2044,0.34649999519999997
GLOBAL,S1D1,PWRTRNGUYXX,ELCGUYXX02,2045,0.3487000032
GLOBAL,S1D1,PWRTRNGUYXX,ELCGUYXX02,2046,0.3619000016
GLOBAL,S1D1,PWRTRNGUYXX,ELCGUYXX02,2047,0.373999996
GLOBAL,S1D1,PWRTRNGUYXX,ELCGUYXX02,2048,0.38610000279999995
GLOBAL,S1D1,PWRTRNGUYXX,ELCGUYXX02,2049,0.3993000012
GLOBAL,S1D1,PWRTRNGUYXX,ELCGUYXX02,2050,0.4113999956
GLOBAL,S1D1,PWRWONGUYXX01,ELCGUYXX01,2021,0.006465561127999999
GLOBAL,S1D1,PWRWONGUYXX01,ELCGUYXX01,2022,0.006465561127999999
GLOBAL,S1D1,PWRWONGUYXX01,ELCGUYXX01,2023,0.006465561127999999
GLOBAL,S1D1,PWRWONGUYXX01,ELCGUYXX01,2024,0.006465561127999999
GLOBAL,S1D1,PWRWONGUYXX01,ELCGUYXX01,2025,0.006465561127999999
GLOBAL,S1D1,PWRWONGUYXX01,ELCGUYXX01,2026,0.006465561127999999
GLOBAL,S1D1,PWRWONGUYXX01,ELCGUYXX01,2027,0.006465561127999999
GLOBAL,S1D1,PWRWONGUYXX01,ELCGUYXX01,2028,0.006465561127999999
GLOBAL,S1D1,PWRWONGUYXX01,ELCGUYXX01,2029,0.006465561127999999
GLOBAL,S1D1,PWRWONGUYXX01,ELCGUYXX01,2030,0.006465561127999999
GLOBAL,S1D1,PWRWONGUYXX01,ELCGUYXX01,2031,0.006465561127999999
GLOBAL,S1D1,PWRWONGUYXX01,ELCGUYXX01,2032,0.006465561127999999
GLOBAL,S1D1,PWRWONGUYXX01,ELCGUYXX01,2033,0.006465561127999999
GLOBAL,S1D1,PWRWONGUYXX01,ELCGUYXX01,2034,0.006465561127999999
GLOBAL,S1D1,PWRWONGUYXX01,ELCGUYXX01,2035,0.006465561127999999
GLOBAL,S1D1,PWRWONGUYXX01,ELCGUYXX01,2036,0.006465561127999999
GLOBAL,S1D1,PWRWONGUYXX01,ELCGUYXX01,2037,0.006465561127999999
GLOBAL,S1D1,PWRWONGUYXX01,ELCGUYXX01,2038,0.006465561127999999
GLOBAL,S1D1,PWRWONGUYXX01,ELCGUYXX01,2039,0.006465561127999999
GLOBAL,S1D1,RNWBIOGUYXX,BIOGUYXX,2021,0.2617120068
GLOBAL,S1D1,RNWBIOGUYXX,BIOGUYXX,2022,0.2617120068
GLOBAL,S1D1,RNWBIOGUYXX,BIOGUYXX,2023,0.2617120068
GLOBAL,S1D1,RNWBIOGUYXX,BIOGUYXX,2024,0.2617120068
GLOBAL,S1D1,RNWBIOGUYXX,BIOGUYXX,2025,0.2617120068
GLOBAL,S1D1,RNWBIOGUYXX,BIOGUYXX,2026,0.2617120068
GLOBAL,S1D1,RNWBIOGUYXX,BIOGUYXX,2027,0.2617120068
GLOBAL,S1D1,RNWBIOGUYXX,BIOGUYXX,2028,0.4328883648
GLOBAL,S1D1,RNWBIOGUYXX,BIOGUYXX,2029,0.4328883648
GLOBAL,S1D1,RNWBIOGUYXX,BIOGUYXX,2030,0.2617120068
GLOBAL,S1D1,RNWBIOGUYXX,BIOGUYXX,2031,0.2617120068
GLOBAL,S1D1,RNWBIOGUYXX,BIOGUYXX,2032,0.2617120068
GLOBAL,S1D1,RNWBIOGUYXX,BIOGUYXX,2033,0.2617120068
GLOBAL,S1D1,RNWBIOGUYXX,BIOGUYXX,2034,0.2617120068
GLOBAL,S1D1,RNWBIOGUYXX,BIOGUYXX,2035,0.2617120068
GLOBAL,S1D1,RNWBIOGUYXX,BIOGUYXX,2036,0.2617120068
GLOBAL,S1D1,RNWBIOGUYXX,BIOGUYXX,2037,0.2617120068
GLOBAL,S1D1,RNWBIOGUYXX,BIOGUYXX,2038,0.2617120068
GLOBAL,S1D1,RNWWONGUYXX,WONGUYXX,2021,0.006465561127999999
GLOBAL,S1D1,RNWWONGUYXX,WONGUYXX,2022,0.006465561127999999
GLOBAL,S1D1,RNWWONGUYXX,WONGUYXX,2023,0.006465561127999999
GLOBAL,S1D1,RNWWONGUYXX,WONGUYXX,2024,0.006465561127999999
GLOBAL,S1D1,RNWWONGUYXX,WONGUYXX,2025,0.006465561127999999
GLOBAL,S1D1,RNWWONGUYXX,WONGUYXX,2026,0.006465561127999999
GLOBAL,S1D1,RNWWONGUYXX,WONGUYXX,2027,0.006465561127999999
GLOBAL,S1D1,RNWWONGUYXX,WONGUYXX,2028,0.006465561127999999
GLOBAL,S1D1,RNWWONGUYXX,WONGUYXX,2029,0.006465561127999999
GLOBAL,S1D1,RNWWONGUYXX,WONGUYXX,2030,0.006465561127999999
GLOBAL,S1D1,RNWWONGUYXX,WONGUYXX,2031,0.006465561127999999
GLOBAL,S1D1,RNWWONGUYXX,WONGUYXX,2032,0.006465561127999999
GLOBAL,S1D1,RNWWONGUYXX,WONGUYXX,2033,0.006465561127999999
GLOBAL,S1D1,RNWWONGUYXX,WONGUYXX,2034,0.006465561127999999
GLOBAL,S1D1,RNWWONGUYXX,WONGUYXX,2035,0.006465561127999999
GLOBAL,S1D1,RNWWONGUYXX,WONGUYXX,2036,0.006465561127999999
GLOBAL,S1D1,RNWWONGUYXX,WONGUYXX,2037,0.006465561127999999
GLOBAL,S1D1,RNWWONGUYXX,WONGUYXX,2038,0.006465561127999999
GLOBAL,S1D1,RNWWONGUYXX,WONGUYXX,2039,0.006465561127999999
GLOBAL,S1D2,MINGASINT,GASINT,2021,0.2478902104
GLOBAL,S1D2,MINGASINT,GASINT,2022,0.2478902104
GLOBAL,S1D2,MINGASINT,GASINT,2023,0.2418519436
GLOBAL,S1D2,MINGASINT,GASINT,2024,0.2478902104
GLOBAL,S1D2,MINGASINT,GASINT,2025,0.1305762904
GLOBAL,S1D2,MINGASINT,GASINT,2026,0.1305762904
GLOBAL,S1D2,MINGASINT,GASINT,2027,0.2418519436
GLOBAL,S1D2,MINGASINT,GASINT,2028,0.1690351136
GLOBAL,S1D2,MINGASINT,GASINT,2029,0.1690351136
GLOBAL,S1D2,MINGASINT,GASINT,2030,0.2418519436
GLOBAL,S1D2,MINGASINT,GASINT,2031,0.2478902104
GLOBAL,S1D2,MINGASINT,GASINT,2032,0.1305762904
GLOBAL,S1D2,MINGASINT,GASINT,2033,0.2418519436
GLOBAL,S1D2,MINGASINT,GASINT,2034,0.2478902104
GLOBAL,S1D2,MINGASINT,GASINT,2035,0.2418519436
GLOBAL,S1D2,MINGASINT,GASINT,2036,0.2478902104
GLOBAL,S1D2,MINGASINT,GASINT,2037,0.1305762904
GLOBAL,S1D2,MINGASINT,GASINT,2038,0.1305762904
GLOBAL,S1D2,MINGASINT,GASINT,2039,0.2478902104
GLOBAL,S1D2,MINGASINT,GASINT,2040,0.252399954
GLOBAL,S1D2,MINGASINT,GASINT,2041,0.25404962519999996
GLOBAL,S1D2,MINGASINT,GASINT,2042,0.2556992964
GLOBAL,S1D2,MINGASINT,GASINT,2043,0.258999296
GLOBAL,S1D2,MINGASINT,GASINT,2044,0.261199304
GLOBAL,S1D2,MINGASINT,GASINT,2045,0.26339929959999997
GLOBAL,S1D2,MINGASINT,GASINT,2046,0.276599298
GLOBAL,S1D2,MINGASINT,GASINT,2047,0.2886993048
GLOBAL,S1D2,MINGASINT,GASINT,2048,0.30079929920000004
GLOBAL,S1D2,MINGASINT,GASINT,2049,0.3139992976
GLOBAL,S1D2,MINGASINT,GASINT,2050,0.3260993044
GLOBAL,S1D2,PWRBIOGUYXX01,ELCGUYXX01,2023,0.006038274116
GLOBAL,S1D2,PWRBIOGUYXX01,ELCGUYXX01,2025,0.11731392
GLOBAL,S1D2,PWRBIOGUYXX01,ELCGUYXX01,2026,0.11731392
GLOBAL,S1D2,PWRBIOGUYXX01,ELCGUYXX01,2027,0.006038274116
GLOBAL,S1D2,PWRBIOGUYXX01,ELCGUYXX01,2028,0.07885509928000001
GLOBAL,S1D2,PWRBIOGUYXX01,ELCGUYXX01,2029,0.07885509928000001
GLOBAL,S1D2,PWRBIOGUYXX01,ELCGUYXX01,2030,0.006038274116
GLOBAL,S1D2,PWRBIOGUYXX01,ELCGUYXX01,2032,0.11731392
GLOBAL,S1D2,PWRBIOGUYXX01,ELCGUYXX01,2033,0.006038274116
GLOBAL,S1D2,PWRBIOGUYXX01,ELCGUYXX01,2035,0.006038274116
GLOBAL,S1D2,PWRBIOGUYXX01,ELCGUYXX01,2037,0.11731392
GLOBAL,S1D2,PWRBIOGUYXX01,ELCGUYXX01,2038,0.11731392
GLOBAL,S1D2,PWRCCGGUYXX01,ELCGUYXX01,2021,0.2478902104
GLOBAL,S1D2,PWRCCGGUYXX01,ELCGUYXX01,2022,0.2478902104
GLOBAL,S1D2,PWRCCGGUYXX01,ELCGUYXX01,2023,0.2418519436
GLOBAL,S1D2,PWRCCGGUYXX01,ELCGUYXX01,2024,0.2478902104
GLOBAL,S1D2,PWRCCGGUYXX01,ELCGUYXX01,2025,0.1305762904
GLOBAL,S1D2,PWRCCGGUYXX01,ELCGUYXX01,2026,0.1305762904
GLOBAL,S1D2,PWRCCGGUYXX01,ELCGUYXX01,2027,0.2418519436
GLOBAL,S1D2,PWRCCGGUYXX01,ELCGUYXX01,2028,0.1690351136
GLOBAL,S1D2,PWRCCGGUYXX01,ELCGUYXX01,2029,0.1690351136
GLOBAL,S1D2,PWRCCGGUYXX01,ELCGUYXX01,2030,0.2418519436
GLOBAL,S1D2,PWRCCGGUYXX01,ELCGUYXX01,2031,0.2478902104
GLOBAL,S1D2,PWRCCGGUYXX01,ELCGUYXX01,2032,0.1305762904
GLOBAL,S1D2,PWRCCGGUYXX01,ELCGUYXX01,2033,0.2418519436
GLOBAL,S1D2,PWRCCGGUYXX01,ELCGUYXX01,2034,0.2478902104
GLOBAL,S1D2,PWRCCGGUYXX01,ELCGUYXX01,2035,0.2418519436
GLOBAL,S1D2,PWRCCGGUYXX01,ELCGUYXX01,2036,0.2478902104
GLOBAL,S1D2,PWRCCGGUYXX01,ELCGUYXX01,2037,0.1305762904
GLOBAL,S1D2,PWRCCGGUYXX01,ELCGUYXX01,2038,0.1305762904
GLOBAL,S1D2,PWRCCGGUYXX01,ELCGUYXX01,2039,0.2478902104
GLOBAL,S1D2,PWRCCGGUYXX01,ELCGUYXX01,2040,0.252399954
GLOBAL,S1D2,PWRCCGGUYXX01,ELCGUYXX01,2041,0.25404962519999996
GLOBAL,S1D2,PWRCCGGUYXX01,ELCGUYXX01,2042,0.2556992964
GLOBAL,S1D2,PWRCCGGUYXX01,ELCGUYXX01,2043,0.258999296
GLOBAL,S1D2,PWRCCGGUYXX01,ELCGUYXX01,2044,0.261199304
GLOBAL,S1D2,PWRCCGGUYXX01,ELCGUYXX01,2045,0.26339929959999997
GLOBAL,S1D2,PWRCCGGUYXX01,ELCGUYXX01,2046,0.276599298
GLOBAL,S1D2,PWRCCGGUYXX01,ELCGUYXX01,2047,0.2886993048
GLOBAL,S1D2,PWRCCGGUYXX01,ELCGUYXX01,2048,0.30079929920000004
GLOBAL,S1D2,PWRCCGGUYXX01,ELCGUYXX01,2049,0.3139992976
GLOBAL,S1D2,PWRCCGGUYXX01,ELCGUYXX01,2050,0.3260993044
GLOBAL,S1D2,PWRCCGGUYXX01,GASINT,2021,0.2478902104
GLOBAL,S1D2,PWRCCGGUYXX01,GASINT,2022,0.2478902104
GLOBAL,S1D2,PWRCCGGUYXX01,GASINT,2023,0.2418519436
GLOBAL,S1D2,PWRCCGGUYXX01,GASINT,2024,0.2478902104
GLOBAL,S1D2,PWRCCGGUYXX01,GASINT,2025,0.1305762904
GLOBAL,S1D2,PWRCCGGUYXX01,GASINT,2026,0.1305762904
GLOBAL,S1D2,PWRCCGGUYXX01,GASINT,2027,0.2418519436
GLOBAL,S1D2,PWRCCGGUYXX01,GASINT,2028,0.1690351136
GLOBAL,S1D2,PWRCCGGUYXX01,GASINT,2029,0.1690351136
GLOBAL,S1D2,PWRCCGGUYXX01,GASINT,2030,0.2418519436
GLOBAL,S1D2,PWRCCGGUYXX01,GASINT,2031,0.2478902104
GLOBAL,S1D2,PWRCCGGUYXX01,GASINT,2032,0.1305762904
GLOBAL,S1D2,PWRCCGGUYXX01,GASINT,2033,0.2418519436
GLOBAL,S1D2,PWRCCGGUYXX01,GASINT,2034,0.2478902104
GLOBAL,S1D2,PWRCCGGUYXX01,GASINT,2035,0.2418519436
GLOBAL,S1D2,PWRCCGGUYXX01,GASINT,2036,0.2478902104
GLOBAL,S1D2,PWRCCGGUYXX01,GASINT,2037,0.1305762904
GLOBAL,S1D2,PWRCCGGUYXX01,GASINT,2038,0.1305762904
GLOBAL,S1D2,PWRCCGGUYXX01,GASINT,2039,0.2478902104
GLOBAL,S1D2,PWRCCGGUYXX01,GASINT,2040,0.252399954
GLOBAL,S1D2,PWRCCGGUYXX01,GASINT,2041,0.25404962519999996
GLOBAL,S1D2,PWRCCGGUYXX01,GASINT,2042,0.2556992964
GLOBAL,S1D2,PWRCCGGUYXX01,GASINT,2043,0.258999296
GLOBAL,S1D2,PWRCCGGUYXX01,GASINT,2044,0.261199304
GLOBAL,S1D2,PWRCCGGUYXX01,GASINT,2045,0.26339929959999997
GLOBAL,S1D2,PWRCCGGUYXX01,GASINT,2046,0.276599298
GLOBAL,S1D2,PWRCCGGUYXX01,GASINT,2047,0.2886993048
GLOBAL,S1D2,PWRCCGGUYXX01,GASINT,2048,0.30079929920000004
GLOBAL,S1D2,PWRCCGGUYXX01,GASINT,2049,0.3139992976
GLOBAL,S1D2,PWRCCGGUYXX01,GASINT,2050,0.3260993044
GLOBAL,S1D2,PWRSPVGUYXX01,ELCGUYXX01,2021,0.08262197376000001
GLOBAL,S1D2,PWRSPVGUYXX01,ELCGUYXX01,2022,0.08262197376000001
GLOBAL,S1D2,PWRSPVGUYXX01,ELCGUYXX01,2023,0.08262197376000001
GLOBAL,S1D2,PWRSPVGUYXX01,ELCGUYXX01,2024,0.08262197376000001
GLOBAL,S1D2,PWRSPVGUYXX01,ELCGUYXX01,2025,0.08262197376000001
GLOBAL,S1D2,PWRSPVGUYXX01,ELCGUYXX01,2026,0.08262197376000001
GLOBAL,S1D2,PWRSPVGUYXX01,ELCGUYXX01,2027,0.08262197376000001
GLOBAL,S1D2,PWRSPVGUYXX01,ELCGUYXX01,2028,0.08262197376000001
GLOBAL,S1D2,PWRSPVGUYXX01,ELCGUYXX01,2029,0.08262197376000001
GLOBAL,S1D2,PWRSPVGUYXX01,ELCGUYXX01,2030,0.08262197376000001
GLOBAL,S1D2,PWRSPVGUYXX01,ELCGUYXX01,2031,0.08262197376000001
GLOBAL,S1D2,PWRSPVGUYXX01,ELCGUYXX01,2032,0.08262197376000001
GLOBAL,S1D2,PWRSPVGUYXX01,ELCGUYXX01,2033,0.08262197376000001
GLOBAL,S1D2,PWRSPVGUYXX01,ELCGUYXX01,2034,0.08262197376000001
GLOBAL,S1D2,PWRSPVGUYXX01,ELCGUYXX01,2035,0.08262197376000001
GLOBAL,S1D2,PWRSPVGUYXX01,ELCGUYXX01,2036,0.08262197376000001
GLOBAL,S1D2,PWRSPVGUYXX01,ELCGUYXX01,2037,0.08262197376000001
GLOBAL,S1D2,PWRSPVGUYXX01,ELCGUYXX01,2038,0.08262197376000001
GLOBAL,S1D2,PWRSPVGUYXX01,ELCGUYXX01,2039,0.08262197376000001
GLOBAL,S1D2,PWRSPVGUYXX01,ELCGUYXX01,2040,0.08420004735999999
GLOBAL,S1D2,PWRSPVGUYXX01,ELCGUYXX01,2041,0.08475037424
GLOBAL,S1D2,PWRSPVGUYXX01,ELCGUYXX01,2042,0.08530070111999999
GLOBAL,S1D2,PWRSPVGUYXX01,ELCGUYXX01,2043,0.08530070111999999
GLOBAL,S1D2,PWRSPVGUYXX01,ELCGUYXX01,2044,0.08530070111999999
GLOBAL,S1D2,PWRSPVGUYXX01,ELCGUYXX01,2045,0.08530070111999999
GLOBAL,S1D2,PWRSPVGUYXX01,ELCGUYXX01,2046,0.08530070111999999
GLOBAL,S1D2,PWRSPVGUYXX01,ELCGUYXX01,2047,0.08530070111999999
GLOBAL,S1D2,PWRSPVGUYXX01,ELCGUYXX01,2048,0.08530070111999999
GLOBAL,S1D2,PWRSPVGUYXX01,ELCGUYXX01,2049,0.08530070111999999
GLOBAL,S1D2,PWRSPVGUYXX01,ELCGUYXX01,2050,0.08530070111999999
GLOBAL,S1D2,PWRTRNGUYXX,ELCGUYXX02,2021,0.3365999964
GLOBAL,S1D2,PWRTRNGUYXX,ELCGUYXX02,2022,0.3365999964
GLOBAL,S1D2,PWRTRNGUYXX,ELCGUYXX02,2023,0.3365999964
GLOBAL,S1D2,PWRTRNGUYXX,ELCGUYXX02,2024,0.3365999964
GLOBAL,S1D2,PWRTRNGUYXX,ELCGUYXX02,2025,0.3365999964
GLOBAL,S1D2,PWRTRNGUYXX,ELCGUYXX02,2026,0.3365999964
GLOBAL,S1D2,PWRTRNGUYXX,ELCGUYXX02,2027,0.3365999964
GLOBAL,S1D2,PWRTRNGUYXX,ELCGUYXX02,2028,0.3365999964
GLOBAL,S1D2,PWRTRNGUYXX,ELCGUYXX02,2029,0.3365999964
GLOBAL,S1D2,PWRTRNGUYXX,ELCGUYXX02,2030,0.3365999964
GLOBAL,S1D2,PWRTRNGUYXX,ELCGUYXX02,2031,0.3365999964
GLOBAL,S1D2,PWRTRNGUYXX,ELCGUYXX02,2032,0.3365999964
GLOBAL,S1D2,PWRTRNGUYXX,ELCGUYXX02,2033,0.3365999964
GLOBAL,S1D2,PWRTRNGUYXX,ELCGUYXX02,2034,0.3365999964
GLOBAL,S1D2,PWRTRNGUYXX,ELCGUYXX02,2035,0.3365999964
GLOBAL,S1D2,PWRTRNGUYXX,ELCGUYXX02,2036,0.3365999964
GLOBAL,S1D2,PWRTRNGUYXX,ELCGUYXX02,2037,0.3365999964
GLOBAL,S1D2,PWRTRNGUYXX,ELCGUYXX02,2038,0.3365999964
GLOBAL,S1D2,PWRTRNGUYXX,ELCGUYXX02,2039,0.3365999964
GLOBAL,S1D2,PWRTRNGUYXX,ELCGUYXX02,2040,0.3365999964
GLOBAL,S1D2,PWRTRNGUYXX,ELCGUYXX02,2041,0.3388000044
GLOBAL,S1D2,PWRTRNGUYXX,ELCGUYXX02,2042,0.34099999999999997
GLOBAL,S1D2,PWRTRNGUYXX,ELCGUYXX02,2043,0.3442999996
GLOBAL,S1D2,PWRTRNGUYXX,ELCGUYXX02,2044,0.34649999519999997
GLOBAL,S1D2,PWRTRNGUYXX,ELCGUYXX02,2045,0.3487000032
GLOBAL,S1D2,PWRTRNGUYXX,ELCGUYXX02,2046,0.3619000016
GLOBAL,S1D2,PWRTRNGUYXX,ELCGUYXX02,2047,0.373999996
GLOBAL,S1D2,PWRTRNGUYXX,ELCGUYXX02,2048,0.38610000279999995
GLOBAL,S1D2,PWRTRNGUYXX,ELCGUYXX02,2049,0.3993000012
GLOBAL,S1D2,PWRTRNGUYXX,ELCGUYXX02,2050,0.4113999956
GLOBAL,S1D2,PWRWONGUYXX01,ELCGUYXX01,2021,0.00608781038
GLOBAL,S1D2,PWRWONGUYXX01,ELCGUYXX01,2022,0.00608781038
GLOBAL,S1D2,PWRWONGUYXX01,ELCGUYXX01,2023,0.00608781038
GLOBAL,S1D2,PWRWONGUYXX01,ELCGUYXX01,2024,0.00608781038
GLOBAL,S1D2,PWRWONGUYXX01,ELCGUYXX01,2025,0.00608781038
GLOBAL,S1D2,PWRWONGUYXX01,ELCGUYXX01,2026,0.00608781038
GLOBAL,S1D2,PWRWONGUYXX01,ELCGUYXX01,2027,0.00608781038
GLOBAL,S1D2,PWRWONGUYXX01,ELCGUYXX01,2028,0.00608781038
GLOBAL,S1D2,PWRWONGUYXX01,ELCGUYXX01,2029,0.00608781038
GLOBAL,S1D2,PWRWONGUYXX01,ELCGUYXX01,2030,0.00608781038
GLOBAL,S1D2,PWRWONGUYXX01,ELCGUYXX01,2031,0.00608781038
GLOBAL,S1D2,PWRWONGUYXX01,ELCGUYXX01,2032,0.00608781038
GLOBAL,S1D2,PWRWONGUYXX01,ELCGUYXX01,2033,0.00608781038
GLOBAL,S1D2,PWRWONGUYXX01,ELCGUYXX01,2034,0.00608781038
GLOBAL,S1D2,PWRWONGUYXX01,ELCGUYXX01,2035,0.00608781038
GLOBAL,S1D2,PWRWONGUYXX01,ELCGUYXX01,2036,0.00608781038
GLOBAL,S1D2,PWRWONGUYXX01,ELCGUYXX01,2037,0.00608781038
GLOBAL,S1D2,PWRWONGUYXX01,ELCGUYXX01,2038,0.00608781038
GLOBAL,S1D2,PWRWONGUYXX01,ELCGUYXX01,2039,0.00608781038
GLOBAL,S1D2,RNWBIOGUYXX,BIOGUYXX,2023,0.0222812314
GLOBAL,S1D2,RNWBIOGUYXX,BIOGUYXX,2025,0.4328883648
GLOBAL,S1D2,RNWBIOGUYXX,BIOGUYXX,2026,0.4328883648
GLOBAL,S1D2,RNWBIOGUYXX,BIOGUYXX,2027,0.0222812314
GLOBAL,S1D2,RNWBIOGUYXX,BIOGUYXX,2028,0.29097531239999996
GLOBAL,S1D2,RNWBIOGUYXX,BIOGUYXX,2029,0.29097531239999996
GLOBAL,S1D2,RNWBIOGUYXX,BIOGUYXX,2030,0.0222812314
GLOBAL,S1D2,RNWBIOGUYXX,BIOGUYXX,2032,0.4328883648
GLOBAL,S1D2,RNWBIOGUYXX,BIOGUYXX,2033,0.0222812314
GLOBAL,S1D2,RNWBIOGUYXX,BIOGUYXX,2035,0.0222812314
GLOBAL,S1D2,RNWBIOGUYXX,BIOGUYXX,2037,0.4328883648
GLOBAL,S1D2,RNWBIOGUYXX,BIOGUYXX,2038,0.4328883648
GLOBAL,S1D2,RNWSPVGUYXX,SPVGUYXX,2021,0.08262197376000001
GLOBAL,S1D2,RNWSPVGUYXX,SPVGUYXX,2022,0.08262197376000001
GLOBAL,S1D2,RNWSPVGUYXX,SPVGUYXX,2023,0.08262197376000001
GLOBAL,S1D2,RNWSPVGUYXX,SPVGUYXX,2024,0.08262197376000001
GLOBAL,S1D2,RNWSPVGUYXX,SPVGUYXX,2025,0.08262197376000001
GLOBAL,S1D2,RNWSPVGUYXX,SPVGUYXX,2026,0.08262197376000001
GLOBAL,S1D2,RNWSPVGUYXX,SPVGUYXX,2027,0.08262197376000001
GLOBAL,S1D2,RNWSPVGUYXX,SPVGUYXX,2028,0.08262197376000001
GLOBAL,S1D2,RNWSPVGUYXX,SPVGUYXX,2029,0.08262197376000001
GLOBAL,S1D2,RNWSPVGUYXX,SPVGUYXX,2030,0.08262197376000001
GLOBAL,S1D2,RNWSPVGUYXX,SPVGUYXX,2031,0.08262197376000001
GLOBAL,S1D2,RNWSPVGUYXX,SPVGUYXX,2032,0.08262197376000001
GLOBAL,S1D2,RNWSPVGUYXX,SPVGUYXX,2033,0.08262197376000001
GLOBAL,S1D2,RNWSPVGUYXX,SPVGUYXX,2034,0.08262197376000001
GLOBAL,S1D2,RNWSPVGUYXX,SPVGUYXX,2035,0.08262197376000001
GLOBAL,S1D2,RNWSPVGUYXX,SPVGUYXX,2036,0.08262197376000001
GLOBAL,S1D2,RNWSPVGUYXX,SPVGUYXX,2037,0.08262197376000001
GLOBAL,S1D2,RNWSPVGUYXX,SPVGUYXX,2038,0.08262197376000001
GLOBAL,S1D2,RNWSPVGUYXX,SPVGUYXX,2039,0.08262197376000001
GLOBAL,S1D2,RNWSPVGUYXX,SPVGUYXX,2040,0.08420004735999999
GLOBAL,S1D2,RNWSPVGUYXX,SPVGUYXX,2041,0.08475037424
GLOBAL,S1D2,RNWSPVGUYXX,SPVGUYXX,2042,0.08530070111999999
GLOBAL,S1D2,RNWSPVGUYXX,SPVGUYXX,2043,0.08530070111999999
GLOBAL,S1D2,RNWSPVGUYXX,SPVGUYXX,2044,0.08530070111999999
GLOBAL,S1D2,RNWSPVGUYXX,SPVGUYXX,2045,0.08530070111999999
GLOBAL,S1D2,RNWSPVGUYXX,SPVGUYXX,2046,0.08530070111999999
GLOBAL,S1D2,RNWSPVGUYXX,SPVGUYXX,2047,0.08530070111999999
GLOBAL,S1D2,RNWSPVGUYXX,SPVGUYXX,2048,0.08530070111999999
GLOBAL,S1D2,RNWSPVGUYXX,SPVGUYXX,2049,0.08530070111999999
GLOBAL,S1D2,RNWSPVGUYXX,SPVGUYXX,2050,0.08530070111999999
GLOBAL,S1D2,RNWWONGUYXX,WONGUYXX,2021,0.00608781038
GLOBAL,S1D2,RNWWONGUYXX,WONGUYXX,2022,0.00608781038
GLOBAL,S1D2,RNWWONGUYXX,WONGUYXX,2023,0.00608781038
GLOBAL,S1D2,RNWWONGUYXX,WONGUYXX,2024,0.00608781038
GLOBAL,S1D2,RNWWONGUYXX,WONGUYXX,2025,0.00608781038
GLOBAL,S1D2,RNWWONGUYXX,WONGUYXX,2026,0.00608781038
GLOBAL,S1D2,RNWWONGUYXX,WONGUYXX,2027,0.00608781038
GLOBAL,S1D2,RNWWONGUYXX,WONGUYXX,2028,0.00608781038
GLOBAL,S1D2,RNWWONGUYXX,WONGUYXX,2029,0.00608781038
GLOBAL,S1D2,RNWWONGUYXX,WONGUYXX,2030,0.00608781038
GLOBAL,S1D2,RNWWONGUYXX,WONGUYXX,2031,0.00608781038
GLOBAL,S1D2,RNWWONGUYXX,WONGUYXX,2032,0.00608781038
GLOBAL,S1D2,RNWWONGUYXX,WONGUYXX,2033,0.00608781038
GLOBAL,S1D2,RNWWONGUYXX,WONGUYXX,2034,0.00608781038
GLOBAL,S1D2,RNWWONGUYXX,WONGUYXX,2035,0.00608781038
GLOBAL,S1D2,RNWWONGUYXX,WONGUYXX,2036,0.00608781038
GLOBAL,S1D2,RNWWONGUYXX,WONGUYXX,2037,0.00608781038
GLOBAL,S1D2,RNWWONGUYXX,WONGUYXX,2038,0.00608781038
GLOBAL,S1D2,RNWWONGUYXX,WONGUYXX,2039,0.00608781038
GLOBAL,S1D3,MINGASINT,GASINT,2044,0.01300000004
GLOBAL,S1D3,MINGASINT,GASINT,2048,0.10660000008
GLOBAL,S1D3,MINGASINT,GASINT,2049,0.13746044799999999
GLOBAL,S1D3,MINGASINT,GASINT,2050,0.026978418360000003
GLOBAL,S1D3,PWRCCGGUYXX01,ELCGUYXX01,2044,0.01300000004
GLOBAL,S1D3,PWRCCGGUYXX01,ELCGUYXX01,2048,0.10660000008
GLOBAL,S1D3,PWRCCGGUYXX01,ELCGUYXX01,2049,0.13746044799999999
GLOBAL,S1D3,PWRCCGGUYXX01,ELCGUYXX01,2050,0.026978418360000003
GLOBAL,S1D3,PWRCCGGUYXX01,GASINT,2044,0.01300000004
GLOBAL,S1D3,PWRCCGGUYXX01,GASINT,2048,0.10660000008
GLOBAL,S1D3,PWRCCGGUYXX01,GASINT,2049,0.13746044799999999
GLOBAL,S1D3,PWRCCGGUYXX01,GASINT,2050,0.026978418360000003
GLOBAL,S1D3,PWRSPVGUYXX01,ELCGUYXX01,2021,0.39055464079999996
GLOBAL,S1D3,PWRSPVGUYXX01,ELCGUYXX01,2022,0.39055464079999996
GLOBAL,S1D3,PWRSPVGUYXX01,ELCGUYXX01,2023,0.39055464079999996
GLOBAL,S1D3,PWRSPVGUYXX01,ELCGUYXX01,2024,0.39055464079999996
GLOBAL,S1D3,PWRSPVGUYXX01,ELCGUYXX01,2025,0.39055464079999996
GLOBAL,S1D3,PWRSPVGUYXX01,ELCGUYXX01,2026,0.39055464079999996
GLOBAL,S1D3,PWRSPVGUYXX01,ELCGUYXX01,2027,0.39055464079999996
GLOBAL,S1D3,PWRSPVGUYXX01,ELCGUYXX01,2028,0.39055464079999996
GLOBAL,S1D3,PWRSPVGUYXX01,ELCGUYXX01,2029,0.39055464079999996
GLOBAL,S1D3,PWRSPVGUYXX01,ELCGUYXX01,2030,0.384693694
GLOBAL,S1D3,PWRSPVGUYXX01,ELCGUYXX01,2031,0.384693694
GLOBAL,S1D3,PWRSPVGUYXX01,ELCGUYXX01,2032,0.384693694
GLOBAL,S1D3,PWRSPVGUYXX01,ELCGUYXX01,2033,0.384693694
GLOBAL,S1D3,PWRSPVGUYXX01,ELCGUYXX01,2034,0.384693694
GLOBAL,S1D3,PWRSPVGUYXX01,ELCGUYXX01,2035,0.384693694
GLOBAL,S1D3,PWRSPVGUYXX01,ELCGUYXX01,2036,0.384693694
GLOBAL,S1D3,PWRSPVGUYXX01,ELCGUYXX01,2037,0.384693694
GLOBAL,S1D3,PWRSPVGUYXX01,ELCGUYXX01,2038,0.384693694
GLOBAL,S1D3,PWRSPVGUYXX01,ELCGUYXX01,2039,0.39055464079999996
GLOBAL,S1D3,PWRSPVGUYXX01,ELCGUYXX01,2040,0.397799998
GLOBAL,S1D3,PWRSPVGUYXX01,ELCGUYXX01,2041,0.4004000052
GLOBAL,S1D3,PWRSPVGUYXX01,ELCGUYXX01,2042,0.403
GLOBAL,S1D3,PWRSPVGUYXX01,ELCGUYXX01,2043,0.4068999984
GLOBAL,S1D3,PWRSPVGUYXX01,ELCGUYXX01,2044,0.3964999944
GLOBAL,S1D3,PWRSPVGUYXX01,ELCGUYXX01,2045,0.4121000004
GLOBAL,S1D3,PWRSPVGUYXX01,ELCGUYXX01,2046,0.427699994
GLOBAL,S1D3,PWRSPVGUYXX01,ELCGUYXX01,2047,0.4419999964
GLOBAL,S1D3,PWRSPVGUYXX01,ELCGUYXX01,2048,0.3497000012
GLOBAL,S1D3,PWRSPVGUYXX01,ELCGUYXX01,2049,0.3344395568
GLOBAL,S1D3,PWRSPVGUYXX01,ELCGUYXX01,2050,0.4592215876
GLOBAL,S1D3,PWRTRNGUYXX,ELCGUYXX02,2021,0.397799998
GLOBAL,S1D3,PWRTRNGUYXX,ELCGUYXX02,2022,0.397799998
GLOBAL,S1D3,PWRTRNGUYXX,ELCGUYXX02,2023,0.397799998
GLOBAL,S1D3,PWRTRNGUYXX,ELCGUYXX02,2024,0.397799998
GLOBAL,S1D3,PWRTRNGUYXX,ELCGUYXX02,2025,0.397799998
GLOBAL,S1D3,PWRTRNGUYXX,ELCGUYXX02,2026,0.397799998
GLOBAL,S1D3,PWRTRNGUYXX,ELCGUYXX02,2027,0.397799998
GLOBAL,S1D3,PWRTRNGUYXX,ELCGUYXX02,2028,0.397799998
GLOBAL,S1D3,PWRTRNGUYXX,ELCGUYXX02,2029,0.397799998
GLOBAL,S1D3,PWRTRNGUYXX,ELCGUYXX02,2030,0.397799998
GLOBAL,S1D3,PWRTRNGUYXX,ELCGUYXX02,2031,0.397799998
GLOBAL,S1D3,PWRTRNGUYXX,ELCGUYXX02,2032,0.397799998
GLOBAL,S1D3,PWRTRNGUYXX,ELCGUYXX02,2033,0.397799998
GLOBAL,S1D3,PWRTRNGUYXX,ELCGUYXX02,2034,0.397799998
GLOBAL,S1D3,PWRTRNGUYXX,ELCGUYXX02,2035,0.397799998
GLOBAL,S1D3,PWRTRNGUYXX,ELCGUYXX02,2036,0.397799998
GLOBAL,S1D3,PWRTRNGUYXX,ELCGUYXX02,2037,0.397799998
GLOBAL,S1D3,PWRTRNGUYXX,ELCGUYXX02,2038,0.397799998
GLOBAL,S1D3,PWRTRNGUYXX,ELCGUYXX02,2039,0.397799998
GLOBAL,S1D3,PWRTRNGUYXX,ELCGUYXX02,2040,0.397799998
GLOBAL,S1D3,PWRTRNGUYXX,ELCGUYXX02,2041,0.4004000052
GLOBAL,S1D3,PWRTRNGUYXX,ELCGUYXX02,2042,0.403
GLOBAL,S1D3,PWRTRNGUYXX,ELCGUYXX02,2043,0.4068999984
GLOBAL,S1D3,PWRTRNGUYXX,ELCGUYXX02,2044,0.4095000056
GLOBAL,S1D3,PWRTRNGUYXX,ELCGUYXX02,2045,0.4121000004
GLOBAL,S1D3,PWRTRNGUYXX,ELCGUYXX02,2046,0.427699994
GLOBAL,S1D3,PWRTRNGUYXX,ELCGUYXX02,2047,0.4419999964
GLOBAL,S1D3,PWRTRNGUYXX,ELCGUYXX02,2048,0.4562999988
GLOBAL,S1D3,PWRTRNGUYXX,ELCGUYXX02,2049,0.4719000048
GLOBAL,S1D3,PWRTRNGUYXX,ELCGUYXX02,2050,0.4861999948
GLOBAL,S1D3,PWRWONGUYXX01,ELCGUYXX01,2021,0.007245354348
GLOBAL,S1D3,PWRWONGUYXX01,ELCGUYXX01,2022,0.007245354348
GLOBAL,S1D3,PWRWONGUYXX01,ELCGUYXX01,2023,0.007245354348
GLOBAL,S1D3,PWRWONGUYXX01,ELCGUYXX01,2024,0.007245354348
GLOBAL,S1D3,PWRWONGUYXX01,ELCGUYXX01,2025,0.007245354348
GLOBAL,S1D3,PWRWONGUYXX01,ELCGUYXX01,2026,0.007245354348
GLOBAL,S1D3,PWRWONGUYXX01,ELCGUYXX01,2027,0.007245354348
GLOBAL,S1D3,PWRWONGUYXX01,ELCGUYXX01,2028,0.007245354348
GLOBAL,S1D3,PWRWONGUYXX01,ELCGUYXX01,2029,0.007245354348
GLOBAL,S1D3,PWRWONGUYXX01,ELCGUYXX01,2030,0.013106311439999999
GLOBAL,S1D3,PWRWONGUYXX01,ELCGUYXX01,2031,0.013106311439999999
GLOBAL,S1D3,PWRWONGUYXX01,ELCGUYXX01,2032,0.013106311439999999
GLOBAL,S1D3,PWRWONGUYXX01,ELCGUYXX01,2033,0.013106311439999999
GLOBAL,S1D3,PWRWONGUYXX01,ELCGUYXX01,2034,0.013106311439999999
GLOBAL,S1D3,PWRWONGUYXX01,ELCGUYXX01,2035,0.013106311439999999
GLOBAL,S1D3,PWRWONGUYXX01,ELCGUYXX01,2036,0.013106311439999999
GLOBAL,S1D3,PWRWONGUYXX01,ELCGUYXX01,2037,0.013106311439999999
GLOBAL,S1D3,PWRWONGUYXX01,ELCGUYXX01,2038,0.013106311439999999
GLOBAL,S1D3,PWRWONGUYXX01,ELCGUYXX01,2039,0.007245354348
GLOBAL,S1D3,RNWSPVGUYXX,SPVGUYXX,2021,0.39055464079999996
GLOBAL,S1D3,RNWSPVGUYXX,SPVGUYXX,2022,0.39055464079999996
GLOBAL,S1D3,RNWSPVGUYXX,SPVGUYXX,2023,0.39055464079999996
GLOBAL,S1D3,RNWSPVGUYXX,SPVGUYXX,2024,0.39055464079999996
GLOBAL,S1D3,RNWSPVGUYXX,SPVGUYXX,2025,0.39055464079999996
GLOBAL,S1D3,RNWSPVGUYXX,SPVGUYXX,2026,0.39055464079999996
GLOBAL,S1D3,RNWSPVGUYXX,SPVGUYXX,2027,0.39055464079999996
GLOBAL,S1D3,RNWSPVGUYXX,SPVGUYXX,2028,0.39055464079999996
GLOBAL,S1D3,RNWSPVGUYXX,SPVGUYXX,2029,0.39055464079999996
GLOBAL,S1D3,RNWSPVGUYXX,SPVGUYXX,2030,0.384693694
GLOBAL,S1D3,RNWSPVGUYXX,SPVGUYXX,2031,0.384693694
GLOBAL,S1D3,RNWSPVGUYXX,SPVGUYXX,2032,0.384693694
GLOBAL,S1D3,RNWSPVGUYXX,SPVGUYXX,2033,0.384693694
GLOBAL,S1D3,RNWSPVGUYXX,SPVGUYXX,2034,0.384693694
GLOBAL,S1D3,RNWSPVGUYXX,SPVGUYXX,2035,0.384693694
GLOBAL,S1D3,RNWSPVGUYXX,SPVGUYXX,2036,0.384693694
GLOBAL,S1D3,RNWSPVGUYXX,SPVGUYXX,2037,0.384693694
GLOBAL,S1D3,RNWSPVGUYXX,SPVGUYXX,2038,0.384693694
GLOBAL,S1D3,RNWSPVGUYXX,SPVGUYXX,2039,0.39055464079999996
GLOBAL,S1D3,RNWSPVGUYXX,SPVGUYXX,2040,0.397799998
GLOBAL,S1D3,RNWSPVGUYXX,SPVGUYXX,2041,0.4004000052
GLOBAL,S1D3,RNWSPVGUYXX,SPVGUYXX,2042,0.403
GLOBAL,S1D3,RNWSPVGUYXX,SPVGUYXX,2043,0.4068999984
GLOBAL,S1D3,RNWSPVGUYXX,SPVGUYXX,2044,0.3964999944
GLOBAL,S1D3,RNWSPVGUYXX,SPVGUYXX,2045,0.4121000004
GLOBAL,S1D3,RNWSPVGUYXX,SPVGUYXX,2046,0.427699994
GLOBAL,S1D3,RNWSPVGUYXX,SPVGUYXX,2047,0.4419999964
GLOBAL,S1D3,RNWSPVGUYXX,SPVGUYXX,2048,0.3497000012
GLOBAL,S1D3,RNWSPVGUYXX,SPVGUYXX,2049,0.3344395568
GLOBAL,S1D3,RNWSPVGUYXX,SPVGUYXX,2050,0.4592215876
GLOBAL,S1D3,RNWWONGUYXX,WONGUYXX,2021,0.007245354348
GLOBAL,S1D3,RNWWONGUYXX,WONGUYXX,2022,0.007245354348
GLOBAL,S1D3,RNWWONGUYXX,WONGUYXX,2023,0.007245354348
GLOBAL,S1D3,RNWWONGUYXX,WONGUYXX,2024,0.007245354348
GLOBAL,S1D3,RNWWONGUYXX,WONGUYXX,2025,0.007245354348
GLOBAL,S1D3,RNWWONGUYXX,WONGUYXX,2026,0.007245354348
GLOBAL,S1D3,RNWWONGUYXX,WONGUYXX,2027,0.007245354348
GLOBAL,S1D3,RNWWONGUYXX,WONGUYXX,2028,0.007245354348
GLOBAL,S1D3,RNWWONGUYXX,WONGUYXX,2029,0.007245354348
GLOBAL,S1D3,RNWWONGUYXX,WONGUYXX,2030,0.013106311439999999
GLOBAL,S1D3,RNWWONGUYXX,WONGUYXX,2031,0.013106311439999999
GLOBAL,S1D3,RNWWONGUYXX,WONGUYXX,2032,0.013106311439999999
GLOBAL,S1D3,RNWWONGUYXX,WONGUYXX,2033,0.013106311439999999
GLOBAL,S1D3,RNWWONGUYXX,WONGUYXX,2034,0.013106311439999999
GLOBAL,S1D3,RNWWONGUYXX,WONGUYXX,2035,0.013106311439999999
GLOBAL,S1D3,RNWWONGUYXX,WONGUYXX,2036,0.013106311439999999
GLOBAL,S1D3,RNWWONGUYXX,WONGUYXX,2037,0.013106311439999999
GLOBAL,S1D3,RNWWONGUYXX,WONGUYXX,2038,0.013106311439999999
GLOBAL,S1D3,RNWWONGUYXX,WONGUYXX,2039,0.007245354348
GLOBAL,S1D4,MINGASINT,GASINT,2021,0.2592097736
GLOBAL,S1D4,MINGASINT,GASINT,2022,0.2592097736
GLOBAL,S1D4,MINGASINT,GASINT,2023,0.2592097736
GLOBAL,S1D4,MINGASINT,GASINT,2024,0.2592097736
GLOBAL,S1D4,MINGASINT,GASINT,2025,0.2592097736
GLOBAL,S1D4,MINGASINT,GASINT,2026,0.2592097736
GLOBAL,S1D4,MINGASINT,GASINT,2027,0.2592097736
GLOBAL,S1D4,MINGASINT,GASINT,2028,0.2592097736
GLOBAL,S1D4,MINGASINT,GASINT,2029,0.2592097736
GLOBAL,S1D4,MINGASINT,GASINT,2030,0.2592097736
GLOBAL,S1D4,MINGASINT,GASINT,2031,0.2592097736
GLOBAL,S1D4,MINGASINT,GASINT,2032,0.2592097736
GLOBAL,S1D4,MINGASINT,GASINT,2033,0.2592097736
GLOBAL,S1D4,MINGASINT,GASINT,2034,0.2592097736
GLOBAL,S1D4,MINGASINT,GASINT,2035,0.2592097736
GLOBAL,S1D4,MINGASINT,GASINT,2036,0.2592097736
GLOBAL,S1D4,MINGASINT,GASINT,2037,0.2592097736
GLOBAL,S1D4,MINGASINT,GASINT,2038,0.2592097736
GLOBAL,S1D4,MINGASINT,GASINT,2039,0.3487776024
GLOBAL,S1D4,MINGASINT,GASINT,2040,0.3570650804
GLOBAL,S1D4,MINGASINT,GASINT,2041,0.3593988348
GLOBAL,S1D4,MINGASINT,GASINT,2042,0.36173260160000004
GLOBAL,S1D4,MINGASINT,GASINT,2043,0.3659325932
GLOBAL,S1D4,MINGASINT,GASINT,2044,0.3687326
GLOBAL,S1D4,MINGASINT,GASINT,2045,0.3715325944
GLOBAL,S1D4,MINGASINT,GASINT,2046,0.38833259800000003
GLOBAL,S1D4,MINGASINT,GASINT,2047,0.40373260440000003
GLOBAL,S1D4,MINGASINT,GASINT,2048,0.4257594312
GLOBAL,S1D4,MINGASINT,GASINT,2049,0.4569570376
GLOBAL,S1D4,MINGASINT,GASINT,2050,0.4855548352
GLOBAL,S1D4,PWRBIOGUYXX01,ELCGUYXX01,2021,0.0895678288
GLOBAL,S1D4,PWRBIOGUYXX01,ELCGUYXX01,2022,0.0895678288
GLOBAL,S1D4,PWRBIOGUYXX01,ELCGUYXX01,2023,0.0895678288
GLOBAL,S1D4,PWRBIOGUYXX01,ELCGUYXX01,2024,0.0895678288
GLOBAL,S1D4,PWRBIOGUYXX01,ELCGUYXX01,2025,0.0895678288
GLOBAL,S1D4,PWRBIOGUYXX01,ELCGUYXX01,2026,0.0895678288
GLOBAL,S1D4,PWRBIOGUYXX01,ELCGUYXX01,2027,0.0895678288
GLOBAL,S1D4,PWRBIOGUYXX01,ELCGUYXX01,2028,0.0895678288
GLOBAL,S1D4,PWRBIOGUYXX01,ELCGUYXX01,2029,0.0895678288
GLOBAL,S1D4,PWRBIOGUYXX01,ELCGUYXX01,2030,0.0895678288
GLOBAL,S1D4,PWRBIOGUYXX01,ELCGUYXX01,2031,0.0895678288
GLOBAL,S1D4,PWRBIOGUYXX01,ELCGUYXX01,2032,0.0895678288
GLOBAL,S1D4,PWRBIOGUYXX01,ELCGUYXX01,2033,0.0895678288
GLOBAL,S1D4,PWRBIOGUYXX01,ELCGUYXX01,2034,0.0895678288
GLOBAL,S1D4,PWRBIOGUYXX01,ELCGUYXX01,2035,0.0895678288
GLOBAL,S1D4,PWRBIOGUYXX01,ELCGUYXX01,2036,0.0895678288
GLOBAL,S1D4,PWRBIOGUYXX01,ELCGUYXX01,2037,0.0895678288
GLOBAL,S1D4,PWRBIOGUYXX01,ELCGUYXX01,2038,0.0895678288
GLOBAL,S1D4,PWRCCGGUYXX01,ELCGUYXX01,2021,0.2592097736
GLOBAL,S1D4,PWRCCGGUYXX01,ELCGUYXX01,2022,0.2592097736
GLOBAL,S1D4,PWRCCGGUYXX01,ELCGUYXX01,2023,0.2592097736
GLOBAL,S1D4,PWRCCGGUYXX01,ELCGUYXX01,2024,0.2592097736
GLOBAL,S1D4,PWRCCGGUYXX01,ELCGUYXX01,2025,0.2592097736
GLOBAL,S1D4,PWRCCGGUYXX01,ELCGUYXX01,2026,0.2592097736
GLOBAL,S1D4,PWRCCGGUYXX01,ELCGUYXX01,2027,0.2592097736
GLOBAL,S1D4,PWRCCGGUYXX01,ELCGUYXX01,2028,0.2592097736
GLOBAL,S1D4,PWRCCGGUYXX01,ELCGUYXX01,2029,0.2592097736
GLOBAL,S1D4,PWRCCGGUYXX01,ELCGUYXX01,2030,0.2592097736
GLOBAL,S1D4,PWRCCGGUYXX01,ELCGUYXX01,2031,0.2592097736
GLOBAL,S1D4,PWRCCGGUYXX01,ELCGUYXX01,2032,0.2592097736
GLOBAL,S1D4,PWRCCGGUYXX01,ELCGUYXX01,2033,0.2592097736
GLOBAL,S1D4,PWRCCGGUYXX01,ELCGUYXX01,2034,0.2592097736
GLOBAL,S1D4,PWRCCGGUYXX01,ELCGUYXX01,2035,0.2592097736
GLOBAL,S1D4,PWRCCGGUYXX01,ELCGUYXX01,2036,0.2592097736
GLOBAL,S1D4,PWRCCGGUYXX01,ELCGUYXX01,2037,0.2592097736
GLOBAL,S1D4,PWRCCGGUYXX01,ELCGUYXX01,2038,0.2592097736
GLOBAL,S1D4,PWRCCGGUYXX01,ELCGUYXX01,2039,0.3487776024
GLOBAL,S1D4,PWRCCGGUYXX01,ELCGUYXX01,2040,0.3570650804
GLOBAL,S1D4,PWRCCGGUYXX01,ELCGUYXX01,2041,0.3593988348
GLOBAL,S1D4,PWRCCGGUYXX01,ELCGUYXX01,2042,0.36173260160000004
GLOBAL,S1D4,PWRCCGGUYXX01,ELCGUYXX01,2043,0.3659325932
GLOBAL,S1D4,PWRCCGGUYXX01,ELCGUYXX01,2044,0.3687326
GLOBAL,S1D4,PWRCCGGUYXX01,ELCGUYXX01,2045,0.3715325944
GLOBAL,S1D4,PWRCCGGUYXX01,ELCGUYXX01,2046,0.38833259800000003
GLOBAL,S1D4,PWRCCGGUYXX01,ELCGUYXX01,2047,0.40373260440000003
GLOBAL,S1D4,PWRCCGGUYXX01,ELCGUYXX01,2048,0.4113999956
GLOBAL,S1D4,PWRCCGGUYXX01,ELCGUYXX01,2049,0.4113999956
GLOBAL,S1D4,PWRCCGGUYXX01,ELCGUYXX01,2050,0.4113999956
GLOBAL,S1D4,PWRCCGGUYXX01,GASINT,2021,0.2592097736
GLOBAL,S1D4,PWRCCGGUYXX01,GASINT,2022,0.2592097736
GLOBAL,S1D4,PWRCCGGUYXX01,GASINT,2023,0.2592097736
GLOBAL,S1D4,PWRCCGGUYXX01,GASINT,2024,0.2592097736
GLOBAL,S1D4,PWRCCGGUYXX01,GASINT,2025,0.2592097736
GLOBAL,S1D4,PWRCCGGUYXX01,GASINT,2026,0.2592097736
GLOBAL,S1D4,PWRCCGGUYXX01,GASINT,2027,0.2592097736
GLOBAL,S1D4,PWRCCGGUYXX01,GASINT,2028,0.2592097736
GLOBAL,S1D4,PWRCCGGUYXX01,GASINT,2029,0.2592097736
GLOBAL,S1D4,PWRCCGGUYXX01,GASINT,2030,0.2592097736
GLOBAL,S1D4,PWRCCGGUYXX01,GASINT,2031,0.2592097736
GLOBAL,S1D4,PWRCCGGUYXX01,GASINT,2032,0.2592097736
GLOBAL,S1D4,PWRCCGGUYXX01,GASINT,2033,0.2592097736
GLOBAL,S1D4,PWRCCGGUYXX01,GASINT,2034,0.2592097736
GLOBAL,S1D4,PWRCCGGUYXX01,GASINT,2035,0.2592097736
GLOBAL,S1D4,PWRCCGGUYXX01,GASINT,2036,0.2592097736
GLOBAL,S1D4,PWRCCGGUYXX01,GASINT,2037,0.2592097736
GLOBAL,S1D4,PWRCCGGUYXX01,GASINT,2038,0.2592097736
GLOBAL,S1D4,PWRCCGGUYXX01,GASINT,2039,0.3487776024
GLOBAL,S1D4,PWRCCGGUYXX01,GASINT,2040,0.3570650804
GLOBAL,S1D4,PWRCCGGUYXX01,GASINT,2041,0.3593988348
GLOBAL,S1D4,PWRCCGGUYXX01,GASINT,2042,0.36173260160000004
GLOBAL,S1D4,PWRCCGGUYXX01,GASINT,2043,0.3659325932
GLOBAL,S1D4,PWRCCGGUYXX01,GASINT,2044,0.3687326
GLOBAL,S1D4,PWRCCGGUYXX01,GASINT,2045,0.3715325944
GLOBAL,S1D4,PWRCCGGUYXX01,GASINT,2046,0.38833259800000003
GLOBAL,S1D4,PWRCCGGUYXX01,GASINT,2047,0.40373260440000003
GLOBAL,S1D4,PWRCCGGUYXX01,GASINT,2048,0.4113999956
GLOBAL,S1D4,PWRCCGGUYXX01,GASINT,2049,0.4113999956
GLOBAL,S1D4,PWRCCGGUYXX01,GASINT,2050,0.4113999956
GLOBAL,S1D4,PWROCGGUYXX01,ELCGUYXX01,2048,0.007732598956
GLOBAL,S1D4,PWROCGGUYXX01,ELCGUYXX01,2049,0.024532598960000002
GLOBAL,S1D4,PWROCGGUYXX01,ELCGUYXX01,2050,0.039932599160000005
GLOBAL,S1D4,PWROCGGUYXX01,GASINT,2048,0.007732598956
GLOBAL,S1D4,PWROCGGUYXX01,GASINT,2049,0.024532598960000002
GLOBAL,S1D4,PWROCGGUYXX01,GASINT,2050,0.039932599160000005
GLOBAL,S1D4,PWRSPVGUYXX01,ELCGUYXX01,2021,0.06999796280000001
GLOBAL,S1D4,PWRSPVGUYXX01,ELCGUYXX01,2022,0.06999796280000001
GLOBAL,S1D4,PWRSPVGUYXX01,ELCGUYXX01,2023,0.06999796280000001
GLOBAL,S1D4,PWRSPVGUYXX01,ELCGUYXX01,2024,0.06999796280000001
GLOBAL,S1D4,PWRSPVGUYXX01,ELCGUYXX01,2025,0.06999796280000001
GLOBAL,S1D4,PWRSPVGUYXX01,ELCGUYXX01,2026,0.06999796280000001
GLOBAL,S1D4,PWRSPVGUYXX01,ELCGUYXX01,2027,0.06999796280000001
GLOBAL,S1D4,PWRSPVGUYXX01,ELCGUYXX01,2028,0.06999796280000001
GLOBAL,S1D4,PWRSPVGUYXX01,ELCGUYXX01,2029,0.06999796280000001
GLOBAL,S1D4,PWRSPVGUYXX01,ELCGUYXX01,2030,0.06999796280000001
GLOBAL,S1D4,PWRSPVGUYXX01,ELCGUYXX01,2031,0.06999796280000001
GLOBAL,S1D4,PWRSPVGUYXX01,ELCGUYXX01,2032,0.06999796280000001
GLOBAL,S1D4,PWRSPVGUYXX01,ELCGUYXX01,2033,0.06999796280000001
GLOBAL,S1D4,PWRSPVGUYXX01,ELCGUYXX01,2034,0.06999796280000001
GLOBAL,S1D4,PWRSPVGUYXX01,ELCGUYXX01,2035,0.06999796280000001
GLOBAL,S1D4,PWRSPVGUYXX01,ELCGUYXX01,2036,0.06999796280000001
GLOBAL,S1D4,PWRSPVGUYXX01,ELCGUYXX01,2037,0.06999796280000001
GLOBAL,S1D4,PWRSPVGUYXX01,ELCGUYXX01,2038,0.06999796280000001
GLOBAL,S1D4,PWRSPVGUYXX01,ELCGUYXX01,2039,0.06999796280000001
GLOBAL,S1D4,PWRSPVGUYXX01,ELCGUYXX01,2040,0.07133491839999999
GLOBAL,S1D4,PWRSPVGUYXX01,ELCGUYXX01,2041,0.07180115964
GLOBAL,S1D4,PWRSPVGUYXX01,ELCGUYXX01,2042,0.07226740088
GLOBAL,S1D4,PWRSPVGUYXX01,ELCGUYXX01,2043,0.07226740088
GLOBAL,S1D4,PWRSPVGUYXX01,ELCGUYXX01,2044,0.07226740088
GLOBAL,S1D4,PWRSPVGUYXX01,ELCGUYXX01,2045,0.07226740088
GLOBAL,S1D4,PWRSPVGUYXX01,ELCGUYXX01,2046,0.07226740088
GLOBAL,S1D4,PWRSPVGUYXX01,ELCGUYXX01,2047,0.07226740088
GLOBAL,S1D4,PWRSPVGUYXX01,ELCGUYXX01,2048,0.07226740088
GLOBAL,S1D4,PWRSPVGUYXX01,ELCGUYXX01,2049,0.07226740088
GLOBAL,S1D4,PWRSPVGUYXX01,ELCGUYXX01,2050,0.07226740088
GLOBAL,S1D4,PWRTRNGUYXX,ELCGUYXX02,2021,0.42839999879999996
GLOBAL,S1D4,PWRTRNGUYXX,ELCGUYXX02,2022,0.42839999879999996
GLOBAL,S1D4,PWRTRNGUYXX,ELCGUYXX02,2023,0.42839999879999996
GLOBAL,S1D4,PWRTRNGUYXX,ELCGUYXX02,2024,0.42839999879999996
GLOBAL,S1D4,PWRTRNGUYXX,ELCGUYXX02,2025,0.42839999879999996
GLOBAL,S1D4,PWRTRNGUYXX,ELCGUYXX02,2026,0.42839999879999996
GLOBAL,S1D4,PWRTRNGUYXX,ELCGUYXX02,2027,0.42839999879999996
GLOBAL,S1D4,PWRTRNGUYXX,ELCGUYXX02,2028,0.42839999879999996
GLOBAL,S1D4,PWRTRNGUYXX,ELCGUYXX02,2029,0.42839999879999996
GLOBAL,S1D4,PWRTRNGUYXX,ELCGUYXX02,2030,0.42839999879999996
GLOBAL,S1D4,PWRTRNGUYXX,ELCGUYXX02,2031,0.42839999879999996
GLOBAL,S1D4,PWRTRNGUYXX,ELCGUYXX02,2032,0.42839999879999996
GLOBAL,S1D4,PWRTRNGUYXX,ELCGUYXX02,2033,0.42839999879999996
GLOBAL,S1D4,PWRTRNGUYXX,ELCGUYXX02,2034,0.42839999879999996
GLOBAL,S1D4,PWRTRNGUYXX,ELCGUYXX02,2035,0.42839999879999996
GLOBAL,S1D4,PWRTRNGUYXX,ELCGUYXX02,2036,0.42839999879999996
GLOBAL,S1D4,PWRTRNGUYXX,ELCGUYXX02,2037,0.42839999879999996
GLOBAL,S1D4,PWRTRNGUYXX,ELCGUYXX02,2038,0.42839999879999996
GLOBAL,S1D4,PWRTRNGUYXX,ELCGUYXX02,2039,0.42839999879999996
GLOBAL,S1D4,PWRTRNGUYXX,ELCGUYXX02,2040,0.42839999879999996
GLOBAL,S1D4,PWRTRNGUYXX,ELCGUYXX02,2041,0.4312000056
GLOBAL,S1D4,PWRTRNGUYXX,ELCGUYXX02,2042,0.434
GLOBAL,S1D4,PWRTRNGUYXX,ELCGUYXX02,2043,0.438200004
GLOBAL,S1D4,PWRTRNGUYXX,ELCGUYXX02,2044,0.4409999984
GLOBAL,S1D4,PWRTRNGUYXX,ELCGUYXX02,2045,0.4438000052
GLOBAL,S1D4,PWRTRNGUYXX,ELCGUYXX02,2046,0.4605999964
GLOBAL,S1D4,PWRTRNGUYXX,ELCGUYXX02,2047,0.4760000028
GLOBAL,S1D4,PWRTRNGUYXX,ELCGUYXX02,2048,0.4913999968
GLOBAL,S1D4,PWRTRNGUYXX,ELCGUYXX02,2049,0.5082000004
GLOBAL,S1D4,PWRTRNGUYXX,ELCGUYXX02,2050,0.5235999943999999
GLOBAL,S1D4,PWRWONGUYXX01,ELCGUYXX01,2021,0.009624433972
GLOBAL,S1D4,PWRWONGUYXX01,ELCGUYXX01,2022,0.009624433972
GLOBAL,S1D4,PWRWONGUYXX01,ELCGUYXX01,2023,0.009624433972
GLOBAL,S1D4,PWRWONGUYXX01,ELCGUYXX01,2024,0.009624433972
GLOBAL,S1D4,PWRWONGUYXX01,ELCGUYXX01,2025,0.009624433972
GLOBAL,S1D4,PWRWONGUYXX01,ELCGUYXX01,2026,0.009624433972
GLOBAL,S1D4,PWRWONGUYXX01,ELCGUYXX01,2027,0.009624433972
GLOBAL,S1D4,PWRWONGUYXX01,ELCGUYXX01,2028,0.009624433972
GLOBAL,S1D4,PWRWONGUYXX01,ELCGUYXX01,2029,0.009624433972
GLOBAL,S1D4,PWRWONGUYXX01,ELCGUYXX01,2030,0.009624433972
GLOBAL,S1D4,PWRWONGUYXX01,ELCGUYXX01,2031,0.009624433972
GLOBAL,S1D4,PWRWONGUYXX01,ELCGUYXX01,2032,0.009624433972
GLOBAL,S1D4,PWRWONGUYXX01,ELCGUYXX01,2033,0.009624433972
GLOBAL,S1D4,PWRWONGUYXX01,ELCGUYXX01,2034,0.009624433972
GLOBAL,S1D4,PWRWONGUYXX01,ELCGUYXX01,2035,0.009624433972
GLOBAL,S1D4,PWRWONGUYXX01,ELCGUYXX01,2036,0.009624433972
GLOBAL,S1D4,PWRWONGUYXX01,ELCGUYXX01,2037,0.009624433972
GLOBAL,S1D4,PWRWONGUYXX01,ELCGUYXX01,2038,0.009624433972
GLOBAL,S1D4,PWRWONGUYXX01,ELCGUYXX01,2039,0.009624433972
GLOBAL,S1D4,RNWBIOGUYXX,BIOGUYXX,2021,0.3305052848
GLOBAL,S1D4,RNWBIOGUYXX,BIOGUYXX,2022,0.3305052848
GLOBAL,S1D4,RNWBIOGUYXX,BIOGUYXX,2023,0.3305052848
GLOBAL,S1D4,RNWBIOGUYXX,BIOGUYXX,2024,0.3305052848
GLOBAL,S1D4,RNWBIOGUYXX,BIOGUYXX,2025,0.3305052848
GLOBAL,S1D4,RNWBIOGUYXX,BIOGUYXX,2026,0.3305052848
GLOBAL,S1D4,RNWBIOGUYXX,BIOGUYXX,2027,0.3305052848
GLOBAL,S1D4,RNWBIOGUYXX,BIOGUYXX,2028,0.3305052848
GLOBAL,S1D4,RNWBIOGUYXX,BIOGUYXX,2029,0.3305052848
GLOBAL,S1D4,RNWBIOGUYXX,BIOGUYXX,2030,0.3305052848
GLOBAL,S1D4,RNWBIOGUYXX,BIOGUYXX,2031,0.3305052848
GLOBAL,S1D4,RNWBIOGUYXX,BIOGUYXX,2032,0.3305052848
GLOBAL,S1D4,RNWBIOGUYXX,BIOGUYXX,2033,0.3305052848
GLOBAL,S1D4,RNWBIOGUYXX,BIOGUYXX,2034,0.3305052848
GLOBAL,S1D4,RNWBIOGUYXX,BIOGUYXX,2035,0.3305052848
GLOBAL,S1D4,RNWBIOGUYXX,BIOGUYXX,2036,0.3305052848
GLOBAL,S1D4,RNWBIOGUYXX,BIOGUYXX,2037,0.3305052848
GLOBAL,S1D4,RNWBIOGUYXX,BIOGUYXX,2038,0.3305052848
GLOBAL,S1D4,RNWSPVGUYXX,SPVGUYXX,2021,0.06999796280000001
GLOBAL,S1D4,RNWSPVGUYXX,SPVGUYXX,2022,0.06999796280000001
GLOBAL,S1D4,RNWSPVGUYXX,SPVGUYXX,2023,0.06999796280000001
GLOBAL,S1D4,RNWSPVGUYXX,SPVGUYXX,2024,0.06999796280000001
GLOBAL,S1D4,RNWSPVGUYXX,SPVGUYXX,2025,0.06999796280000001
GLOBAL,S1D4,RNWSPVGUYXX,SPVGUYXX,2026,0.06999796280000001
GLOBAL,S1D4,RNWSPVGUYXX,SPVGUYXX,2027,0.06999796280000001
GLOBAL,S1D4,RNWSPVGUYXX,SPVGUYXX,2028,0.06999796280000001
GLOBAL,S1D4,RNWSPVGUYXX,SPVGUYXX,2029,0.06999796280000001
GLOBAL,S1D4,RNWSPVGUYXX,SPVGUYXX,2030,0.06999796280000001
GLOBAL,S1D4,RNWSPVGUYXX,SPVGUYXX,2031,0.06999796280000001
GLOBAL,S1D4,RNWSPVGUYXX,SPVGUYXX,2032,0.06999796280000001
GLOBAL,S1D4,RNWSPVGUYXX,SPVGUYXX,2033,0.06999796280000001
GLOBAL,S1D4,RNWSPVGUYXX,SPVGUYXX,2034,0.06999796280000001
GLOBAL,S1D4,RNWSPVGUYXX,SPVGUYXX,2035,0.06999796280000001
GLOBAL,S1D4,RNWSPVGUYXX,SPVGUYXX,2036,0.06999796280000001
GLOBAL,S1D4,RNWSPVGUYXX,SPVGUYXX,2037,0.06999796280000001
GLOBAL,S1D4,RNWSPVGUYXX,SPVGUYXX,2038,0.06999796280000001
GLOBAL,S1D4,RNWSPVGUYXX,SPVGUYXX,2039,0.06999796280000001
GLOBAL,S1D4,RNWSPVGUYXX,SPVGUYXX,2040,0.07133491839999999
GLOBAL,S1D4,RNWSPVGUYXX,SPVGUYXX,2041,0.07180115964
GLOBAL,S1D4,RNWSPVGUYXX,SPVGUYXX,2042,0.07226740088
GLOBAL,S1D4,RNWSPVGUYXX,SPVGUYXX,2043,0.07226740088
GLOBAL,S1D4,RNWSPVGUYXX,SPVGUYXX,2044,0.07226740088
GLOBAL,S1D4,RNWSPVGUYXX,SPVGUYXX,2045,0.07226740088
GLOBAL,S1D4,RNWSPVGUYXX,SPVGUYXX,2046,0.07226740088
GLOBAL,S1D4,RNWSPVGUYXX,SPVGUYXX,2047,0.07226740088
GLOBAL,S1D4,RNWSPVGUYXX,SPVGUYXX,2048,0.07226740088
GLOBAL,S1D4,RNWSPVGUYXX,SPVGUYXX,2049,0.07226740088
GLOBAL,S1D4,RNWSPVGUYXX,SPVGUYXX,2050,0.07226740088
GLOBAL,S1D4,RNWWONGUYXX,WONGUYXX,2021,0.009624433972
GLOBAL,S1D4,RNWWONGUYXX,WONGUYXX,2022,0.009624433972
GLOBAL,S1D4,RNWWONGUYXX,WONGUYXX,2023,0.009624433972
GLOBAL,S1D4,RNWWONGUYXX,WONGUYXX,2024,0.009624433972
GLOBAL,S1D4,RNWWONGUYXX,WONGUYXX,2025,0.009624433972
GLOBAL,S1D4,RNWWONGUYXX,WONGUYXX,2026,0.009624433972
GLOBAL,S1D4,RNWWONGUYXX,WONGUYXX,2027,0.009624433972
GLOBAL,S1D4,RNWWONGUYXX,WONGUYXX,2028,0.009624433972
GLOBAL,S1D4,RNWWONGUYXX,WONGUYXX,2029,0.009624433972
GLOBAL,S1D4,RNWWONGUYXX,WONGUYXX,2030,0.009624433972
GLOBAL,S1D4,RNWWONGUYXX,WONGUYXX,2031,0.009624433972
GLOBAL,S1D4,RNWWONGUYXX,WONGUYXX,2032,0.009624433972
GLOBAL,S1D4,RNWWONGUYXX,WONGUYXX,2033,0.009624433972
GLOBAL,S1D4,RNWWONGUYXX,WONGUYXX,2034,0.009624433972
GLOBAL,S1D4,RNWWONGUYXX,WONGUYXX,2035,0.009624433972
GLOBAL,S1D4,RNWWONGUYXX,WONGUYXX,2036,0.009624433972
GLOBAL,S1D4,RNWWONGUYXX,WONGUYXX,2037,0.009624433972
GLOBAL,S1D4,RNWWONGUYXX,WONGUYXX,2038,0.009624433972
GLOBAL,S1D4,RNWWONGUYXX,WONGUYXX,2039,0.009624433972
GLOBAL,S2D1,MINGASINT,GASINT,2021,0.2122815744
GLOBAL,S2D1,MINGASINT,GASINT,2022,0.2122815744
GLOBAL,S2D1,MINGASINT,GASINT,2023,0.2633905764
GLOBAL,S2D1,MINGASINT,GASINT,2024,0.2122815744
GLOBAL,S2D1,MINGASINT,GASINT,2025,0.2633905764
GLOBAL,S2D1,MINGASINT,GASINT,2026,0.2633905764
GLOBAL,S2D1,MINGASINT,GASINT,2027,0.2633905764
GLOBAL,S2D1,MINGASINT,GASINT,2028,0.2633905764
GLOBAL,S2D1,MINGASINT,GASINT,2029,0.2633905764
GLOBAL,S2D1,MINGASINT,GASINT,2030,0.2633905764
GLOBAL,S2D1,MINGASINT,GASINT,2031,0.2122815744
GLOBAL,S2D1,MINGASINT,GASINT,2032,0.2633905764
GLOBAL,S2D1,MINGASINT,GASINT,2033,0.2633905764
GLOBAL,S2D1,MINGASINT,GASINT,2034,0.2122815744
GLOBAL,S2D1,MINGASINT,GASINT,2035,0.2633905764
GLOBAL,S2D1,MINGASINT,GASINT,2036,0.2122815744
GLOBAL,S2D1,MINGASINT,GASINT,2037,0.2633905764
GLOBAL,S2D1,MINGASINT,GASINT,2038,0.2633905764
GLOBAL,S2D1,MINGASINT,GASINT,2039,0.3314876544
GLOBAL,S2D1,MINGASINT,GASINT,2040,0.33660000360000003
GLOBAL,S2D1,MINGASINT,GASINT,2041,0.3388000014
GLOBAL,S2D1,MINGASINT,GASINT,2042,0.3409999992
GLOBAL,S2D1,MINGASINT,GASINT,2043,0.34430000219999995
GLOBAL,S2D1,MINGASINT,GASINT,2044,0.34650000000000003
GLOBAL,S2D1,MINGASINT,GASINT,2045,0.34869999780000005
GLOBAL,S2D1,MINGASINT,GASINT,2046,0.3618999972
GLOBAL,S2D1,MINGASINT,GASINT,2047,0.374000004
GLOBAL,S2D1,MINGASINT,GASINT,2048,0.3860999982
GLOBAL,S2D1,MINGASINT,GASINT,2049,0.3992999976
GLOBAL,S2D1,MINGASINT,GASINT,2050,0.41140000439999996
GLOBAL,S2D1,PWRBIOGUYXX01,ELCGUYXX01,2021,0.11920608
GLOBAL,S2D1,PWRBIOGUYXX01,ELCGUYXX01,2022,0.11920608
GLOBAL,S2D1,PWRBIOGUYXX01,ELCGUYXX01,2023,0.06809707170000001
GLOBAL,S2D1,PWRBIOGUYXX01,ELCGUYXX01,2024,0.11920608
GLOBAL,S2D1,PWRBIOGUYXX01,ELCGUYXX01,2025,0.06809707170000001
GLOBAL,S2D1,PWRBIOGUYXX01,ELCGUYXX01,2026,0.06809707170000001
GLOBAL,S2D1,PWRBIOGUYXX01,ELCGUYXX01,2027,0.06809707170000001
GLOBAL,S2D1,PWRBIOGUYXX01,ELCGUYXX01,2028,0.06809707170000001
GLOBAL,S2D1,PWRBIOGUYXX01,ELCGUYXX01,2029,0.06809707170000001
GLOBAL,S2D1,PWRBIOGUYXX01,ELCGUYXX01,2030,0.06809707170000001
GLOBAL,S2D1,PWRBIOGUYXX01,ELCGUYXX01,2031,0.11920608
GLOBAL,S2D1,PWRBIOGUYXX01,ELCGUYXX01,2032,0.06809707170000001
GLOBAL,S2D1,PWRBIOGUYXX01,ELCGUYXX01,2033,0.06809707170000001
GLOBAL,S2D1,PWRBIOGUYXX01,ELCGUYXX01,2034,0.11920608
GLOBAL,S2D1,PWRBIOGUYXX01,ELCGUYXX01,2035,0.06809707170000001
GLOBAL,S2D1,PWRBIOGUYXX01,ELCGUYXX01,2036,0.11920608
GLOBAL,S2D1,PWRBIOGUYXX01,ELCGUYXX01,2037,0.06809707170000001
GLOBAL,S2D1,PWRBIOGUYXX01,ELCGUYXX01,2038,0.06809707170000001
GLOBAL,S2D1,PWRCCGGUYXX01,ELCGUYXX01,2021,0.2122815744
GLOBAL,S2D1,PWRCCGGUYXX01,ELCGUYXX01,2022,0.2122815744
GLOBAL,S2D1,PWRCCGGUYXX01,ELCGUYXX01,2023,0.2633905764
GLOBAL,S2D1,PWRCCGGUYXX01,ELCGUYXX01,2024,0.2122815744
GLOBAL,S2D1,PWRCCGGUYXX01,ELCGUYXX01,2025,0.2633905764
GLOBAL,S2D1,PWRCCGGUYXX01,ELCGUYXX01,2026,0.2633905764
GLOBAL,S2D1,PWRCCGGUYXX01,ELCGUYXX01,2027,0.2633905764
GLOBAL,S2D1,PWRCCGGUYXX01,ELCGUYXX01,2028,0.2633905764
GLOBAL,S2D1,PWRCCGGUYXX01,ELCGUYXX01,2029,0.2633905764
GLOBAL,S2D1,PWRCCGGUYXX01,ELCGUYXX01,2030,0.2633905764
GLOBAL,S2D1,PWRCCGGUYXX01,ELCGUYXX01,2031,0.2122815744
GLOBAL,S2D1,PWRCCGGUYXX01,ELCGUYXX01,2032,0.2633905764
GLOBAL,S2D1,PWRCCGGUYXX01,ELCGUYXX01,2033,0.2633905764
GLOBAL,S2D1,PWRCCGGUYXX01,ELCGUYXX01,2034,0.2122815744
GLOBAL,S2D1,PWRCCGGUYXX01,ELCGUYXX01,2035,0.2633905764
GLOBAL,S2D1,PWRCCGGUYXX01,ELCGUYXX01,2036,0.2122815744
GLOBAL,S2D1,PWRCCGGUYXX01,ELCGUYXX01,2037,0.2633905764
GLOBAL,S2D1,PWRCCGGUYXX01,ELCGUYXX01,2038,0.2633905764
GLOBAL,S2D1,PWRCCGGUYXX01,ELCGUYXX01,2039,0.3314876544
GLOBAL,S2D1,PWRCCGGUYXX01,ELCGUYXX01,2040,0.33660000360000003
GLOBAL,S2D1,PWRCCGGUYXX01,ELCGUYXX01,2041,0.3388000014
GLOBAL,S2D1,PWRCCGGUYXX01,ELCGUYXX01,2042,0.3409999992
GLOBAL,S2D1,PWRCCGGUYXX01,ELCGUYXX01,2043,0.34430000219999995
GLOBAL,S2D1,PWRCCGGUYXX01,ELCGUYXX01,2044,0.34650000000000003
GLOBAL,S2D1,PWRCCGGUYXX01,ELCGUYXX01,2045,0.34869999780000005
GLOBAL,S2D1,PWRCCGGUYXX01,ELCGUYXX01,2046,0.3618999972
GLOBAL,S2D1,PWRCCGGUYXX01,ELCGUYXX01,2047,0.374000004
GLOBAL,S2D1,PWRCCGGUYXX01,ELCGUYXX01,2048,0.3860999982
GLOBAL,S2D1,PWRCCGGUYXX01,ELCGUYXX01,2049,0.3992999976
GLOBAL,S2D1,PWRCCGGUYXX01,ELCGUYXX01,2050,0.41140000439999996
GLOBAL,S2D1,PWRCCGGUYXX01,GASINT,2021,0.2122815744
GLOBAL,S2D1,PWRCCGGUYXX01,GASINT,2022,0.2122815744
GLOBAL,S2D1,PWRCCGGUYXX01,GASINT,2023,0.2633905764
GLOBAL,S2D1,PWRCCGGUYXX01,GASINT,2024,0.2122815744
GLOBAL,S2D1,PWRCCGGUYXX01,GASINT,2025,0.2633905764
GLOBAL,S2D1,PWRCCGGUYXX01,GASINT,2026,0.2633905764
GLOBAL,S2D1,PWRCCGGUYXX01,GASINT,2027,0.2633905764
GLOBAL,S2D1,PWRCCGGUYXX01,GASINT,2028,0.2633905764
GLOBAL,S2D1,PWRCCGGUYXX01,GASINT,2029,0.2633905764
GLOBAL,S2D1,PWRCCGGUYXX01,GASINT,2030,0.2633905764
GLOBAL,S2D1,PWRCCGGUYXX01,GASINT,2031,0.2122815744
GLOBAL,S2D1,PWRCCGGUYXX01,GASINT,2032,0.2633905764
GLOBAL,S2D1,PWRCCGGUYXX01,GASINT,2033,0.2633905764
GLOBAL,S2D1,PWRCCGGUYXX01,GASINT,2034,0.2122815744
GLOBAL,S2D1,PWRCCGGUYXX01,GASINT,2035,0.2633905764
GLOBAL,S2D1,PWRCCGGUYXX01,GASINT,2036,0.2122815744
GLOBAL,S2D1,PWRCCGGUYXX01,GASINT,2037,0.2633905764
GLOBAL,S2D1,PWRCCGGUYXX01,GASINT,2038,0.2633905764
GLOBAL,S2D1,PWRCCGGUYXX01,GASINT,2039,0.3314876544
GLOBAL,S2D1,PWRCCGGUYXX01,GASINT,2040,0.33660000360000003
GLOBAL,S2D1,PWRCCGGUYXX01,GASINT,2041,0.3388000014
GLOBAL,S2D1,PWRCCGGUYXX01,GASINT,2042,0.3409999992
GLOBAL,S2D1,PWRCCGGUYXX01,GASINT,2043,0.34430000219999995
GLOBAL,S2D1,PWRCCGGUYXX01,GASINT,2044,0.34650000000000003
GLOBAL,S2D1,PWRCCGGUYXX01,GASINT,2045,0.34869999780000005
GLOBAL,S2D1,PWRCCGGUYXX01,GASINT,2046,0.3618999972
GLOBAL,S2D1,PWRCCGGUYXX01,GASINT,2047,0.374000004
GLOBAL,S2D1,PWRCCGGUYXX01,GASINT,2048,0.3860999982
GLOBAL,S2D1,PWRCCGGUYXX01,GASINT,2049,0.3992999976
GLOBAL,S2D1,PWRCCGGUYXX01,GASINT,2050,0.41140000439999996
GLOBAL,S2D1,PWRTRNGUYXX,ELCGUYXX02,2021,0.33660000360000003
GLOBAL,S2D1,PWRTRNGUYXX,ELCGUYXX02,2022,0.33660000360000003
GLOBAL,S2D1,PWRTRNGUYXX,ELCGUYXX02,2023,0.33660000360000003
GLOBAL,S2D1,PWRTRNGUYXX,ELCGUYXX02,2024,0.33660000360000003
GLOBAL,S2D1,PWRTRNGUYXX,ELCGUYXX02,2025,0.33660000360000003
GLOBAL,S2D1,PWRTRNGUYXX,ELCGUYXX02,2026,0.33660000360000003
GLOBAL,S2D1,PWRTRNGUYXX,ELCGUYXX02,2027,0.33660000360000003
GLOBAL,S2D1,PWRTRNGUYXX,ELCGUYXX02,2028,0.33660000360000003
GLOBAL,S2D1,PWRTRNGUYXX,ELCGUYXX02,2029,0.33660000360000003
GLOBAL,S2D1,PWRTRNGUYXX,ELCGUYXX02,2030,0.33660000360000003
GLOBAL,S2D1,PWRTRNGUYXX,ELCGUYXX02,2031,0.33660000360000003
GLOBAL,S2D1,PWRTRNGUYXX,ELCGUYXX02,2032,0.33660000360000003
GLOBAL,S2D1,PWRTRNGUYXX,ELCGUYXX02,2033,0.33660000360000003
GLOBAL,S2D1,PWRTRNGUYXX,ELCGUYXX02,2034,0.33660000360000003
GLOBAL,S2D1,PWRTRNGUYXX,ELCGUYXX02,2035,0.33660000360000003
GLOBAL,S2D1,PWRTRNGUYXX,ELCGUYXX02,2036,0.33660000360000003
GLOBAL,S2D1,PWRTRNGUYXX,ELCGUYXX02,2037,0.33660000360000003
GLOBAL,S2D1,PWRTRNGUYXX,ELCGUYXX02,2038,0.33660000360000003
GLOBAL,S2D1,PWRTRNGUYXX,ELCGUYXX02,2039,0.33660000360000003
GLOBAL,S2D1,PWRTRNGUYXX,ELCGUYXX02,2040,0.33660000360000003
GLOBAL,S2D1,PWRTRNGUYXX,ELCGUYXX02,2041,0.3388000014
GLOBAL,S2D1,PWRTRNGUYXX,ELCGUYXX02,2042,0.3409999992
GLOBAL,S2D1,PWRTRNGUYXX,ELCGUYXX02,2043,0.34430000219999995
GLOBAL,S2D1,PWRTRNGUYXX,ELCGUYXX02,2044,0.34650000000000003
GLOBAL,S2D1,PWRTRNGUYXX,ELCGUYXX02,2045,0.34869999780000005
GLOBAL,S2D1,PWRTRNGUYXX,ELCGUYXX02,2046,0.3618999972
GLOBAL,S2D1,PWRTRNGUYXX,ELCGUYXX02,2047,0.374000004
GLOBAL,S2D1,PWRTRNGUYXX,ELCGUYXX02,2048,0.3860999982
GLOBAL,S2D1,PWRTRNGUYXX,ELCGUYXX02,2049,0.3992999976
GLOBAL,S2D1,PWRTRNGUYXX,ELCGUYXX02,2050,0.41140000439999996
GLOBAL,S2D1,PWRWONGUYXX01,ELCGUYXX01,2021,0.005112351468
GLOBAL,S2D1,PWRWONGUYXX01,ELCGUYXX01,2022,0.005112351468
GLOBAL,S2D1,PWRWONGUYXX01,ELCGUYXX01,2023,0.005112351468
GLOBAL,S2D1,PWRWONGUYXX01,ELCGUYXX01,2024,0.005112351468
GLOBAL,S2D1,PWRWONGUYXX01,ELCGUYXX01,2025,0.005112351468
GLOBAL,S2D1,PWRWONGUYXX01,ELCGUYXX01,2026,0.005112351468
GLOBAL,S2D1,PWRWONGUYXX01,ELCGUYXX01,2027,0.005112351468
GLOBAL,S2D1,PWRWONGUYXX01,ELCGUYXX01,2028,0.005112351468
GLOBAL,S2D1,PWRWONGUYXX01,ELCGUYXX01,2029,0.005112351468
GLOBAL,S2D1,PWRWONGUYXX01,ELCGUYXX01,2030,0.005112351468
GLOBAL,S2D1,PWRWONGUYXX01,ELCGUYXX01,2031,0.005112351468
GLOBAL,S2D1,PWRWONGUYXX01,ELCGUYXX01,2032,0.005112351468
GLOBAL,S2D1,PWRWONGUYXX01,ELCGUYXX01,2033,0.005112351468
GLOBAL,S2D1,PWRWONGUYXX01,ELCGUYXX01,2034,0.005112351468
GLOBAL,S2D1,PWRWONGUYXX01,ELCGUYXX01,2035,0.005112351468
GLOBAL,S2D1,PWRWONGUYXX01,ELCGUYXX01,2036,0.005112351468
GLOBAL,S2D1,PWRWONGUYXX01,ELCGUYXX01,2037,0.005112351468
GLOBAL,S2D1,PWRWONGUYXX01,ELCGUYXX01,2038,0.005112351468
GLOBAL,S2D1,PWRWONGUYXX01,ELCGUYXX01,2039,0.005112351468
GLOBAL,S2D1,RNWBIOGUYXX,BIOGUYXX,2021,0.43987043519999997
GLOBAL,S2D1,RNWBIOGUYXX,BIOGUYXX,2022,0.43987043519999997
GLOBAL,S2D1,RNWBIOGUYXX,BIOGUYXX,2023,0.2512781964
GLOBAL,S2D1,RNWBIOGUYXX,BIOGUYXX,2024,0.43987043519999997
GLOBAL,S2D1,RNWBIOGUYXX,BIOGUYXX,2025,0.2512781964
GLOBAL,S2D1,RNWBIOGUYXX,BIOGUYXX,2026,0.2512781964
GLOBAL,S2D1,RNWBIOGUYXX,BIOGUYXX,2027,0.2512781964
GLOBAL,S2D1,RNWBIOGUYXX,BIOGUYXX,2028,0.2512781964
GLOBAL,S2D1,RNWBIOGUYXX,BIOGUYXX,2029,0.2512781964
GLOBAL,S2D1,RNWBIOGUYXX,BIOGUYXX,2030,0.2512781964
GLOBAL,S2D1,RNWBIOGUYXX,BIOGUYXX,2031,0.43987043519999997
GLOBAL,S2D1,RNWBIOGUYXX,BIOGUYXX,2032,0.2512781964
GLOBAL,S2D1,RNWBIOGUYXX,BIOGUYXX,2033,0.2512781964
GLOBAL,S2D1,RNWBIOGUYXX,BIOGUYXX,2034,0.43987043519999997
GLOBAL,S2D1,RNWBIOGUYXX,BIOGUYXX,2035,0.2512781964
GLOBAL,S2D1,RNWBIOGUYXX,BIOGUYXX,2036,0.43987043519999997
GLOBAL,S2D1,RNWBIOGUYXX,BIOGUYXX,2037,0.2512781964
GLOBAL,S2D1,RNWBIOGUYXX,BIOGUYXX,2038,0.2512781964
GLOBAL,S2D1,RNWWONGUYXX,WONGUYXX,2021,0.005112351468
GLOBAL,S2D1,RNWWONGUYXX,WONGUYXX,2022,0.005112351468
GLOBAL,S2D1,RNWWONGUYXX,WONGUYXX,2023,0.005112351468
GLOBAL,S2D1,RNWWONGUYXX,WONGUYXX,2024,0.005112351468
GLOBAL,S2D1,RNWWONGUYXX,WONGUYXX,2025,0.005112351468
GLOBAL,S2D1,RNWWONGUYXX,WONGUYXX,2026,0.005112351468
GLOBAL,S2D1,RNWWONGUYXX,WONGUYXX,2027,0.005112351468
GLOBAL,S2D1,RNWWONGUYXX,WONGUYXX,2028,0.005112351468
GLOBAL,S2D1,RNWWONGUYXX,WONGUYXX,2029,0.005112351468
GLOBAL,S2D1,RNWWONGUYXX,WONGUYXX,2030,0.005112351468
GLOBAL,S2D1,RNWWONGUYXX,WONGUYXX,2031,0.005112351468
GLOBAL,S2D1,RNWWONGUYXX,WONGUYXX,2032,0.005112351468
GLOBAL,S2D1,RNWWONGUYXX,WONGUYXX,2033,0.005112351468
GLOBAL,S2D1,RNWWONGUYXX,WONGUYXX,2034,0.005112351468
GLOBAL,S2D1,RNWWONGUYXX,WONGUYXX,2035,0.005112351468
GLOBAL,S2D1,RNWWONGUYXX,WONGUYXX,2036,0.005112351468
GLOBAL,S2D1,RNWWONGUYXX,WONGUYXX,2037,0.005112351468
GLOBAL,S2D1,RNWWONGUYXX,WONGUYXX,2038,0.005112351468
GLOBAL,S2D1,RNWWONGUYXX,WONGUYXX,2039,0.005112351468
GLOBAL,S2D2,MINGASINT,GASINT,2021,0.1738583658
GLOBAL,S2D2,MINGASINT,GASINT,2022,0.1738583658
GLOBAL,S2D2,MINGASINT,GASINT,2023,0.12878762400000002
GLOBAL,S2D2,MINGASINT,GASINT,2024,0.1738583658
GLOBAL,S2D2,MINGASINT,GASINT,2025,0.2400632766
GLOBAL,S2D2,MINGASINT,GASINT,2026,0.2400632766
GLOBAL,S2D2,MINGASINT,GASINT,2027,0.12878762400000002
GLOBAL,S2D2,MINGASINT,GASINT,2028,0.247993704
GLOBAL,S2D2,MINGASINT,GASINT,2029,0.247993704
GLOBAL,S2D2,MINGASINT,GASINT,2030,0.12878762400000002
GLOBAL,S2D2,MINGASINT,GASINT,2031,0.1738583658
GLOBAL,S2D2,MINGASINT,GASINT,2032,0.2400632766
GLOBAL,S2D2,MINGASINT,GASINT,2033,0.12878762400000002
GLOBAL,S2D2,MINGASINT,GASINT,2034,0.1738583658
GLOBAL,S2D2,MINGASINT,GASINT,2035,0.12878762400000002
GLOBAL,S2D2,MINGASINT,GASINT,2036,0.1738583658
GLOBAL,S2D2,MINGASINT,GASINT,2037,0.2400632766
GLOBAL,S2D2,MINGASINT,GASINT,2038,0.2400632766
GLOBAL,S2D2,MINGASINT,GASINT,2039,0.247993704
GLOBAL,S2D2,MINGASINT,GASINT,2040,0.251222202
GLOBAL,S2D2,MINGASINT,GASINT,2041,0.25286417099999997
GLOBAL,S2D2,MINGASINT,GASINT,2042,0.2545061526
GLOBAL,S2D2,MINGASINT,GASINT,2043,0.2578061556
GLOBAL,S2D2,MINGASINT,GASINT,2044,0.2600061534
GLOBAL,S2D2,MINGASINT,GASINT,2045,0.2622061512
GLOBAL,S2D2,MINGASINT,GASINT,2046,0.2754061506
GLOBAL,S2D2,MINGASINT,GASINT,2047,0.28750614480000003
GLOBAL,S2D2,MINGASINT,GASINT,2048,0.29960615160000004
GLOBAL,S2D2,MINGASINT,GASINT,2049,0.312806151
GLOBAL,S2D2,MINGASINT,GASINT,2050,0.3249061452
GLOBAL,S2D2,PWRBIOGUYXX01,ELCGUYXX01,2021,0.07413534576
GLOBAL,S2D2,PWRBIOGUYXX01,ELCGUYXX01,2022,0.07413534576
GLOBAL,S2D2,PWRBIOGUYXX01,ELCGUYXX01,2023,0.11920608
GLOBAL,S2D2,PWRBIOGUYXX01,ELCGUYXX01,2024,0.07413534576
GLOBAL,S2D2,PWRBIOGUYXX01,ELCGUYXX01,2025,0.007930434204000001
GLOBAL,S2D2,PWRBIOGUYXX01,ELCGUYXX01,2026,0.007930434204000001
GLOBAL,S2D2,PWRBIOGUYXX01,ELCGUYXX01,2027,0.11920608
GLOBAL,S2D2,PWRBIOGUYXX01,ELCGUYXX01,2030,0.11920608
GLOBAL,S2D2,PWRBIOGUYXX01,ELCGUYXX01,2031,0.07413534576
GLOBAL,S2D2,PWRBIOGUYXX01,ELCGUYXX01,2032,0.007930434204000001
GLOBAL,S2D2,PWRBIOGUYXX01,ELCGUYXX01,2033,0.11920608
GLOBAL,S2D2,PWRBIOGUYXX01,ELCGUYXX01,2034,0.07413534576
GLOBAL,S2D2,PWRBIOGUYXX01,ELCGUYXX01,2035,0.11920608
GLOBAL,S2D2,PWRBIOGUYXX01,ELCGUYXX01,2036,0.07413534576
GLOBAL,S2D2,PWRBIOGUYXX01,ELCGUYXX01,2037,0.007930434204000001
GLOBAL,S2D2,PWRBIOGUYXX01,ELCGUYXX01,2038,0.007930434204000001
GLOBAL,S2D2,PWRCCGGUYXX01,ELCGUYXX01,2021,0.1738583658
GLOBAL,S2D2,PWRCCGGUYXX01,ELCGUYXX01,2022,0.1738583658
GLOBAL,S2D2,PWRCCGGUYXX01,ELCGUYXX01,2023,0.12878762400000002
GLOBAL,S2D2,PWRCCGGUYXX01,ELCGUYXX01,2024,0.1738583658
GLOBAL,S2D2,PWRCCGGUYXX01,ELCGUYXX01,2025,0.2400632766
GLOBAL,S2D2,PWRCCGGUYXX01,ELCGUYXX01,2026,0.2400632766
GLOBAL,S2D2,PWRCCGGUYXX01,ELCGUYXX01,2027,0.12878762400000002
GLOBAL,S2D2,PWRCCGGUYXX01,ELCGUYXX01,2028,0.247993704
GLOBAL,S2D2,PWRCCGGUYXX01,ELCGUYXX01,2029,0.247993704
GLOBAL,S2D2,PWRCCGGUYXX01,ELCGUYXX01,2030,0.12878762400000002
GLOBAL,S2D2,PWRCCGGUYXX01,ELCGUYXX01,2031,0.1738583658
GLOBAL,S2D2,PWRCCGGUYXX01,ELCGUYXX01,2032,0.2400632766
GLOBAL,S2D2,PWRCCGGUYXX01,ELCGUYXX01,2033,0.12878762400000002
GLOBAL,S2D2,PWRCCGGUYXX01,ELCGUYXX01,2034,0.1738583658
GLOBAL,S2D2,PWRCCGGUYXX01,ELCGUYXX01,2035,0.12878762400000002
GLOBAL,S2D2,PWRCCGGUYXX01,ELCGUYXX01,2036,0.1738583658
GLOBAL,S2D2,PWRCCGGUYXX01,ELCGUYXX01,2037,0.2400632766
GLOBAL,S2D2,PWRCCGGUYXX01,ELCGUYXX01,2038,0.2400632766
GLOBAL,S2D2,PWRCCGGUYXX01,ELCGUYXX01,2039,0.247993704
GLOBAL,S2D2,PWRCCGGUYXX01,ELCGUYXX01,2040,0.251222202
GLOBAL,S2D2,PWRCCGGUYXX01,ELCGUYXX01,2041,0.25286417099999997
GLOBAL,S2D2,PWRCCGGUYXX01,ELCGUYXX01,2042,0.2545061526
GLOBAL,S2D2,PWRCCGGUYXX01,ELCGUYXX01,2043,0.2578061556
GLOBAL,S2D2,PWRCCGGUYXX01,ELCGUYXX01,2044,0.2600061534
GLOBAL,S2D2,PWRCCGGUYXX01,ELCGUYXX01,2045,0.2622061512
GLOBAL,S2D2,PWRCCGGUYXX01,ELCGUYXX01,2046,0.2754061506
GLOBAL,S2D2,PWRCCGGUYXX01,ELCGUYXX01,2047,0.28750614480000003
GLOBAL,S2D2,PWRCCGGUYXX01,ELCGUYXX01,2048,0.29960615160000004
GLOBAL,S2D2,PWRCCGGUYXX01,ELCGUYXX01,2049,0.312806151
GLOBAL,S2D2,PWRCCGGUYXX01,ELCGUYXX01,2050,0.3249061452
GLOBAL,S2D2,PWRCCGGUYXX01,GASINT,2021,0.1738583658
GLOBAL,S2D2,PWRCCGGUYXX01,GASINT,2022,0.1738583658
GLOBAL,S2D2,PWRCCGGUYXX01,GASINT,2023,0.12878762400000002
GLOBAL,S2D2,PWRCCGGUYXX01,GASINT,2024,0.1738583658
GLOBAL,S2D2,PWRCCGGUYXX01,GASINT,2025,0.2400632766
GLOBAL,S2D2,PWRCCGGUYXX01,GASINT,2026,0.2400632766
GLOBAL,S2D2,PWRCCGGUYXX01,GASINT,2027,0.12878762400000002
GLOBAL,S2D2,PWRCCGGUYXX01,GASINT,2028,0.247993704
GLOBAL,S2D2,PWRCCGGUYXX01,GASINT,2029,0.247993704
GLOBAL,S2D2,PWRCCGGUYXX01,GASINT,2030,0.12878762400000002
GLOBAL,S2D2,PWRCCGGUYXX01,GASINT,2031,0.1738583658
GLOBAL,S2D2,PWRCCGGUYXX01,GASINT,2032,0.2400632766
GLOBAL,S2D2,PWRCCGGUYXX01,GASINT,2033,0.12878762400000002
GLOBAL,S2D2,PWRCCGGUYXX01,GASINT,2034,0.1738583658
GLOBAL,S2D2,PWRCCGGUYXX01,GASINT,2035,0.12878762400000002
GLOBAL,S2D2,PWRCCGGUYXX01,GASINT,2036,0.1738583658
GLOBAL,S2D2,PWRCCGGUYXX01,GASINT,2037,0.2400632766
GLOBAL,S2D2,PWRCCGGUYXX01,GASINT,2038,0.2400632766
GLOBAL,S2D2,PWRCCGGUYXX01,GASINT,2039,0.247993704
GLOBAL,S2D2,PWRCCGGUYXX01,GASINT,2040,0.251222202
GLOBAL,S2D2,PWRCCGGUYXX01,GASINT,2041,0.25286417099999997
GLOBAL,S2D2,PWRCCGGUYXX01,GASINT,2042,0.2545061526
GLOBAL,S2D2,PWRCCGGUYXX01,GASINT,2043,0.2578061556
GLOBAL,S2D2,PWRCCGGUYXX01,GASINT,2044,0.2600061534
GLOBAL,S2D2,PWRCCGGUYXX01,GASINT,2045,0.2622061512
GLOBAL,S2D2,PWRCCGGUYXX01,GASINT,2046,0.2754061506
GLOBAL,S2D2,PWRCCGGUYXX01,GASINT,2047,0.28750614480000003
GLOBAL,S2D2,PWRCCGGUYXX01,GASINT,2048,0.29960615160000004
GLOBAL,S2D2,PWRCCGGUYXX01,GASINT,2049,0.312806151
GLOBAL,S2D2,PWRCCGGUYXX01,GASINT,2050,0.3249061452
GLOBAL,S2D2,PWRSPVGUYXX01,ELCGUYXX01,2021,0.08377765326
GLOBAL,S2D2,PWRSPVGUYXX01,ELCGUYXX01,2022,0.08377765326
GLOBAL,S2D2,PWRSPVGUYXX01,ELCGUYXX01,2023,0.08377765326
GLOBAL,S2D2,PWRSPVGUYXX01,ELCGUYXX01,2024,0.08377765326
GLOBAL,S2D2,PWRSPVGUYXX01,ELCGUYXX01,2025,0.08377765326
GLOBAL,S2D2,PWRSPVGUYXX01,ELCGUYXX01,2026,0.08377765326
GLOBAL,S2D2,PWRSPVGUYXX01,ELCGUYXX01,2027,0.08377765326
GLOBAL,S2D2,PWRSPVGUYXX01,ELCGUYXX01,2028,0.08377765326
GLOBAL,S2D2,PWRSPVGUYXX01,ELCGUYXX01,2029,0.08377765326
GLOBAL,S2D2,PWRSPVGUYXX01,ELCGUYXX01,2030,0.08377765326
GLOBAL,S2D2,PWRSPVGUYXX01,ELCGUYXX01,2031,0.08377765326
GLOBAL,S2D2,PWRSPVGUYXX01,ELCGUYXX01,2032,0.08377765326
GLOBAL,S2D2,PWRSPVGUYXX01,ELCGUYXX01,2033,0.08377765326
GLOBAL,S2D2,PWRSPVGUYXX01,ELCGUYXX01,2034,0.08377765326
GLOBAL,S2D2,PWRSPVGUYXX01,ELCGUYXX01,2035,0.08377765326
GLOBAL,S2D2,PWRSPVGUYXX01,ELCGUYXX01,2036,0.08377765326
GLOBAL,S2D2,PWRSPVGUYXX01,ELCGUYXX01,2037,0.08377765326
GLOBAL,S2D2,PWRSPVGUYXX01,ELCGUYXX01,2038,0.08377765326
GLOBAL,S2D2,PWRSPVGUYXX01,ELCGUYXX01,2039,0.08377765326
GLOBAL,S2D2,PWRSPVGUYXX01,ELCGUYXX01,2040,0.08537780034
GLOBAL,S2D2,PWRSPVGUYXX01,ELCGUYXX01,2041,0.08593582536
GLOBAL,S2D2,PWRSPVGUYXX01,ELCGUYXX01,2042,0.08649384912
GLOBAL,S2D2,PWRSPVGUYXX01,ELCGUYXX01,2043,0.08649384912
GLOBAL,S2D2,PWRSPVGUYXX01,ELCGUYXX01,2044,0.08649384912
GLOBAL,S2D2,PWRSPVGUYXX01,ELCGUYXX01,2045,0.08649384912
GLOBAL,S2D2,PWRSPVGUYXX01,ELCGUYXX01,2046,0.08649384912
GLOBAL,S2D2,PWRSPVGUYXX01,ELCGUYXX01,2047,0.08649384912
GLOBAL,S2D2,PWRSPVGUYXX01,ELCGUYXX01,2048,0.08649384912
GLOBAL,S2D2,PWRSPVGUYXX01,ELCGUYXX01,2049,0.08649384912
GLOBAL,S2D2,PWRSPVGUYXX01,ELCGUYXX01,2050,0.08649384912
GLOBAL,S2D2,PWRTRNGUYXX,ELCGUYXX02,2021,0.33660000360000003
GLOBAL,S2D2,PWRTRNGUYXX,ELCGUYXX02,2022,0.33660000360000003
GLOBAL,S2D2,PWRTRNGUYXX,ELCGUYXX02,2023,0.33660000360000003
GLOBAL,S2D2,PWRTRNGUYXX,ELCGUYXX02,2024,0.33660000360000003
GLOBAL,S2D2,PWRTRNGUYXX,ELCGUYXX02,2025,0.33660000360000003
GLOBAL,S2D2,PWRTRNGUYXX,ELCGUYXX02,2026,0.33660000360000003
GLOBAL,S2D2,PWRTRNGUYXX,ELCGUYXX02,2027,0.33660000360000003
GLOBAL,S2D2,PWRTRNGUYXX,ELCGUYXX02,2028,0.33660000360000003
GLOBAL,S2D2,PWRTRNGUYXX,ELCGUYXX02,2029,0.33660000360000003
GLOBAL,S2D2,PWRTRNGUYXX,ELCGUYXX02,2030,0.33660000360000003
GLOBAL,S2D2,PWRTRNGUYXX,ELCGUYXX02,2031,0.33660000360000003
GLOBAL,S2D2,PWRTRNGUYXX,ELCGUYXX02,2032,0.33660000360000003
GLOBAL,S2D2,PWRTRNGUYXX,ELCGUYXX02,2033,0.33660000360000003
GLOBAL,S2D2,PWRTRNGUYXX,ELCGUYXX02,2034,0.33660000360000003
GLOBAL,S2D2,PWRTRNGUYXX,ELCGUYXX02,2035,0.33660000360000003
GLOBAL,S2D2,PWRTRNGUYXX,ELCGUYXX02,2036,0.33660000360000003
GLOBAL,S2D2,PWRTRNGUYXX,ELCGUYXX02,2037,0.33660000360000003
GLOBAL,S2D2,PWRTRNGUYXX,ELCGUYXX02,2038,0.33660000360000003
GLOBAL,S2D2,PWRTRNGUYXX,ELCGUYXX02,2039,0.33660000360000003
GLOBAL,S2D2,PWRTRNGUYXX,ELCGUYXX02,2040,0.33660000360000003
GLOBAL,S2D2,PWRTRNGUYXX,ELCGUYXX02,2041,0.3388000014
GLOBAL,S2D2,PWRTRNGUYXX,ELCGUYXX02,2042,0.3409999992
GLOBAL,S2D2,PWRTRNGUYXX,ELCGUYXX02,2043,0.34430000219999995
GLOBAL,S2D2,PWRTRNGUYXX,ELCGUYXX02,2044,0.34650000000000003
GLOBAL,S2D2,PWRTRNGUYXX,ELCGUYXX02,2045,0.34869999780000005
GLOBAL,S2D2,PWRTRNGUYXX,ELCGUYXX02,2046,0.3618999972
GLOBAL,S2D2,PWRTRNGUYXX,ELCGUYXX02,2047,0.374000004
GLOBAL,S2D2,PWRTRNGUYXX,ELCGUYXX02,2048,0.3860999982
GLOBAL,S2D2,PWRTRNGUYXX,ELCGUYXX02,2049,0.3992999976
GLOBAL,S2D2,PWRTRNGUYXX,ELCGUYXX02,2050,0.41140000439999996
GLOBAL,S2D2,PWRWONGUYXX01,ELCGUYXX01,2021,0.004828640922
GLOBAL,S2D2,PWRWONGUYXX01,ELCGUYXX01,2022,0.004828640922
GLOBAL,S2D2,PWRWONGUYXX01,ELCGUYXX01,2023,0.004828640922
GLOBAL,S2D2,PWRWONGUYXX01,ELCGUYXX01,2024,0.004828640922
GLOBAL,S2D2,PWRWONGUYXX01,ELCGUYXX01,2025,0.004828640922
GLOBAL,S2D2,PWRWONGUYXX01,ELCGUYXX01,2026,0.004828640922
GLOBAL,S2D2,PWRWONGUYXX01,ELCGUYXX01,2027,0.004828640922
GLOBAL,S2D2,PWRWONGUYXX01,ELCGUYXX01,2028,0.004828640922
GLOBAL,S2D2,PWRWONGUYXX01,ELCGUYXX01,2029,0.004828640922
GLOBAL,S2D2,PWRWONGUYXX01,ELCGUYXX01,2030,0.004828640922
GLOBAL,S2D2,PWRWONGUYXX01,ELCGUYXX01,2031,0.004828640922
GLOBAL,S2D2,PWRWONGUYXX01,ELCGUYXX01,2032,0.004828640922
GLOBAL,S2D2,PWRWONGUYXX01,ELCGUYXX01,2033,0.004828640922
GLOBAL,S2D2,PWRWONGUYXX01,ELCGUYXX01,2034,0.004828640922
GLOBAL,S2D2,PWRWONGUYXX01,ELCGUYXX01,2035,0.004828640922
GLOBAL,S2D2,PWRWONGUYXX01,ELCGUYXX01,2036,0.004828640922
GLOBAL,S2D2,PWRWONGUYXX01,ELCGUYXX01,2037,0.004828640922
GLOBAL,S2D2,PWRWONGUYXX01,ELCGUYXX01,2038,0.004828640922
GLOBAL,S2D2,PWRWONGUYXX01,ELCGUYXX01,2039,0.004828640922
GLOBAL,S2D2,RNWBIOGUYXX,BIOGUYXX,2021,0.2735594316
GLOBAL,S2D2,RNWBIOGUYXX,BIOGUYXX,2022,0.2735594316
GLOBAL,S2D2,RNWBIOGUYXX,BIOGUYXX,2023,0.43987043519999997
GLOBAL,S2D2,RNWBIOGUYXX,BIOGUYXX,2024,0.2735594316
GLOBAL,S2D2,RNWBIOGUYXX,BIOGUYXX,2025,0.029263302180000002
GLOBAL,S2D2,RNWBIOGUYXX,BIOGUYXX,2026,0.029263302180000002
GLOBAL,S2D2,RNWBIOGUYXX,BIOGUYXX,2027,0.43987043519999997
GLOBAL,S2D2,RNWBIOGUYXX,BIOGUYXX,2030,0.43987043519999997
GLOBAL,S2D2,RNWBIOGUYXX,BIOGUYXX,2031,0.2735594316
GLOBAL,S2D2,RNWBIOGUYXX,BIOGUYXX,2032,0.029263302180000002
GLOBAL,S2D2,RNWBIOGUYXX,BIOGUYXX,2033,0.43987043519999997
GLOBAL,S2D2,RNWBIOGUYXX,BIOGUYXX,2034,0.2735594316
GLOBAL,S2D2,RNWBIOGUYXX,BIOGUYXX,2035,0.43987043519999997
GLOBAL,S2D2,RNWBIOGUYXX,BIOGUYXX,2036,0.2735594316
GLOBAL,S2D2,RNWBIOGUYXX,BIOGUYXX,2037,0.029263302180000002
GLOBAL,S2D2,RNWBIOGUYXX,BIOGUYXX,2038,0.029263302180000002
GLOBAL,S2D2,RNWSPVGUYXX,SPVGUYXX,2021,0.08377765326
GLOBAL,S2D2,RNWSPVGUYXX,SPVGUYXX,2022,0.08377765326
GLOBAL,S2D2,RNWSPVGUYXX,SPVGUYXX,2023,0.08377765326
GLOBAL,S2D2,RNWSPVGUYXX,SPVGUYXX,2024,0.08377765326
GLOBAL,S2D2,RNWSPVGUYXX,SPVGUYXX,2025,0.08377765326
GLOBAL,S2D2,RNWSPVGUYXX,SPVGUYXX,2026,0.08377765326
GLOBAL,S2D2,RNWSPVGUYXX,SPVGUYXX,2027,0.08377765326
GLOBAL,S2D2,RNWSPVGUYXX,SPVGUYXX,2028,0.08377765326
GLOBAL,S2D2,RNWSPVGUYXX,SPVGUYXX,2029,0.08377765326
GLOBAL,S2D2,RNWSPVGUYXX,SPVGUYXX,2030,0.08377765326
GLOBAL,S2D2,RNWSPVGUYXX,SPVGUYXX,2031,0.08377765326
GLOBAL,S2D2,RNWSPVGUYXX,SPVGUYXX,2032,0.08377765326
GLOBAL,S2D2,RNWSPVGUYXX,SPVGUYXX,2033,0.08377765326
GLOBAL,S2D2,RNWSPVGUYXX,SPVGUYXX,2034,0.08377765326
GLOBAL,S2D2,RNWSPVGUYXX,SPVGUYXX,2035,0.08377765326
GLOBAL,S2D2,RNWSPVGUYXX,SPVGUYXX,2036,0.08377765326
GLOBAL,S2D2,RNWSPVGUYXX,SPVGUYXX,2037,0.08377765326
GLOBAL,S2D2,RNWSPVGUYXX,SPVGUYXX,2038,0.08377765326
GLOBAL,S2D2,RNWSPVGUYXX,SPVGUYXX,2039,0.08377765326
GLOBAL,S2D2,RNWSPVGUYXX,SPVGUYXX,2040,0.08537780034
GLOBAL,S2D2,RNWSPVGUYXX,SPVGUYXX,2041,0.08593582536
GLOBAL,S2D2,RNWSPVGUYXX,SPVGUYXX,2042,0.08649384912
GLOBAL,S2D2,RNWSPVGUYXX,SPVGUYXX,2043,0.08649384912
GLOBAL,S2D2,RNWSPVGUYXX,SPVGUYXX,2044,0.08649384912
GLOBAL,S2D2,RNWSPVGUYXX,SPVGUYXX,2045,0.08649384912
GLOBAL,S2D2,RNWSPVGUYXX,SPVGUYXX,2046,0.08649384912
GLOBAL,S2D2,RNWSPVGUYXX,SPVGUYXX,2047,0.08649384912
GLOBAL,S2D2,RNWSPVGUYXX,SPVGUYXX,2048,0.08649384912
GLOBAL,S2D2,RNWSPVGUYXX,SPVGUYXX,2049,0.08649384912
GLOBAL,S2D2,RNWSPVGUYXX,SPVGUYXX,2050,0.08649384912
GLOBAL,S2D2,RNWWONGUYXX,WONGUYXX,2021,0.004828640922
GLOBAL,S2D2,RNWWONGUYXX,WONGUYXX,2022,0.004828640922
GLOBAL,S2D2,RNWWONGUYXX,WONGUYXX,2023,0.004828640922
GLOBAL,S2D2,RNWWONGUYXX,WONGUYXX,2024,0.004828640922
GLOBAL,S2D2,RNWWONGUYXX,WONGUYXX,2025,0.004828640922
GLOBAL,S2D2,RNWWONGUYXX,WONGUYXX,2026,0.004828640922
GLOBAL,S2D2,RNWWONGUYXX,WONGUYXX,2027,0.004828640922
GLOBAL,S2D2,RNWWONGUYXX,WONGUYXX,2028,0.004828640922
GLOBAL,S2D2,RNWWONGUYXX,WONGUYXX,2029,0.004828640922
GLOBAL,S2D2,RNWWONGUYXX,WONGUYXX,2030,0.004828640922
GLOBAL,S2D2,RNWWONGUYXX,WONGUYXX,2031,0.004828640922
GLOBAL,S2D2,RNWWONGUYXX,WONGUYXX,2032,0.004828640922
GLOBAL,S2D2,RNWWONGUYXX,WONGUYXX,2033,0.004828640922
GLOBAL,S2D2,RNWWONGUYXX,WONGUYXX,2034,0.004828640922
GLOBAL,S2D2,RNWWONGUYXX,WONGUYXX,2035,0.004828640922
GLOBAL,S2D2,RNWWONGUYXX,WONGUYXX,2036,0.004828640922
GLOBAL,S2D2,RNWWONGUYXX,WONGUYXX,2037,0.004828640922
GLOBAL,S2D2,RNWWONGUYXX,WONGUYXX,2038,0.004828640922
GLOBAL,S2D2,RNWWONGUYXX,WONGUYXX,2039,0.004828640922
GLOBAL,S2D3,MINGASINT,GASINT,2043,0.0078000000120000005
GLOBAL,S2D3,MINGASINT,GASINT,2045,0.01819999944
GLOBAL,S2D3,MINGASINT,GASINT,2046,0.04939999974
GLOBAL,S2D3,MINGASINT,GASINT,2047,0.07800000012000001
GLOBAL,S2D3,MINGASINT,GASINT,2049,0.0003395506968
GLOBAL,S2D3,MINGASINT,GASINT,2050,0.13942158300000002
GLOBAL,S2D3,PWRCCGGUYXX01,ELCGUYXX01,2043,0.0078000000120000005
GLOBAL,S2D3,PWRCCGGUYXX01,ELCGUYXX01,2045,0.01819999944
GLOBAL,S2D3,PWRCCGGUYXX01,ELCGUYXX01,2046,0.04939999974
GLOBAL,S2D3,PWRCCGGUYXX01,ELCGUYXX01,2047,0.07800000012000001
GLOBAL,S2D3,PWRCCGGUYXX01,ELCGUYXX01,2049,0.0003395506968
GLOBAL,S2D3,PWRCCGGUYXX01,ELCGUYXX01,2050,0.13942158300000002
GLOBAL,S2D3,PWRCCGGUYXX01,GASINT,2043,0.0078000000120000005
GLOBAL,S2D3,PWRCCGGUYXX01,GASINT,2045,0.01819999944
GLOBAL,S2D3,PWRCCGGUYXX01,GASINT,2046,0.04939999974
GLOBAL,S2D3,PWRCCGGUYXX01,GASINT,2047,0.07800000012000001
GLOBAL,S2D3,PWRCCGGUYXX01,GASINT,2049,0.0003395506968
GLOBAL,S2D3,PWRCCGGUYXX01,GASINT,2050,0.13942158300000002
GLOBAL,S2D3,PWRSPVGUYXX01,ELCGUYXX01,2021,0.39013425360000004
GLOBAL,S2D3,PWRSPVGUYXX01,ELCGUYXX01,2022,0.39013425360000004
GLOBAL,S2D3,PWRSPVGUYXX01,ELCGUYXX01,2023,0.39013425360000004
GLOBAL,S2D3,PWRSPVGUYXX01,ELCGUYXX01,2024,0.39013425360000004
GLOBAL,S2D3,PWRSPVGUYXX01,ELCGUYXX01,2025,0.39013425360000004
GLOBAL,S2D3,PWRSPVGUYXX01,ELCGUYXX01,2026,0.39013425360000004
GLOBAL,S2D3,PWRSPVGUYXX01,ELCGUYXX01,2027,0.39013425360000004
GLOBAL,S2D3,PWRSPVGUYXX01,ELCGUYXX01,2028,0.39013425360000004
GLOBAL,S2D3,PWRSPVGUYXX01,ELCGUYXX01,2029,0.39013425360000004
GLOBAL,S2D3,PWRSPVGUYXX01,ELCGUYXX01,2030,0.39599520660000004
GLOBAL,S2D3,PWRSPVGUYXX01,ELCGUYXX01,2031,0.39599520660000004
GLOBAL,S2D3,PWRSPVGUYXX01,ELCGUYXX01,2032,0.39599520660000004
GLOBAL,S2D3,PWRSPVGUYXX01,ELCGUYXX01,2033,0.39599520660000004
GLOBAL,S2D3,PWRSPVGUYXX01,ELCGUYXX01,2034,0.39599520660000004
GLOBAL,S2D3,PWRSPVGUYXX01,ELCGUYXX01,2035,0.39599520660000004
GLOBAL,S2D3,PWRSPVGUYXX01,ELCGUYXX01,2036,0.39599520660000004
GLOBAL,S2D3,PWRSPVGUYXX01,ELCGUYXX01,2037,0.39599520660000004
GLOBAL,S2D3,PWRSPVGUYXX01,ELCGUYXX01,2038,0.39599520660000004
GLOBAL,S2D3,PWRSPVGUYXX01,ELCGUYXX01,2039,0.39013425360000004
GLOBAL,S2D3,PWRSPVGUYXX01,ELCGUYXX01,2040,0.39780000540000005
GLOBAL,S2D3,PWRSPVGUYXX01,ELCGUYXX01,2041,0.4004000028
GLOBAL,S2D3,PWRSPVGUYXX01,ELCGUYXX01,2042,0.4030000002
GLOBAL,S2D3,PWRSPVGUYXX01,ELCGUYXX01,2043,0.3990999978
GLOBAL,S2D3,PWRSPVGUYXX01,ELCGUYXX01,2044,0.4095
GLOBAL,S2D3,PWRSPVGUYXX01,ELCGUYXX01,2045,0.393900003
GLOBAL,S2D3,PWRSPVGUYXX01,ELCGUYXX01,2046,0.378300006
GLOBAL,S2D3,PWRSPVGUYXX01,ELCGUYXX01,2047,0.3640000014
GLOBAL,S2D3,PWRSPVGUYXX01,ELCGUYXX01,2048,0.4563000036
GLOBAL,S2D3,PWRSPVGUYXX01,ELCGUYXX01,2049,0.4715604432
GLOBAL,S2D3,PWRSPVGUYXX01,ELCGUYXX01,2050,0.3467784222
GLOBAL,S2D3,PWRTRNGUYXX,ELCGUYXX02,2021,0.39780000540000005
GLOBAL,S2D3,PWRTRNGUYXX,ELCGUYXX02,2022,0.39780000540000005
GLOBAL,S2D3,PWRTRNGUYXX,ELCGUYXX02,2023,0.39780000540000005
GLOBAL,S2D3,PWRTRNGUYXX,ELCGUYXX02,2024,0.39780000540000005
GLOBAL,S2D3,PWRTRNGUYXX,ELCGUYXX02,2025,0.39780000540000005
GLOBAL,S2D3,PWRTRNGUYXX,ELCGUYXX02,2026,0.39780000540000005
GLOBAL,S2D3,PWRTRNGUYXX,ELCGUYXX02,2027,0.39780000540000005
GLOBAL,S2D3,PWRTRNGUYXX,ELCGUYXX02,2028,0.39780000540000005
GLOBAL,S2D3,PWRTRNGUYXX,ELCGUYXX02,2029,0.39780000540000005
GLOBAL,S2D3,PWRTRNGUYXX,ELCGUYXX02,2030,0.39780000540000005
GLOBAL,S2D3,PWRTRNGUYXX,ELCGUYXX02,2031,0.39780000540000005
GLOBAL,S2D3,PWRTRNGUYXX,ELCGUYXX02,2032,0.39780000540000005
GLOBAL,S2D3,PWRTRNGUYXX,ELCGUYXX02,2033,0.39780000540000005
GLOBAL,S2D3,PWRTRNGUYXX,ELCGUYXX02,2034,0.39780000540000005
GLOBAL,S2D3,PWRTRNGUYXX,ELCGUYXX02,2035,0.39780000540000005
GLOBAL,S2D3,PWRTRNGUYXX,ELCGUYXX02,2036,0.39780000540000005
GLOBAL,S2D3,PWRTRNGUYXX,ELCGUYXX02,2037,0.39780000540000005
GLOBAL,S2D3,PWRTRNGUYXX,ELCGUYXX02,2038,0.39780000540000005
GLOBAL,S2D3,PWRTRNGUYXX,ELCGUYXX02,2039,0.39780000540000005
GLOBAL,S2D3,PWRTRNGUYXX,ELCGUYXX02,2040,0.39780000540000005
GLOBAL,S2D3,PWRTRNGUYXX,ELCGUYXX02,2041,0.4004000028
GLOBAL,S2D3,PWRTRNGUYXX,ELCGUYXX02,2042,0.4030000002
GLOBAL,S2D3,PWRTRNGUYXX,ELCGUYXX02,2043,0.4069000026
GLOBAL,S2D3,PWRTRNGUYXX,ELCGUYXX02,2044,0.4095
GLOBAL,S2D3,PWRTRNGUYXX,ELCGUYXX02,2045,0.41209999740000003
GLOBAL,S2D3,PWRTRNGUYXX,ELCGUYXX02,2046,0.4276999944
GLOBAL,S2D3,PWRTRNGUYXX,ELCGUYXX02,2047,0.44199999900000003
GLOBAL,S2D3,PWRTRNGUYXX,ELCGUYXX02,2048,0.4563000036
GLOBAL,S2D3,PWRTRNGUYXX,ELCGUYXX02,2049,0.4719000006
GLOBAL,S2D3,PWRTRNGUYXX,ELCGUYXX02,2050,0.4862000052
GLOBAL,S2D3,PWRWONGUYXX01,ELCGUYXX01,2021,0.007665745626
GLOBAL,S2D3,PWRWONGUYXX01,ELCGUYXX01,2022,0.007665745626
GLOBAL,S2D3,PWRWONGUYXX01,ELCGUYXX01,2023,0.007665745626
GLOBAL,S2D3,PWRWONGUYXX01,ELCGUYXX01,2024,0.007665745626
GLOBAL,S2D3,PWRWONGUYXX01,ELCGUYXX01,2025,0.007665745626
GLOBAL,S2D3,PWRWONGUYXX01,ELCGUYXX01,2026,0.007665745626
GLOBAL,S2D3,PWRWONGUYXX01,ELCGUYXX01,2027,0.007665745626
GLOBAL,S2D3,PWRWONGUYXX01,ELCGUYXX01,2028,0.007665745626
GLOBAL,S2D3,PWRWONGUYXX01,ELCGUYXX01,2029,0.007665745626
GLOBAL,S2D3,PWRWONGUYXX01,ELCGUYXX01,2030,0.001804788846
GLOBAL,S2D3,PWRWONGUYXX01,ELCGUYXX01,2031,0.001804788846
GLOBAL,S2D3,PWRWONGUYXX01,ELCGUYXX01,2032,0.001804788846
GLOBAL,S2D3,PWRWONGUYXX01,ELCGUYXX01,2033,0.001804788846
GLOBAL,S2D3,PWRWONGUYXX01,ELCGUYXX01,2034,0.001804788846
GLOBAL,S2D3,PWRWONGUYXX01,ELCGUYXX01,2035,0.001804788846
GLOBAL,S2D3,PWRWONGUYXX01,ELCGUYXX01,2036,0.001804788846
GLOBAL,S2D3,PWRWONGUYXX01,ELCGUYXX01,2037,0.001804788846
GLOBAL,S2D3,PWRWONGUYXX01,ELCGUYXX01,2038,0.001804788846
GLOBAL,S2D3,PWRWONGUYXX01,ELCGUYXX01,2039,0.007665745626
GLOBAL,S2D3,RNWSPVGUYXX,SPVGUYXX,2021,0.39013425360000004
GLOBAL,S2D3,RNWSPVGUYXX,SPVGUYXX,2022,0.39013425360000004
GLOBAL,S2D3,RNWSPVGUYXX,SPVGUYXX,2023,0.39013425360000004
GLOBAL,S2D3,RNWSPVGUYXX,SPVGUYXX,2024,0.39013425360000004
GLOBAL,S2D3,RNWSPVGUYXX,SPVGUYXX,2025,0.39013425360000004
GLOBAL,S2D3,RNWSPVGUYXX,SPVGUYXX,2026,0.39013425360000004
GLOBAL,S2D3,RNWSPVGUYXX,SPVGUYXX,2027,0.39013425360000004
GLOBAL,S2D3,RNWSPVGUYXX,SPVGUYXX,2028,0.39013425360000004
GLOBAL,S2D3,RNWSPVGUYXX,SPVGUYXX,2029,0.39013425360000004
GLOBAL,S2D3,RNWSPVGUYXX,SPVGUYXX,2030,0.39599520660000004
GLOBAL,S2D3,RNWSPVGUYXX,SPVGUYXX,2031,0.39599520660000004
GLOBAL,S2D3,RNWSPVGUYXX,SPVGUYXX,2032,0.39599520660000004
GLOBAL,S2D3,RNWSPVGUYXX,SPVGUYXX,2033,0.39599520660000004
GLOBAL,S2D3,RNWSPVGUYXX,SPVGUYXX,2034,0.39599520660000004
GLOBAL,S2D3,RNWSPVGUYXX,SPVGUYXX,2035,0.39599520660000004
GLOBAL,S2D3,RNWSPVGUYXX,SPVGUYXX,2036,0.39599520660000004
GLOBAL,S2D3,RNWSPVGUYXX,SPVGUYXX,2037,0.39599520660000004
GLOBAL,S2D3,RNWSPVGUYXX,SPVGUYXX,2038,0.39599520660000004
GLOBAL,S2D3,RNWSPVGUYXX,SPVGUYXX,2039,0.39013425360000004
GLOBAL,S2D3,RNWSPVGUYXX,SPVGUYXX,2040,0.39780000540000005
GLOBAL,S2D3,RNWSPVGUYXX,SPVGUYXX,2041,0.4004000028
GLOBAL,S2D3,RNWSPVGUYXX,SPVGUYXX,2042,0.4030000002
GLOBAL,S2D3,RNWSPVGUYXX,SPVGUYXX,2043,0.3990999978
GLOBAL,S2D3,RNWSPVGUYXX,SPVGUYXX,2044,0.4095
GLOBAL,S2D3,RNWSPVGUYXX,SPVGUYXX,2045,0.393900003
GLOBAL,S2D3,RNWSPVGUYXX,SPVGUYXX,2046,0.378300006
GLOBAL,S2D3,RNWSPVGUYXX,SPVGUYXX,2047,0.3640000014
GLOBAL,S2D3,RNWSPVGUYXX,SPVGUYXX,2048,0.4563000036
GLOBAL,S2D3,RNWSPVGUYXX,SPVGUYXX,2049,0.4715604432
GLOBAL,S2D3,RNWSPVGUYXX,SPVGUYXX,2050,0.3467784222
GLOBAL,S2D3,RNWWONGUYXX,WONGUYXX,2021,0.007665745626
GLOBAL,S2D3,RNWWONGUYXX,WONGUYXX,2022,0.007665745626
GLOBAL,S2D3,RNWWONGUYXX,WONGUYXX,2023,0.007665745626
GLOBAL,S2D3,RNWWONGUYXX,WONGUYXX,2024,0.007665745626
GLOBAL,S2D3,RNWWONGUYXX,WONGUYXX,2025,0.007665745626
GLOBAL,S2D3,RNWWONGUYXX,WONGUYXX,2026,0.007665745626
GLOBAL,S2D3,RNWWONGUYXX,WONGUYXX,2027,0.007665745626
GLOBAL,S2D3,RNWWONGUYXX,WONGUYXX,2028,0.007665745626
GLOBAL,S2D3,RNWWONGUYXX,WONGUYXX,2029,0.007665745626
GLOBAL,S2D3,RNWWONGUYXX,WONGUYXX,2030,0.001804788846
GLOBAL,S2D3,RNWWONGUYXX,WONGUYXX,2031,0.001804788846
GLOBAL,S2D3,RNWWONGUYXX,WONGUYXX,2032,0.001804788846
GLOBAL,S2D3,RNWWONGUYXX,WONGUYXX,2033,0.001804788846
GLOBAL,S2D3,RNWWONGUYXX,WONGUYXX,2034,0.001804788846
GLOBAL,S2D3,RNWWONGUYXX,WONGUYXX,2035,0.001804788846
GLOBAL,S2D3,RNWWONGUYXX,WONGUYXX,2036,0.001804788846
GLOBAL,S2D3,RNWWONGUYXX,WONGUYXX,2037,0.001804788846
GLOBAL,S2D3,RNWWONGUYXX,WONGUYXX,2038,0.001804788846
GLOBAL,S2D3,RNWWONGUYXX,WONGUYXX,2039,0.007665745626
GLOBAL,S2D4,MINGASINT,GASINT,2021,0.2633905764
GLOBAL,S2D4,MINGASINT,GASINT,2022,0.2633905764
GLOBAL,S2D4,MINGASINT,GASINT,2023,0.2633905764
GLOBAL,S2D4,MINGASINT,GASINT,2024,0.2633905764
GLOBAL,S2D4,MINGASINT,GASINT,2025,0.2633905764
GLOBAL,S2D4,MINGASINT,GASINT,2026,0.2633905764
GLOBAL,S2D4,MINGASINT,GASINT,2027,0.2633905764
GLOBAL,S2D4,MINGASINT,GASINT,2028,0.2633905764
GLOBAL,S2D4,MINGASINT,GASINT,2029,0.2633905764
GLOBAL,S2D4,MINGASINT,GASINT,2030,0.2633905764
GLOBAL,S2D4,MINGASINT,GASINT,2031,0.2633905764
GLOBAL,S2D4,MINGASINT,GASINT,2032,0.2633905764
GLOBAL,S2D4,MINGASINT,GASINT,2033,0.2633905764
GLOBAL,S2D4,MINGASINT,GASINT,2034,0.2633905764
GLOBAL,S2D4,MINGASINT,GASINT,2035,0.2633905764
GLOBAL,S2D4,MINGASINT,GASINT,2036,0.2633905764
GLOBAL,S2D4,MINGASINT,GASINT,2037,0.2633905764
GLOBAL,S2D4,MINGASINT,GASINT,2038,0.2633905764
GLOBAL,S2D4,MINGASINT,GASINT,2039,0.3825966564
GLOBAL,S2D4,MINGASINT,GASINT,2040,0.3869653032
GLOBAL,S2D4,MINGASINT,GASINT,2041,0.3894944886
GLOBAL,S2D4,MINGASINT,GASINT,2042,0.392023674
GLOBAL,S2D4,MINGASINT,GASINT,2043,0.3965236632
GLOBAL,S2D4,MINGASINT,GASINT,2044,0.3995236728
GLOBAL,S2D4,MINGASINT,GASINT,2045,0.4025236698
GLOBAL,S2D4,MINGASINT,GASINT,2046,0.422656038
GLOBAL,S2D4,MINGASINT,GASINT,2047,0.4532965416
GLOBAL,S2D4,MINGASINT,GASINT,2048,0.4839370452
GLOBAL,S2D4,MINGASINT,GASINT,2049,0.5173630434000001
GLOBAL,S2D4,MINGASINT,GASINT,2050,0.548003547
GLOBAL,S2D4,PWRBIOGUYXX01,ELCGUYXX01,2021,0.11920608
GLOBAL,S2D4,PWRBIOGUYXX01,ELCGUYXX01,2022,0.11920608
GLOBAL,S2D4,PWRBIOGUYXX01,ELCGUYXX01,2023,0.11920608
GLOBAL,S2D4,PWRBIOGUYXX01,ELCGUYXX01,2024,0.11920608
GLOBAL,S2D4,PWRBIOGUYXX01,ELCGUYXX01,2025,0.11920608
GLOBAL,S2D4,PWRBIOGUYXX01,ELCGUYXX01,2026,0.11920608
GLOBAL,S2D4,PWRBIOGUYXX01,ELCGUYXX01,2027,0.11920608
GLOBAL,S2D4,PWRBIOGUYXX01,ELCGUYXX01,2028,0.11920608
GLOBAL,S2D4,PWRBIOGUYXX01,ELCGUYXX01,2029,0.11920608
GLOBAL,S2D4,PWRBIOGUYXX01,ELCGUYXX01,2030,0.11920608
GLOBAL,S2D4,PWRBIOGUYXX01,ELCGUYXX01,2031,0.11920608
GLOBAL,S2D4,PWRBIOGUYXX01,ELCGUYXX01,2032,0.11920608
GLOBAL,S2D4,PWRBIOGUYXX01,ELCGUYXX01,2033,0.11920608
GLOBAL,S2D4,PWRBIOGUYXX01,ELCGUYXX01,2034,0.11920608
GLOBAL,S2D4,PWRBIOGUYXX01,ELCGUYXX01,2035,0.11920608
GLOBAL,S2D4,PWRBIOGUYXX01,ELCGUYXX01,2036,0.11920608
GLOBAL,S2D4,PWRBIOGUYXX01,ELCGUYXX01,2037,0.11920608
GLOBAL,S2D4,PWRBIOGUYXX01,ELCGUYXX01,2038,0.11920608
GLOBAL,S2D4,PWRCCGGUYXX01,ELCGUYXX01,2021,0.2633905764
GLOBAL,S2D4,PWRCCGGUYXX01,ELCGUYXX01,2022,0.2633905764
GLOBAL,S2D4,PWRCCGGUYXX01,ELCGUYXX01,2023,0.2633905764
GLOBAL,S2D4,PWRCCGGUYXX01,ELCGUYXX01,2024,0.2633905764
GLOBAL,S2D4,PWRCCGGUYXX01,ELCGUYXX01,2025,0.2633905764
GLOBAL,S2D4,PWRCCGGUYXX01,ELCGUYXX01,2026,0.2633905764
GLOBAL,S2D4,PWRCCGGUYXX01,ELCGUYXX01,2027,0.2633905764
GLOBAL,S2D4,PWRCCGGUYXX01,ELCGUYXX01,2028,0.2633905764
GLOBAL,S2D4,PWRCCGGUYXX01,ELCGUYXX01,2029,0.2633905764
GLOBAL,S2D4,PWRCCGGUYXX01,ELCGUYXX01,2030,0.2633905764
GLOBAL,S2D4,PWRCCGGUYXX01,ELCGUYXX01,2031,0.2633905764
GLOBAL,S2D4,PWRCCGGUYXX01,ELCGUYXX01,2032,0.2633905764
GLOBAL,S2D4,PWRCCGGUYXX01,ELCGUYXX01,2033,0.2633905764
GLOBAL,S2D4,PWRCCGGUYXX01,ELCGUYXX01,2034,0.2633905764
GLOBAL,S2D4,PWRCCGGUYXX01,ELCGUYXX01,2035,0.2633905764
GLOBAL,S2D4,PWRCCGGUYXX01,ELCGUYXX01,2036,0.2633905764
GLOBAL,S2D4,PWRCCGGUYXX01,ELCGUYXX01,2037,0.2633905764
GLOBAL,S2D4,PWRCCGGUYXX01,ELCGUYXX01,2038,0.2633905764
GLOBAL,S2D4,PWRCCGGUYXX01,ELCGUYXX01,2039,0.3825966564
GLOBAL,S2D4,PWRCCGGUYXX01,ELCGUYXX01,2040,0.3869653032
GLOBAL,S2D4,PWRCCGGUYXX01,ELCGUYXX01,2041,0.3894944886
GLOBAL,S2D4,PWRCCGGUYXX01,ELCGUYXX01,2042,0.392023674
GLOBAL,S2D4,PWRCCGGUYXX01,ELCGUYXX01,2043,0.3965236632
GLOBAL,S2D4,PWRCCGGUYXX01,ELCGUYXX01,2044,0.3995236728
GLOBAL,S2D4,PWRCCGGUYXX01,ELCGUYXX01,2045,0.4025236698
GLOBAL,S2D4,PWRCCGGUYXX01,ELCGUYXX01,2046,0.4180354794
GLOBAL,S2D4,PWRCCGGUYXX01,ELCGUYXX01,2047,0.4180354794
GLOBAL,S2D4,PWRCCGGUYXX01,ELCGUYXX01,2048,0.4180354794
GLOBAL,S2D4,PWRCCGGUYXX01,ELCGUYXX01,2049,0.4180354794
GLOBAL,S2D4,PWRCCGGUYXX01,ELCGUYXX01,2050,0.4180354794
GLOBAL,S2D4,PWRCCGGUYXX01,GASINT,2021,0.2633905764
GLOBAL,S2D4,PWRCCGGUYXX01,GASINT,2022,0.2633905764
GLOBAL,S2D4,PWRCCGGUYXX01,GASINT,2023,0.2633905764
GLOBAL,S2D4,PWRCCGGUYXX01,GASINT,2024,0.2633905764
GLOBAL,S2D4,PWRCCGGUYXX01,GASINT,2025,0.2633905764
GLOBAL,S2D4,PWRCCGGUYXX01,GASINT,2026,0.2633905764
GLOBAL,S2D4,PWRCCGGUYXX01,GASINT,2027,0.2633905764
GLOBAL,S2D4,PWRCCGGUYXX01,GASINT,2028,0.2633905764
GLOBAL,S2D4,PWRCCGGUYXX01,GASINT,2029,0.2633905764
GLOBAL,S2D4,PWRCCGGUYXX01,GASINT,2030,0.2633905764
GLOBAL,S2D4,PWRCCGGUYXX01,GASINT,2031,0.2633905764
GLOBAL,S2D4,PWRCCGGUYXX01,GASINT,2032,0.2633905764
GLOBAL,S2D4,PWRCCGGUYXX01,GASINT,2033,0.2633905764
GLOBAL,S2D4,PWRCCGGUYXX01,GASINT,2034,0.2633905764
GLOBAL,S2D4,PWRCCGGUYXX01,GASINT,2035,0.2633905764
GLOBAL,S2D4,PWRCCGGUYXX01,GASINT,2036,0.2633905764
GLOBAL,S2D4,PWRCCGGUYXX01,GASINT,2037,0.2633905764
GLOBAL,S2D4,PWRCCGGUYXX01,GASINT,2038,0.2633905764
GLOBAL,S2D4,PWRCCGGUYXX01,GASINT,2039,0.3825966564
GLOBAL,S2D4,PWRCCGGUYXX01,GASINT,2040,0.3869653032
GLOBAL,S2D4,PWRCCGGUYXX01,GASINT,2041,0.3894944886
GLOBAL,S2D4,PWRCCGGUYXX01,GASINT,2042,0.392023674
GLOBAL,S2D4,PWRCCGGUYXX01,GASINT,2043,0.3965236632
GLOBAL,S2D4,PWRCCGGUYXX01,GASINT,2044,0.3995236728
GLOBAL,S2D4,PWRCCGGUYXX01,GASINT,2045,0.4025236698
GLOBAL,S2D4,PWRCCGGUYXX01,GASINT,2046,0.4180354794
GLOBAL,S2D4,PWRCCGGUYXX01,GASINT,2047,0.4180354794
GLOBAL,S2D4,PWRCCGGUYXX01,GASINT,2048,0.4180354794
GLOBAL,S2D4,PWRCCGGUYXX01,GASINT,2049,0.4180354794
GLOBAL,S2D4,PWRCCGGUYXX01,GASINT,2050,0.4180354794
GLOBAL,S2D4,PWROCGGUYXX01,ELCGUYXX01,2046,0.0024881847479999997
GLOBAL,S2D4,PWROCGGUYXX01,ELCGUYXX01,2047,0.01898818488
GLOBAL,S2D4,PWROCGGUYXX01,ELCGUYXX01,2048,0.03548818476
GLOBAL,S2D4,PWROCGGUYXX01,ELCGUYXX01,2049,0.0534881844
GLOBAL,S2D4,PWROCGGUYXX01,ELCGUYXX01,2050,0.06998818428
GLOBAL,S2D4,PWROCGGUYXX01,GASINT,2046,0.0024881847479999997
GLOBAL,S2D4,PWROCGGUYXX01,GASINT,2047,0.01898818488
GLOBAL,S2D4,PWROCGGUYXX01,GASINT,2048,0.03548818476
GLOBAL,S2D4,PWROCGGUYXX01,GASINT,2049,0.0534881844
GLOBAL,S2D4,PWROCGGUYXX01,GASINT,2050,0.06998818428
GLOBAL,S2D4,PWRSPVGUYXX01,ELCGUYXX01,2021,0.07068463037999999
GLOBAL,S2D4,PWRSPVGUYXX01,ELCGUYXX01,2022,0.07068463037999999
GLOBAL,S2D4,PWRSPVGUYXX01,ELCGUYXX01,2023,0.07068463037999999
GLOBAL,S2D4,PWRSPVGUYXX01,ELCGUYXX01,2024,0.07068463037999999
GLOBAL,S2D4,PWRSPVGUYXX01,ELCGUYXX01,2025,0.07068463037999999
GLOBAL,S2D4,PWRSPVGUYXX01,ELCGUYXX01,2026,0.07068463037999999
GLOBAL,S2D4,PWRSPVGUYXX01,ELCGUYXX01,2027,0.07068463037999999
GLOBAL,S2D4,PWRSPVGUYXX01,ELCGUYXX01,2028,0.07068463037999999
GLOBAL,S2D4,PWRSPVGUYXX01,ELCGUYXX01,2029,0.07068463037999999
GLOBAL,S2D4,PWRSPVGUYXX01,ELCGUYXX01,2030,0.07068463037999999
GLOBAL,S2D4,PWRSPVGUYXX01,ELCGUYXX01,2031,0.07068463037999999
GLOBAL,S2D4,PWRSPVGUYXX01,ELCGUYXX01,2032,0.07068463037999999
GLOBAL,S2D4,PWRSPVGUYXX01,ELCGUYXX01,2033,0.07068463037999999
GLOBAL,S2D4,PWRSPVGUYXX01,ELCGUYXX01,2034,0.07068463037999999
GLOBAL,S2D4,PWRSPVGUYXX01,ELCGUYXX01,2035,0.07068463037999999
GLOBAL,S2D4,PWRSPVGUYXX01,ELCGUYXX01,2036,0.07068463037999999
GLOBAL,S2D4,PWRSPVGUYXX01,ELCGUYXX01,2037,0.07068463037999999
GLOBAL,S2D4,PWRSPVGUYXX01,ELCGUYXX01,2038,0.07068463037999999
GLOBAL,S2D4,PWRSPVGUYXX01,ELCGUYXX01,2039,0.07068463037999999
GLOBAL,S2D4,PWRSPVGUYXX01,ELCGUYXX01,2040,0.07203470148
GLOBAL,S2D4,PWRSPVGUYXX01,ELCGUYXX01,2041,0.07250551686000001
GLOBAL,S2D4,PWRSPVGUYXX01,ELCGUYXX01,2042,0.07297633098
GLOBAL,S2D4,PWRSPVGUYXX01,ELCGUYXX01,2043,0.07297633098
GLOBAL,S2D4,PWRSPVGUYXX01,ELCGUYXX01,2044,0.07297633098
GLOBAL,S2D4,PWRSPVGUYXX01,ELCGUYXX01,2045,0.07297633098
GLOBAL,S2D4,PWRSPVGUYXX01,ELCGUYXX01,2046,0.07297633098
GLOBAL,S2D4,PWRSPVGUYXX01,ELCGUYXX01,2047,0.07297633098
GLOBAL,S2D4,PWRSPVGUYXX01,ELCGUYXX01,2048,0.07297633098
GLOBAL,S2D4,PWRSPVGUYXX01,ELCGUYXX01,2049,0.07297633098
GLOBAL,S2D4,PWRSPVGUYXX01,ELCGUYXX01,2050,0.07297633098
GLOBAL,S2D4,PWRTRNGUYXX,ELCGUYXX02,2021,0.4589999946
GLOBAL,S2D4,PWRTRNGUYXX,ELCGUYXX02,2022,0.4589999946
GLOBAL,S2D4,PWRTRNGUYXX,ELCGUYXX02,2023,0.4589999946
GLOBAL,S2D4,PWRTRNGUYXX,ELCGUYXX02,2024,0.4589999946
GLOBAL,S2D4,PWRTRNGUYXX,ELCGUYXX02,2025,0.4589999946
GLOBAL,S2D4,PWRTRNGUYXX,ELCGUYXX02,2026,0.4589999946
GLOBAL,S2D4,PWRTRNGUYXX,ELCGUYXX02,2027,0.4589999946
GLOBAL,S2D4,PWRTRNGUYXX,ELCGUYXX02,2028,0.4589999946
GLOBAL,S2D4,PWRTRNGUYXX,ELCGUYXX02,2029,0.4589999946
GLOBAL,S2D4,PWRTRNGUYXX,ELCGUYXX02,2030,0.4589999946
GLOBAL,S2D4,PWRTRNGUYXX,ELCGUYXX02,2031,0.4589999946
GLOBAL,S2D4,PWRTRNGUYXX,ELCGUYXX02,2032,0.4589999946
GLOBAL,S2D4,PWRTRNGUYXX,ELCGUYXX02,2033,0.4589999946
GLOBAL,S2D4,PWRTRNGUYXX,ELCGUYXX02,2034,0.4589999946
GLOBAL,S2D4,PWRTRNGUYXX,ELCGUYXX02,2035,0.4589999946
GLOBAL,S2D4,PWRTRNGUYXX,ELCGUYXX02,2036,0.4589999946
GLOBAL,S2D4,PWRTRNGUYXX,ELCGUYXX02,2037,0.4589999946
GLOBAL,S2D4,PWRTRNGUYXX,ELCGUYXX02,2038,0.4589999946
GLOBAL,S2D4,PWRTRNGUYXX,ELCGUYXX02,2039,0.4589999946
GLOBAL,S2D4,PWRTRNGUYXX,ELCGUYXX02,2040,0.4589999946
GLOBAL,S2D4,PWRTRNGUYXX,ELCGUYXX02,2041,0.4620000042
GLOBAL,S2D4,PWRTRNGUYXX,ELCGUYXX02,2042,0.4650000012
GLOBAL,S2D4,PWRTRNGUYXX,ELCGUYXX02,2043,0.469500003
GLOBAL,S2D4,PWRTRNGUYXX,ELCGUYXX02,2044,0.47250000000000003
GLOBAL,S2D4,PWRTRNGUYXX,ELCGUYXX02,2045,0.475499997
GLOBAL,S2D4,PWRTRNGUYXX,ELCGUYXX02,2046,0.4935000042
GLOBAL,S2D4,PWRTRNGUYXX,ELCGUYXX02,2047,0.5099999940000001
GLOBAL,S2D4,PWRTRNGUYXX,ELCGUYXX02,2048,0.5264999964
GLOBAL,S2D4,PWRTRNGUYXX,ELCGUYXX02,2049,0.5445000036
GLOBAL,S2D4,PWRTRNGUYXX,ELCGUYXX02,2050,0.561000006
GLOBAL,S2D4,PWRWONGUYXX01,ELCGUYXX01,2021,0.005718712986
GLOBAL,S2D4,PWRWONGUYXX01,ELCGUYXX01,2022,0.005718712986
GLOBAL,S2D4,PWRWONGUYXX01,ELCGUYXX01,2023,0.005718712986
GLOBAL,S2D4,PWRWONGUYXX01,ELCGUYXX01,2024,0.005718712986
GLOBAL,S2D4,PWRWONGUYXX01,ELCGUYXX01,2025,0.005718712986
GLOBAL,S2D4,PWRWONGUYXX01,ELCGUYXX01,2026,0.005718712986
GLOBAL,S2D4,PWRWONGUYXX01,ELCGUYXX01,2027,0.005718712986
GLOBAL,S2D4,PWRWONGUYXX01,ELCGUYXX01,2028,0.005718712986
GLOBAL,S2D4,PWRWONGUYXX01,ELCGUYXX01,2029,0.005718712986
GLOBAL,S2D4,PWRWONGUYXX01,ELCGUYXX01,2030,0.005718712986
GLOBAL,S2D4,PWRWONGUYXX01,ELCGUYXX01,2031,0.005718712986
GLOBAL,S2D4,PWRWONGUYXX01,ELCGUYXX01,2032,0.005718712986
GLOBAL,S2D4,PWRWONGUYXX01,ELCGUYXX01,2033,0.005718712986
GLOBAL,S2D4,PWRWONGUYXX01,ELCGUYXX01,2034,0.005718712986
GLOBAL,S2D4,PWRWONGUYXX01,ELCGUYXX01,2035,0.005718712986
GLOBAL,S2D4,PWRWONGUYXX01,ELCGUYXX01,2036,0.005718712986
GLOBAL,S2D4,PWRWONGUYXX01,ELCGUYXX01,2037,0.005718712986
GLOBAL,S2D4,PWRWONGUYXX01,ELCGUYXX01,2038,0.005718712986
GLOBAL,S2D4,PWRWONGUYXX01,ELCGUYXX01,2039,0.005718712986
GLOBAL,S2D4,RNWBIOGUYXX,BIOGUYXX,2021,0.43987043519999997
GLOBAL,S2D4,RNWBIOGUYXX,BIOGUYXX,2022,0.43987043519999997
GLOBAL,S2D4,RNWBIOGUYXX,BIOGUYXX,2023,0.43987043519999997
GLOBAL,S2D4,RNWBIOGUYXX,BIOGUYXX,2024,0.43987043519999997
GLOBAL,S2D4,RNWBIOGUYXX,BIOGUYXX,2025,0.43987043519999997
GLOBAL,S2D4,RNWBIOGUYXX,BIOGUYXX,2026,0.43987043519999997
GLOBAL,S2D4,RNWBIOGUYXX,BIOGUYXX,2027,0.43987043519999997
GLOBAL,S2D4,RNWBIOGUYXX,BIOGUYXX,2028,0.43987043519999997
GLOBAL,S2D4,RNWBIOGUYXX,BIOGUYXX,2029,0.43987043519999997
GLOBAL,S2D4,RNWBIOGUYXX,BIOGUYXX,2030,0.43987043519999997
GLOBAL,S2D4,RNWBIOGUYXX,BIOGUYXX,2031,0.43987043519999997
GLOBAL,S2D4,RNWBIOGUYXX,BIOGUYXX,2032,0.43987043519999997
GLOBAL,S2D4,RNWBIOGUYXX,BIOGUYXX,2033,0.43987043519999997
GLOBAL,S2D4,RNWBIOGUYXX,BIOGUYXX,2034,0.43987043519999997
GLOBAL,S2D4,RNWBIOGUYXX,BIOGUYXX,2035,0.43987043519999997
GLOBAL,S2D4,RNWBIOGUYXX,BIOGUYXX,2036,0.43987043519999997
GLOBAL,S2D4,RNWBIOGUYXX,BIOGUYXX,2037,0.43987043519999997
GLOBAL,S2D4,RNWBIOGUYXX,BIOGUYXX,2038,0.43987043519999997
GLOBAL,S2D4,RNWSPVGUYXX,SPVGUYXX,2021,0.07068463037999999
GLOBAL,S2D4,RNWSPVGUYXX,SPVGUYXX,2022,0.07068463037999999
GLOBAL,S2D4,RNWSPVGUYXX,SPVGUYXX,2023,0.07068463037999999
GLOBAL,S2D4,RNWSPVGUYXX,SPVGUYXX,2024,0.07068463037999999
GLOBAL,S2D4,RNWSPVGUYXX,SPVGUYXX,2025,0.07068463037999999
GLOBAL,S2D4,RNWSPVGUYXX,SPVGUYXX,2026,0.07068463037999999
GLOBAL,S2D4,RNWSPVGUYXX,SPVGUYXX,2027,0.07068463037999999
GLOBAL,S2D4,RNWSPVGUYXX,SPVGUYXX,2028,0.07068463037999999
GLOBAL,S2D4,RNWSPVGUYXX,SPVGUYXX,2029,0.07068463037999999
GLOBAL,S2D4,RNWSPVGUYXX,SPVGUYXX,2030,0.07068463037999999
GLOBAL,S2D4,RNWSPVGUYXX,SPVGUYXX,2031,0.07068463037999999
GLOBAL,S2D4,RNWSPVGUYXX,SPVGUYXX,2032,0.07068463037999999
GLOBAL,S2D4,RNWSPVGUYXX,SPVGUYXX,2033,0.07068463037999999
GLOBAL,S2D4,RNWSPVGUYXX,SPVGUYXX,2034,0.07068463037999999
GLOBAL,S2D4,RNWSPVGUYXX,SPVGUYXX,2035,0.07068463037999999
GLOBAL,S2D4,RNWSPVGUYXX,SPVGUYXX,2036,0.07068463037999999
GLOBAL,S2D4,RNWSPVGUYXX,SPVGUYXX,2037,0.07068463037999999
GLOBAL,S2D4,RNWSPVGUYXX,SPVGUYXX,2038,0.07068463037999999
GLOBAL,S2D4,RNWSPVGUYXX,SPVGUYXX,2039,0.07068463037999999
GLOBAL,S2D4,RNWSPVGUYXX,SPVGUYXX,2040,0.07203470148
GLOBAL,S2D4,RNWSPVGUYXX,SPVGUYXX,2041,0.07250551686000001
GLOBAL,S2D4,RNWSPVGUYXX,SPVGUYXX,2042,0.07297633098
GLOBAL,S2D4,RNWSPVGUYXX,SPVGUYXX,2043,0.07297633098
GLOBAL,S2D4,RNWSPVGUYXX,SPVGUYXX,2044,0.07297633098
GLOBAL,S2D4,RNWSPVGUYXX,SPVGUYXX,2045,0.07297633098
GLOBAL,S2D4,RNWSPVGUYXX,SPVGUYXX,2046,0.07297633098
GLOBAL,S2D4,RNWSPVGUYXX,SPVGUYXX,2047,0.07297633098
GLOBAL,S2D4,RNWSPVGUYXX,SPVGUYXX,2048,0.07297633098
GLOBAL,S2D4,RNWSPVGUYXX,SPVGUYXX,2049,0.07297633098
GLOBAL,S2D4,RNWSPVGUYXX,SPVGUYXX,2050,0.07297633098
GLOBAL,S2D4,RNWWONGUYXX,WONGUYXX,2021,0.005718712986
GLOBAL,S2D4,RNWWONGUYXX,WONGUYXX,2022,0.005718712986
GLOBAL,S2D4,RNWWONGUYXX,WONGUYXX,2023,0.005718712986
GLOBAL,S2D4,RNWWONGUYXX,WONGUYXX,2024,0.005718712986
GLOBAL,S2D4,RNWWONGUYXX,WONGUYXX,2025,0.005718712986
GLOBAL,S2D4,RNWWONGUYXX,WONGUYXX,2026,0.005718712986
GLOBAL,S2D4,RNWWONGUYXX,WONGUYXX,2027,0.005718712986
GLOBAL,S2D4,RNWWONGUYXX,WONGUYXX,2028,0.005718712986
GLOBAL,S2D4,RNWWONGUYXX,WONGUYXX,2029,0.005718712986
GLOBAL,S2D4,RNWWONGUYXX,WONGUYXX,2030,0.005718712986
GLOBAL,S2D4,RNWWONGUYXX,WONGUYXX,2031,0.005718712986
GLOBAL,S2D4,RNWWONGUYXX,WONGUYXX,2032,0.005718712986
GLOBAL,S2D4,RNWWONGUYXX,WONGUYXX,2033,0.005718712986
GLOBAL,S2D4,RNWWONGUYXX,WONGUYXX,2034,0.005718712986
GLOBAL,S2D4,RNWWONGUYXX,WONGUYXX,2035,0.005718712986
GLOBAL,S2D4,RNWWONGUYXX,WONGUYXX,2036,0.005718712986
GLOBAL,S2D4,RNWWONGUYXX,WONGUYXX,2037,0.005718712986
GLOBAL,S2D4,RNWWONGUYXX,WONGUYXX,2038,0.005718712986
GLOBAL,S2D4,RNWWONGUYXX,WONGUYXX,2039,0.005718712986
