REGION,TIMESLICE,TECHNOLOGY,FUEL,YEAR,VALUE
GLOBAL,S1D1,PWRBIOGUYXX01,BIOGUYXX,2021,2.110580739
GLOBAL,S1D1,PWRBIOGUYXX01,BIOGUYXX,2022,2.110580739
GLOBAL,S1D1,PWRBIOGUYXX01,BIOGUYXX,2023,2.110580739
GLOBAL,S1D1,PWRBIOGUYXX01,BIOGUYXX,2024,2.110580739
GLOBAL,S1D1,PWRBIOGUYXX01,BIOGUYXX,2025,2.110580739
GLOBAL,S1D1,PWRBIOGUYXX01,BIOGUYXX,2026,2.110580739
GLOBAL,S1D1,PWRBIOGUYXX01,BIOGUYXX,2027,2.110580739
GLOBAL,S1D1,PWRBIOGUYXX01,BIOGUYXX,2028,3.4910352000000002
GLOBAL,S1D1,PWRBIOGUYXX01,BIOGUYXX,2029,3.4910352000000002
GLOBAL,S1D1,PWRBIOGUYXX01,BIOGUYXX,2030,2.110580739
GLOBAL,S1D1,PWRBIOGUYXX01,BIOGUYXX,2031,2.110580739
GLOBAL,S1D1,PWRBIOGUYXX01,BIOGUYXX,2032,2.110580739
GLOBAL,S1D1,PWRBIOGUYXX01,BIOGUYXX,2033,2.110580739
GLOBAL,S1D1,PWRBIOGUYXX01,BIOGUYXX,2034,2.110580739
GLOBAL,S1D1,PWRBIOGUYXX01,BIOGUYXX,2035,2.110580739
GLOBAL,S1D1,PWRBIOGUYXX01,BIOGUYXX,2036,2.110580739
GLOBAL,S1D1,PWRBIOGUYXX01,BIOGUYXX,2037,2.110580739
GLOBAL,S1D1,PWRBIOGUYXX01,BIOGUYXX,2038,2.110580739
GLOBAL,S1D1,PWRCCGGUYXX01,GASINT,2021,4.1808028
GLOBAL,S1D1,PWRCCGGUYXX01,GASINT,2022,4.1808028
GLOBAL,S1D1,PWRCCGGUYXX01,GASINT,2023,4.1808028
GLOBAL,S1D1,PWRCCGGUYXX01,GASINT,2024,4.1808028
GLOBAL,S1D1,PWRCCGGUYXX01,GASINT,2025,4.1808028
GLOBAL,S1D1,PWRCCGGUYXX01,GASINT,2026,4.1808028
GLOBAL,S1D1,PWRCCGGUYXX01,GASINT,2027,4.1808028
GLOBAL,S1D1,PWRCCGGUYXX01,GASINT,2028,3.432589
GLOBAL,S1D1,PWRCCGGUYXX01,GASINT,2029,3.432589
GLOBAL,S1D1,PWRCCGGUYXX01,GASINT,2030,4.1808028
GLOBAL,S1D1,PWRCCGGUYXX01,GASINT,2031,4.1808028
GLOBAL,S1D1,PWRCCGGUYXX01,GASINT,2032,4.1808028
GLOBAL,S1D1,PWRCCGGUYXX01,GASINT,2033,4.1808028
GLOBAL,S1D1,PWRCCGGUYXX01,GASINT,2034,4.1808028
GLOBAL,S1D1,PWRCCGGUYXX01,GASINT,2035,4.1808028
GLOBAL,S1D1,PWRCCGGUYXX01,GASINT,2036,4.1808028
GLOBAL,S1D1,PWRCCGGUYXX01,GASINT,2037,4.1808028
GLOBAL,S1D1,PWRCCGGUYXX01,GASINT,2038,4.1808028
GLOBAL,S1D1,PWRCCGGUYXX01,GASINT,2039,5.324749
GLOBAL,S1D1,PWRCCGGUYXX01,GASINT,2040,5.4290322
GLOBAL,S1D1,PWRCCGGUYXX01,GASINT,2041,5.4645162
GLOBAL,S1D1,PWRCCGGUYXX01,GASINT,2042,5.5
GLOBAL,S1D1,PWRCCGGUYXX01,GASINT,2043,5.5532258
GLOBAL,S1D1,PWRCCGGUYXX01,GASINT,2044,5.5887096
GLOBAL,S1D1,PWRCCGGUYXX01,GASINT,2045,5.6241936
GLOBAL,S1D1,PWRCCGGUYXX01,GASINT,2046,5.8370968
GLOBAL,S1D1,PWRCCGGUYXX01,GASINT,2047,6.032258
GLOBAL,S1D1,PWRCCGGUYXX01,GASINT,2048,6.2274194
GLOBAL,S1D1,PWRCCGGUYXX01,GASINT,2049,6.4403226
GLOBAL,S1D1,PWRCCGGUYXX01,GASINT,2050,6.6354838
GLOBAL,S1D1,PWRTRNGUYXX,ELCGUYXX01,2021,2.7145161
GLOBAL,S1D1,PWRTRNGUYXX,ELCGUYXX01,2022,2.7145161
GLOBAL,S1D1,PWRTRNGUYXX,ELCGUYXX01,2023,2.7145161
GLOBAL,S1D1,PWRTRNGUYXX,ELCGUYXX01,2024,2.7145161
GLOBAL,S1D1,PWRTRNGUYXX,ELCGUYXX01,2025,2.7145161
GLOBAL,S1D1,PWRTRNGUYXX,ELCGUYXX01,2026,2.7145161
GLOBAL,S1D1,PWRTRNGUYXX,ELCGUYXX01,2027,2.7145161
GLOBAL,S1D1,PWRTRNGUYXX,ELCGUYXX01,2028,2.7145161
GLOBAL,S1D1,PWRTRNGUYXX,ELCGUYXX01,2029,2.7145161
GLOBAL,S1D1,PWRTRNGUYXX,ELCGUYXX01,2030,2.7145161
GLOBAL,S1D1,PWRTRNGUYXX,ELCGUYXX01,2031,2.7145161
GLOBAL,S1D1,PWRTRNGUYXX,ELCGUYXX01,2032,2.7145161
GLOBAL,S1D1,PWRTRNGUYXX,ELCGUYXX01,2033,2.7145161
GLOBAL,S1D1,PWRTRNGUYXX,ELCGUYXX01,2034,2.7145161
GLOBAL,S1D1,PWRTRNGUYXX,ELCGUYXX01,2035,2.7145161
GLOBAL,S1D1,PWRTRNGUYXX,ELCGUYXX01,2036,2.7145161
GLOBAL,S1D1,PWRTRNGUYXX,ELCGUYXX01,2037,2.7145161
GLOBAL,S1D1,PWRTRNGUYXX,ELCGUYXX01,2038,2.7145161
GLOBAL,S1D1,PWRTRNGUYXX,ELCGUYXX01,2039,2.7145161
GLOBAL,S1D1,PWRTRNGUYXX,ELCGUYXX01,2040,2.7145161
GLOBAL,S1D1,PWRTRNGUYXX,ELCGUYXX01,2041,2.7322581
GLOBAL,S1D1,PWRTRNGUYXX,ELCGUYXX01,2042,2.75
GLOBAL,S1D1,PWRTRNGUYXX,ELCGUYXX01,2043,2.7766129
GLOBAL,S1D1,PWRTRNGUYXX,ELCGUYXX01,2044,2.7943548
GLOBAL,S1D1,PWRTRNGUYXX,ELCGUYXX01,2045,2.8120968
GLOBAL,S1D1,PWRTRNGUYXX,ELCGUYXX01,2046,2.9185484
GLOBAL,S1D1,PWRTRNGUYXX,ELCGUYXX01,2047,3.016129
GLOBAL,S1D1,PWRTRNGUYXX,ELCGUYXX01,2048,3.1137097
GLOBAL,S1D1,PWRTRNGUYXX,ELCGUYXX01,2049,3.2201613
GLOBAL,S1D1,PWRTRNGUYXX,ELCGUYXX01,2050,3.3177419
GLOBAL,S1D1,PWRWONGUYXX01,WONGUYXX,2021,0.052141622
GLOBAL,S1D1,PWRWONGUYXX01,WONGUYXX,2022,0.052141622
GLOBAL,S1D1,PWRWONGUYXX01,WONGUYXX,2023,0.052141622
GLOBAL,S1D1,PWRWONGUYXX01,WONGUYXX,2024,0.052141622
GLOBAL,S1D1,PWRWONGUYXX01,WONGUYXX,2025,0.052141622
GLOBAL,S1D1,PWRWONGUYXX01,WONGUYXX,2026,0.052141622
GLOBAL,S1D1,PWRWONGUYXX01,WONGUYXX,2027,0.052141622
GLOBAL,S1D1,PWRWONGUYXX01,WONGUYXX,2028,0.052141622
GLOBAL,S1D1,PWRWONGUYXX01,WONGUYXX,2029,0.052141622
GLOBAL,S1D1,PWRWONGUYXX01,WONGUYXX,2030,0.052141622
GLOBAL,S1D1,PWRWONGUYXX01,WONGUYXX,2031,0.052141622
GLOBAL,S1D1,PWRWONGUYXX01,WONGUYXX,2032,0.052141622
GLOBAL,S1D1,PWRWONGUYXX01,WONGUYXX,2033,0.052141622
GLOBAL,S1D1,PWRWONGUYXX01,WONGUYXX,2034,0.052141622
GLOBAL,S1D1,PWRWONGUYXX01,WONGUYXX,2035,0.052141622
GLOBAL,S1D1,PWRWONGUYXX01,WONGUYXX,2036,0.052141622
GLOBAL,S1D1,PWRWONGUYXX01,WONGUYXX,2037,0.052141622
GLOBAL,S1D1,PWRWONGUYXX01,WONGUYXX,2038,0.052141622
GLOBAL,S1D1,PWRWONGUYXX01,WONGUYXX,2039,0.052141622
GLOBAL,S1D2,PWRBIOGUYXX01,BIOGUYXX,2023,0.17968735071
GLOBAL,S1D2,PWRBIOGUYXX01,BIOGUYXX,2025,3.4910352000000002
GLOBAL,S1D2,PWRBIOGUYXX01,BIOGUYXX,2026,3.4910352000000002
GLOBAL,S1D2,PWRBIOGUYXX01,BIOGUYXX,2027,0.17968735071
GLOBAL,S1D2,PWRBIOGUYXX01,BIOGUYXX,2028,2.3465751318000003
GLOBAL,S1D2,PWRBIOGUYXX01,BIOGUYXX,2029,2.3465751318000003
GLOBAL,S1D2,PWRBIOGUYXX01,BIOGUYXX,2030,0.17968735071
GLOBAL,S1D2,PWRBIOGUYXX01,BIOGUYXX,2032,3.4910352000000002
GLOBAL,S1D2,PWRBIOGUYXX01,BIOGUYXX,2033,0.17968735071
GLOBAL,S1D2,PWRBIOGUYXX01,BIOGUYXX,2035,0.17968735071
GLOBAL,S1D2,PWRBIOGUYXX01,BIOGUYXX,2037,3.4910352000000002
GLOBAL,S1D2,PWRBIOGUYXX01,BIOGUYXX,2038,3.4910352000000002
GLOBAL,S1D2,PWRCCGGUYXX01,GASINT,2021,3.9982292
GLOBAL,S1D2,PWRCCGGUYXX01,GASINT,2022,3.9982292
GLOBAL,S1D2,PWRCCGGUYXX01,GASINT,2023,3.9008378
GLOBAL,S1D2,PWRCCGGUYXX01,GASINT,2024,3.9982292
GLOBAL,S1D2,PWRCCGGUYXX01,GASINT,2025,2.1060692
GLOBAL,S1D2,PWRCCGGUYXX01,GASINT,2026,2.1060692
GLOBAL,S1D2,PWRCCGGUYXX01,GASINT,2027,3.9008378
GLOBAL,S1D2,PWRCCGGUYXX01,GASINT,2028,2.7263728
GLOBAL,S1D2,PWRCCGGUYXX01,GASINT,2029,2.7263728
GLOBAL,S1D2,PWRCCGGUYXX01,GASINT,2030,3.9008378
GLOBAL,S1D2,PWRCCGGUYXX01,GASINT,2031,3.9982292
GLOBAL,S1D2,PWRCCGGUYXX01,GASINT,2032,2.1060692
GLOBAL,S1D2,PWRCCGGUYXX01,GASINT,2033,3.9008378
GLOBAL,S1D2,PWRCCGGUYXX01,GASINT,2034,3.9982292
GLOBAL,S1D2,PWRCCGGUYXX01,GASINT,2035,3.9008378
GLOBAL,S1D2,PWRCCGGUYXX01,GASINT,2036,3.9982292
GLOBAL,S1D2,PWRCCGGUYXX01,GASINT,2037,2.1060692
GLOBAL,S1D2,PWRCCGGUYXX01,GASINT,2038,2.1060692
GLOBAL,S1D2,PWRCCGGUYXX01,GASINT,2039,3.9982292
GLOBAL,S1D2,PWRCCGGUYXX01,GASINT,2040,4.070967
GLOBAL,S1D2,PWRCCGGUYXX01,GASINT,2041,4.0975746
GLOBAL,S1D2,PWRCCGGUYXX01,GASINT,2042,4.1241822
GLOBAL,S1D2,PWRCCGGUYXX01,GASINT,2043,4.177408
GLOBAL,S1D2,PWRCCGGUYXX01,GASINT,2044,4.212892
GLOBAL,S1D2,PWRCCGGUYXX01,GASINT,2045,4.2483758
GLOBAL,S1D2,PWRCCGGUYXX01,GASINT,2046,4.461279
GLOBAL,S1D2,PWRCCGGUYXX01,GASINT,2047,4.6564404
GLOBAL,S1D2,PWRCCGGUYXX01,GASINT,2048,4.8516016
GLOBAL,S1D2,PWRCCGGUYXX01,GASINT,2049,5.0645048
GLOBAL,S1D2,PWRCCGGUYXX01,GASINT,2050,5.2596662
GLOBAL,S1D2,PWRSPVGUYXX01,SPVGUYXX,2021,0.66630624
GLOBAL,S1D2,PWRSPVGUYXX01,SPVGUYXX,2022,0.66630624
GLOBAL,S1D2,PWRSPVGUYXX01,SPVGUYXX,2023,0.66630624
GLOBAL,S1D2,PWRSPVGUYXX01,SPVGUYXX,2024,0.66630624
GLOBAL,S1D2,PWRSPVGUYXX01,SPVGUYXX,2025,0.66630624
GLOBAL,S1D2,PWRSPVGUYXX01,SPVGUYXX,2026,0.66630624
GLOBAL,S1D2,PWRSPVGUYXX01,SPVGUYXX,2027,0.66630624
GLOBAL,S1D2,PWRSPVGUYXX01,SPVGUYXX,2028,0.66630624
GLOBAL,S1D2,PWRSPVGUYXX01,SPVGUYXX,2029,0.66630624
GLOBAL,S1D2,PWRSPVGUYXX01,SPVGUYXX,2030,0.66630624
GLOBAL,S1D2,PWRSPVGUYXX01,SPVGUYXX,2031,0.66630624
GLOBAL,S1D2,PWRSPVGUYXX01,SPVGUYXX,2032,0.66630624
GLOBAL,S1D2,PWRSPVGUYXX01,SPVGUYXX,2033,0.66630624
GLOBAL,S1D2,PWRSPVGUYXX01,SPVGUYXX,2034,0.66630624
GLOBAL,S1D2,PWRSPVGUYXX01,SPVGUYXX,2035,0.66630624
GLOBAL,S1D2,PWRSPVGUYXX01,SPVGUYXX,2036,0.66630624
GLOBAL,S1D2,PWRSPVGUYXX01,SPVGUYXX,2037,0.66630624
GLOBAL,S1D2,PWRSPVGUYXX01,SPVGUYXX,2038,0.66630624
GLOBAL,S1D2,PWRSPVGUYXX01,SPVGUYXX,2039,0.66630624
GLOBAL,S1D2,PWRSPVGUYXX01,SPVGUYXX,2040,0.67903264
GLOBAL,S1D2,PWRSPVGUYXX01,SPVGUYXX,2041,0.68347076
GLOBAL,S1D2,PWRSPVGUYXX01,SPVGUYXX,2042,0.68790888
GLOBAL,S1D2,PWRSPVGUYXX01,SPVGUYXX,2043,0.68790888
GLOBAL,S1D2,PWRSPVGUYXX01,SPVGUYXX,2044,0.68790888
GLOBAL,S1D2,PWRSPVGUYXX01,SPVGUYXX,2045,0.68790888
GLOBAL,S1D2,PWRSPVGUYXX01,SPVGUYXX,2046,0.68790888
GLOBAL,S1D2,PWRSPVGUYXX01,SPVGUYXX,2047,0.68790888
GLOBAL,S1D2,PWRSPVGUYXX01,SPVGUYXX,2048,0.68790888
GLOBAL,S1D2,PWRSPVGUYXX01,SPVGUYXX,2049,0.68790888
GLOBAL,S1D2,PWRSPVGUYXX01,SPVGUYXX,2050,0.68790888
GLOBAL,S1D2,PWRTRNGUYXX,ELCGUYXX01,2021,2.7145161
GLOBAL,S1D2,PWRTRNGUYXX,ELCGUYXX01,2022,2.7145161
GLOBAL,S1D2,PWRTRNGUYXX,ELCGUYXX01,2023,2.7145161
GLOBAL,S1D2,PWRTRNGUYXX,ELCGUYXX01,2024,2.7145161
GLOBAL,S1D2,PWRTRNGUYXX,ELCGUYXX01,2025,2.7145161
GLOBAL,S1D2,PWRTRNGUYXX,ELCGUYXX01,2026,2.7145161
GLOBAL,S1D2,PWRTRNGUYXX,ELCGUYXX01,2027,2.7145161
GLOBAL,S1D2,PWRTRNGUYXX,ELCGUYXX01,2028,2.7145161
GLOBAL,S1D2,PWRTRNGUYXX,ELCGUYXX01,2029,2.7145161
GLOBAL,S1D2,PWRTRNGUYXX,ELCGUYXX01,2030,2.7145161
GLOBAL,S1D2,PWRTRNGUYXX,ELCGUYXX01,2031,2.7145161
GLOBAL,S1D2,PWRTRNGUYXX,ELCGUYXX01,2032,2.7145161
GLOBAL,S1D2,PWRTRNGUYXX,ELCGUYXX01,2033,2.7145161
GLOBAL,S1D2,PWRTRNGUYXX,ELCGUYXX01,2034,2.7145161
GLOBAL,S1D2,PWRTRNGUYXX,ELCGUYXX01,2035,2.7145161
GLOBAL,S1D2,PWRTRNGUYXX,ELCGUYXX01,2036,2.7145161
GLOBAL,S1D2,PWRTRNGUYXX,ELCGUYXX01,2037,2.7145161
GLOBAL,S1D2,PWRTRNGUYXX,ELCGUYXX01,2038,2.7145161
GLOBAL,S1D2,PWRTRNGUYXX,ELCGUYXX01,2039,2.7145161
GLOBAL,S1D2,PWRTRNGUYXX,ELCGUYXX01,2040,2.7145161
GLOBAL,S1D2,PWRTRNGUYXX,ELCGUYXX01,2041,2.7322581
GLOBAL,S1D2,PWRTRNGUYXX,ELCGUYXX01,2042,2.75
GLOBAL,S1D2,PWRTRNGUYXX,ELCGUYXX01,2043,2.7766129
GLOBAL,S1D2,PWRTRNGUYXX,ELCGUYXX01,2044,2.7943548
GLOBAL,S1D2,PWRTRNGUYXX,ELCGUYXX01,2045,2.8120968
GLOBAL,S1D2,PWRTRNGUYXX,ELCGUYXX01,2046,2.9185484
GLOBAL,S1D2,PWRTRNGUYXX,ELCGUYXX01,2047,3.016129
GLOBAL,S1D2,PWRTRNGUYXX,ELCGUYXX01,2048,3.1137097
GLOBAL,S1D2,PWRTRNGUYXX,ELCGUYXX01,2049,3.2201613
GLOBAL,S1D2,PWRTRNGUYXX,ELCGUYXX01,2050,3.3177419
GLOBAL,S1D2,PWRWONGUYXX01,WONGUYXX,2021,0.049095245
GLOBAL,S1D2,PWRWONGUYXX01,WONGUYXX,2022,0.049095245
GLOBAL,S1D2,PWRWONGUYXX01,WONGUYXX,2023,0.049095245
GLOBAL,S1D2,PWRWONGUYXX01,WONGUYXX,2024,0.049095245
GLOBAL,S1D2,PWRWONGUYXX01,WONGUYXX,2025,0.049095245
GLOBAL,S1D2,PWRWONGUYXX01,WONGUYXX,2026,0.049095245
GLOBAL,S1D2,PWRWONGUYXX01,WONGUYXX,2027,0.049095245
GLOBAL,S1D2,PWRWONGUYXX01,WONGUYXX,2028,0.049095245
GLOBAL,S1D2,PWRWONGUYXX01,WONGUYXX,2029,0.049095245
GLOBAL,S1D2,PWRWONGUYXX01,WONGUYXX,2030,0.049095245
GLOBAL,S1D2,PWRWONGUYXX01,WONGUYXX,2031,0.049095245
GLOBAL,S1D2,PWRWONGUYXX01,WONGUYXX,2032,0.049095245
GLOBAL,S1D2,PWRWONGUYXX01,WONGUYXX,2033,0.049095245
GLOBAL,S1D2,PWRWONGUYXX01,WONGUYXX,2034,0.049095245
GLOBAL,S1D2,PWRWONGUYXX01,WONGUYXX,2035,0.049095245
GLOBAL,S1D2,PWRWONGUYXX01,WONGUYXX,2036,0.049095245
GLOBAL,S1D2,PWRWONGUYXX01,WONGUYXX,2037,0.049095245
GLOBAL,S1D2,PWRWONGUYXX01,WONGUYXX,2038,0.049095245
GLOBAL,S1D2,PWRWONGUYXX01,WONGUYXX,2039,0.049095245
GLOBAL,S1D3,PWRCCGGUYXX01,GASINT,2044,0.20967742
GLOBAL,S1D3,PWRCCGGUYXX01,GASINT,2048,1.71935484
GLOBAL,S1D3,PWRCCGGUYXX01,GASINT,2049,2.217104
GLOBAL,S1D3,PWRCCGGUYXX01,GASINT,2050,0.43513578
GLOBAL,S1D3,PWRSPVGUYXX01,SPVGUYXX,2021,3.1496342
GLOBAL,S1D3,PWRSPVGUYXX01,SPVGUYXX,2022,3.1496342
GLOBAL,S1D3,PWRSPVGUYXX01,SPVGUYXX,2023,3.1496342
GLOBAL,S1D3,PWRSPVGUYXX01,SPVGUYXX,2024,3.1496342
GLOBAL,S1D3,PWRSPVGUYXX01,SPVGUYXX,2025,3.1496342
GLOBAL,S1D3,PWRSPVGUYXX01,SPVGUYXX,2026,3.1496342
GLOBAL,S1D3,PWRSPVGUYXX01,SPVGUYXX,2027,3.1496342
GLOBAL,S1D3,PWRSPVGUYXX01,SPVGUYXX,2028,3.1496342
GLOBAL,S1D3,PWRSPVGUYXX01,SPVGUYXX,2029,3.1496342
GLOBAL,S1D3,PWRSPVGUYXX01,SPVGUYXX,2030,3.1023685
GLOBAL,S1D3,PWRSPVGUYXX01,SPVGUYXX,2031,3.1023685
GLOBAL,S1D3,PWRSPVGUYXX01,SPVGUYXX,2032,3.1023685
GLOBAL,S1D3,PWRSPVGUYXX01,SPVGUYXX,2033,3.1023685
GLOBAL,S1D3,PWRSPVGUYXX01,SPVGUYXX,2034,3.1023685
GLOBAL,S1D3,PWRSPVGUYXX01,SPVGUYXX,2035,3.1023685
GLOBAL,S1D3,PWRSPVGUYXX01,SPVGUYXX,2036,3.1023685
GLOBAL,S1D3,PWRSPVGUYXX01,SPVGUYXX,2037,3.1023685
GLOBAL,S1D3,PWRSPVGUYXX01,SPVGUYXX,2038,3.1023685
GLOBAL,S1D3,PWRSPVGUYXX01,SPVGUYXX,2039,3.1496342
GLOBAL,S1D3,PWRSPVGUYXX01,SPVGUYXX,2040,3.2080645
GLOBAL,S1D3,PWRSPVGUYXX01,SPVGUYXX,2041,3.2290323
GLOBAL,S1D3,PWRSPVGUYXX01,SPVGUYXX,2042,3.25
GLOBAL,S1D3,PWRSPVGUYXX01,SPVGUYXX,2043,3.2814516
GLOBAL,S1D3,PWRSPVGUYXX01,SPVGUYXX,2044,3.1975806
GLOBAL,S1D3,PWRSPVGUYXX01,SPVGUYXX,2045,3.3233871
GLOBAL,S1D3,PWRSPVGUYXX01,SPVGUYXX,2046,3.4491935
GLOBAL,S1D3,PWRSPVGUYXX01,SPVGUYXX,2047,3.5645161
GLOBAL,S1D3,PWRSPVGUYXX01,SPVGUYXX,2048,2.8201613
GLOBAL,S1D3,PWRSPVGUYXX01,SPVGUYXX,2049,2.6970932
GLOBAL,S1D3,PWRSPVGUYXX01,SPVGUYXX,2050,3.7033999
GLOBAL,S1D3,PWRTRNGUYXX,ELCGUYXX01,2021,3.2080645
GLOBAL,S1D3,PWRTRNGUYXX,ELCGUYXX01,2022,3.2080645
GLOBAL,S1D3,PWRTRNGUYXX,ELCGUYXX01,2023,3.2080645
GLOBAL,S1D3,PWRTRNGUYXX,ELCGUYXX01,2024,3.2080645
GLOBAL,S1D3,PWRTRNGUYXX,ELCGUYXX01,2025,3.2080645
GLOBAL,S1D3,PWRTRNGUYXX,ELCGUYXX01,2026,3.2080645
GLOBAL,S1D3,PWRTRNGUYXX,ELCGUYXX01,2027,3.2080645
GLOBAL,S1D3,PWRTRNGUYXX,ELCGUYXX01,2028,3.2080645
GLOBAL,S1D3,PWRTRNGUYXX,ELCGUYXX01,2029,3.2080645
GLOBAL,S1D3,PWRTRNGUYXX,ELCGUYXX01,2030,3.2080645
GLOBAL,S1D3,PWRTRNGUYXX,ELCGUYXX01,2031,3.2080645
GLOBAL,S1D3,PWRTRNGUYXX,ELCGUYXX01,2032,3.2080645
GLOBAL,S1D3,PWRTRNGUYXX,ELCGUYXX01,2033,3.2080645
GLOBAL,S1D3,PWRTRNGUYXX,ELCGUYXX01,2034,3.2080645
GLOBAL,S1D3,PWRTRNGUYXX,ELCGUYXX01,2035,3.2080645
GLOBAL,S1D3,PWRTRNGUYXX,ELCGUYXX01,2036,3.2080645
GLOBAL,S1D3,PWRTRNGUYXX,ELCGUYXX01,2037,3.2080645
GLOBAL,S1D3,PWRTRNGUYXX,ELCGUYXX01,2038,3.2080645
GLOBAL,S1D3,PWRTRNGUYXX,ELCGUYXX01,2039,3.2080645
GLOBAL,S1D3,PWRTRNGUYXX,ELCGUYXX01,2040,3.2080645
GLOBAL,S1D3,PWRTRNGUYXX,ELCGUYXX01,2041,3.2290323
GLOBAL,S1D3,PWRTRNGUYXX,ELCGUYXX01,2042,3.25
GLOBAL,S1D3,PWRTRNGUYXX,ELCGUYXX01,2043,3.2814516
GLOBAL,S1D3,PWRTRNGUYXX,ELCGUYXX01,2044,3.3024194
GLOBAL,S1D3,PWRTRNGUYXX,ELCGUYXX01,2045,3.3233871
GLOBAL,S1D3,PWRTRNGUYXX,ELCGUYXX01,2046,3.4491935
GLOBAL,S1D3,PWRTRNGUYXX,ELCGUYXX01,2047,3.5645161
GLOBAL,S1D3,PWRTRNGUYXX,ELCGUYXX01,2048,3.6798387
GLOBAL,S1D3,PWRTRNGUYXX,ELCGUYXX01,2049,3.8056452
GLOBAL,S1D3,PWRTRNGUYXX,ELCGUYXX01,2050,3.9209677
GLOBAL,S1D3,PWRWONGUYXX01,WONGUYXX,2021,0.058430277
GLOBAL,S1D3,PWRWONGUYXX01,WONGUYXX,2022,0.058430277
GLOBAL,S1D3,PWRWONGUYXX01,WONGUYXX,2023,0.058430277
GLOBAL,S1D3,PWRWONGUYXX01,WONGUYXX,2024,0.058430277
GLOBAL,S1D3,PWRWONGUYXX01,WONGUYXX,2025,0.058430277
GLOBAL,S1D3,PWRWONGUYXX01,WONGUYXX,2026,0.058430277
GLOBAL,S1D3,PWRWONGUYXX01,WONGUYXX,2027,0.058430277
GLOBAL,S1D3,PWRWONGUYXX01,WONGUYXX,2028,0.058430277
GLOBAL,S1D3,PWRWONGUYXX01,WONGUYXX,2029,0.058430277
GLOBAL,S1D3,PWRWONGUYXX01,WONGUYXX,2030,0.10569606
GLOBAL,S1D3,PWRWONGUYXX01,WONGUYXX,2031,0.10569606
GLOBAL,S1D3,PWRWONGUYXX01,WONGUYXX,2032,0.10569606
GLOBAL,S1D3,PWRWONGUYXX01,WONGUYXX,2033,0.10569606
GLOBAL,S1D3,PWRWONGUYXX01,WONGUYXX,2034,0.10569606
GLOBAL,S1D3,PWRWONGUYXX01,WONGUYXX,2035,0.10569606
GLOBAL,S1D3,PWRWONGUYXX01,WONGUYXX,2036,0.10569606
GLOBAL,S1D3,PWRWONGUYXX01,WONGUYXX,2037,0.10569606
GLOBAL,S1D3,PWRWONGUYXX01,WONGUYXX,2038,0.10569606
GLOBAL,S1D3,PWRWONGUYXX01,WONGUYXX,2039,0.058430277
GLOBAL,S1D4,PWRBIOGUYXX01,BIOGUYXX,2021,2.6653652279999998
GLOBAL,S1D4,PWRBIOGUYXX01,BIOGUYXX,2022,2.6653652279999998
GLOBAL,S1D4,PWRBIOGUYXX01,BIOGUYXX,2023,2.6653652279999998
GLOBAL,S1D4,PWRBIOGUYXX01,BIOGUYXX,2024,2.6653652279999998
GLOBAL,S1D4,PWRBIOGUYXX01,BIOGUYXX,2025,2.6653652279999998
GLOBAL,S1D4,PWRBIOGUYXX01,BIOGUYXX,2026,2.6653652279999998
GLOBAL,S1D4,PWRBIOGUYXX01,BIOGUYXX,2027,2.6653652279999998
GLOBAL,S1D4,PWRBIOGUYXX01,BIOGUYXX,2028,2.6653652279999998
GLOBAL,S1D4,PWRBIOGUYXX01,BIOGUYXX,2029,2.6653652279999998
GLOBAL,S1D4,PWRBIOGUYXX01,BIOGUYXX,2030,2.6653652279999998
GLOBAL,S1D4,PWRBIOGUYXX01,BIOGUYXX,2031,2.6653652279999998
GLOBAL,S1D4,PWRBIOGUYXX01,BIOGUYXX,2032,2.6653652279999998
GLOBAL,S1D4,PWRBIOGUYXX01,BIOGUYXX,2033,2.6653652279999998
GLOBAL,S1D4,PWRBIOGUYXX01,BIOGUYXX,2034,2.6653652279999998
GLOBAL,S1D4,PWRBIOGUYXX01,BIOGUYXX,2035,2.6653652279999998
GLOBAL,S1D4,PWRBIOGUYXX01,BIOGUYXX,2036,2.6653652279999998
GLOBAL,S1D4,PWRBIOGUYXX01,BIOGUYXX,2037,2.6653652279999998
GLOBAL,S1D4,PWRBIOGUYXX01,BIOGUYXX,2038,2.6653652279999998
GLOBAL,S1D4,PWRCCGGUYXX01,GASINT,2021,4.1808028
GLOBAL,S1D4,PWRCCGGUYXX01,GASINT,2022,4.1808028
GLOBAL,S1D4,PWRCCGGUYXX01,GASINT,2023,4.1808028
GLOBAL,S1D4,PWRCCGGUYXX01,GASINT,2024,4.1808028
GLOBAL,S1D4,PWRCCGGUYXX01,GASINT,2025,4.1808028
GLOBAL,S1D4,PWRCCGGUYXX01,GASINT,2026,4.1808028
GLOBAL,S1D4,PWRCCGGUYXX01,GASINT,2027,4.1808028
GLOBAL,S1D4,PWRCCGGUYXX01,GASINT,2028,4.1808028
GLOBAL,S1D4,PWRCCGGUYXX01,GASINT,2029,4.1808028
GLOBAL,S1D4,PWRCCGGUYXX01,GASINT,2030,4.1808028
GLOBAL,S1D4,PWRCCGGUYXX01,GASINT,2031,4.1808028
GLOBAL,S1D4,PWRCCGGUYXX01,GASINT,2032,4.1808028
GLOBAL,S1D4,PWRCCGGUYXX01,GASINT,2033,4.1808028
GLOBAL,S1D4,PWRCCGGUYXX01,GASINT,2034,4.1808028
GLOBAL,S1D4,PWRCCGGUYXX01,GASINT,2035,4.1808028
GLOBAL,S1D4,PWRCCGGUYXX01,GASINT,2036,4.1808028
GLOBAL,S1D4,PWRCCGGUYXX01,GASINT,2037,4.1808028
GLOBAL,S1D4,PWRCCGGUYXX01,GASINT,2038,4.1808028
GLOBAL,S1D4,PWRCCGGUYXX01,GASINT,2039,5.6254452
GLOBAL,S1D4,PWRCCGGUYXX01,GASINT,2040,5.7591142
GLOBAL,S1D4,PWRCCGGUYXX01,GASINT,2041,5.7967554
GLOBAL,S1D4,PWRCCGGUYXX01,GASINT,2042,5.8343968
GLOBAL,S1D4,PWRCCGGUYXX01,GASINT,2043,5.9021386
GLOBAL,S1D4,PWRCCGGUYXX01,GASINT,2044,5.9473
GLOBAL,S1D4,PWRCCGGUYXX01,GASINT,2045,5.9924612
GLOBAL,S1D4,PWRCCGGUYXX01,GASINT,2046,6.263429
GLOBAL,S1D4,PWRCCGGUYXX01,GASINT,2047,6.5118162
GLOBAL,S1D4,PWRCCGGUYXX01,GASINT,2048,6.6354838
GLOBAL,S1D4,PWRCCGGUYXX01,GASINT,2049,6.6354838
GLOBAL,S1D4,PWRCCGGUYXX01,GASINT,2050,6.6354838
GLOBAL,S1D4,PWROCGGUYXX01,GASINT,2048,0.178161574333
GLOBAL,S1D4,PWROCGGUYXX01,GASINT,2049,0.5652389937800001
GLOBAL,S1D4,PWROCGGUYXX01,GASINT,2050,0.9200599661300002
GLOBAL,S1D4,PWRSPVGUYXX01,SPVGUYXX,2021,0.5644997
GLOBAL,S1D4,PWRSPVGUYXX01,SPVGUYXX,2022,0.5644997
GLOBAL,S1D4,PWRSPVGUYXX01,SPVGUYXX,2023,0.5644997
GLOBAL,S1D4,PWRSPVGUYXX01,SPVGUYXX,2024,0.5644997
GLOBAL,S1D4,PWRSPVGUYXX01,SPVGUYXX,2025,0.5644997
GLOBAL,S1D4,PWRSPVGUYXX01,SPVGUYXX,2026,0.5644997
GLOBAL,S1D4,PWRSPVGUYXX01,SPVGUYXX,2027,0.5644997
GLOBAL,S1D4,PWRSPVGUYXX01,SPVGUYXX,2028,0.5644997
GLOBAL,S1D4,PWRSPVGUYXX01,SPVGUYXX,2029,0.5644997
GLOBAL,S1D4,PWRSPVGUYXX01,SPVGUYXX,2030,0.5644997
GLOBAL,S1D4,PWRSPVGUYXX01,SPVGUYXX,2031,0.5644997
GLOBAL,S1D4,PWRSPVGUYXX01,SPVGUYXX,2032,0.5644997
GLOBAL,S1D4,PWRSPVGUYXX01,SPVGUYXX,2033,0.5644997
GLOBAL,S1D4,PWRSPVGUYXX01,SPVGUYXX,2034,0.5644997
GLOBAL,S1D4,PWRSPVGUYXX01,SPVGUYXX,2035,0.5644997
GLOBAL,S1D4,PWRSPVGUYXX01,SPVGUYXX,2036,0.5644997
GLOBAL,S1D4,PWRSPVGUYXX01,SPVGUYXX,2037,0.5644997
GLOBAL,S1D4,PWRSPVGUYXX01,SPVGUYXX,2038,0.5644997
GLOBAL,S1D4,PWRSPVGUYXX01,SPVGUYXX,2039,0.5644997
GLOBAL,S1D4,PWRSPVGUYXX01,SPVGUYXX,2040,0.5752816
GLOBAL,S1D4,PWRSPVGUYXX01,SPVGUYXX,2041,0.57904161
GLOBAL,S1D4,PWRSPVGUYXX01,SPVGUYXX,2042,0.58280162
GLOBAL,S1D4,PWRSPVGUYXX01,SPVGUYXX,2043,0.58280162
GLOBAL,S1D4,PWRSPVGUYXX01,SPVGUYXX,2044,0.58280162
GLOBAL,S1D4,PWRSPVGUYXX01,SPVGUYXX,2045,0.58280162
GLOBAL,S1D4,PWRSPVGUYXX01,SPVGUYXX,2046,0.58280162
GLOBAL,S1D4,PWRSPVGUYXX01,SPVGUYXX,2047,0.58280162
GLOBAL,S1D4,PWRSPVGUYXX01,SPVGUYXX,2048,0.58280162
GLOBAL,S1D4,PWRSPVGUYXX01,SPVGUYXX,2049,0.58280162
GLOBAL,S1D4,PWRSPVGUYXX01,SPVGUYXX,2050,0.58280162
GLOBAL,S1D4,PWRTRNGUYXX,ELCGUYXX01,2021,3.4548387
GLOBAL,S1D4,PWRTRNGUYXX,ELCGUYXX01,2022,3.4548387
GLOBAL,S1D4,PWRTRNGUYXX,ELCGUYXX01,2023,3.4548387
GLOBAL,S1D4,PWRTRNGUYXX,ELCGUYXX01,2024,3.4548387
GLOBAL,S1D4,PWRTRNGUYXX,ELCGUYXX01,2025,3.4548387
GLOBAL,S1D4,PWRTRNGUYXX,ELCGUYXX01,2026,3.4548387
GLOBAL,S1D4,PWRTRNGUYXX,ELCGUYXX01,2027,3.4548387
GLOBAL,S1D4,PWRTRNGUYXX,ELCGUYXX01,2028,3.4548387
GLOBAL,S1D4,PWRTRNGUYXX,ELCGUYXX01,2029,3.4548387
GLOBAL,S1D4,PWRTRNGUYXX,ELCGUYXX01,2030,3.4548387
GLOBAL,S1D4,PWRTRNGUYXX,ELCGUYXX01,2031,3.4548387
GLOBAL,S1D4,PWRTRNGUYXX,ELCGUYXX01,2032,3.4548387
GLOBAL,S1D4,PWRTRNGUYXX,ELCGUYXX01,2033,3.4548387
GLOBAL,S1D4,PWRTRNGUYXX,ELCGUYXX01,2034,3.4548387
GLOBAL,S1D4,PWRTRNGUYXX,ELCGUYXX01,2035,3.4548387
GLOBAL,S1D4,PWRTRNGUYXX,ELCGUYXX01,2036,3.4548387
GLOBAL,S1D4,PWRTRNGUYXX,ELCGUYXX01,2037,3.4548387
GLOBAL,S1D4,PWRTRNGUYXX,ELCGUYXX01,2038,3.4548387
GLOBAL,S1D4,PWRTRNGUYXX,ELCGUYXX01,2039,3.4548387
GLOBAL,S1D4,PWRTRNGUYXX,ELCGUYXX01,2040,3.4548387
GLOBAL,S1D4,PWRTRNGUYXX,ELCGUYXX01,2041,3.4774194
GLOBAL,S1D4,PWRTRNGUYXX,ELCGUYXX01,2042,3.5
GLOBAL,S1D4,PWRTRNGUYXX,ELCGUYXX01,2043,3.533871
GLOBAL,S1D4,PWRTRNGUYXX,ELCGUYXX01,2044,3.5564516
GLOBAL,S1D4,PWRTRNGUYXX,ELCGUYXX01,2045,3.5790323
GLOBAL,S1D4,PWRTRNGUYXX,ELCGUYXX01,2046,3.7145161
GLOBAL,S1D4,PWRTRNGUYXX,ELCGUYXX01,2047,3.8387097
GLOBAL,S1D4,PWRTRNGUYXX,ELCGUYXX01,2048,3.9629032
GLOBAL,S1D4,PWRTRNGUYXX,ELCGUYXX01,2049,4.0983871
GLOBAL,S1D4,PWRTRNGUYXX,ELCGUYXX01,2050,4.2225806
GLOBAL,S1D4,PWRWONGUYXX01,WONGUYXX,2021,0.077616403
GLOBAL,S1D4,PWRWONGUYXX01,WONGUYXX,2022,0.077616403
GLOBAL,S1D4,PWRWONGUYXX01,WONGUYXX,2023,0.077616403
GLOBAL,S1D4,PWRWONGUYXX01,WONGUYXX,2024,0.077616403
GLOBAL,S1D4,PWRWONGUYXX01,WONGUYXX,2025,0.077616403
GLOBAL,S1D4,PWRWONGUYXX01,WONGUYXX,2026,0.077616403
GLOBAL,S1D4,PWRWONGUYXX01,WONGUYXX,2027,0.077616403
GLOBAL,S1D4,PWRWONGUYXX01,WONGUYXX,2028,0.077616403
GLOBAL,S1D4,PWRWONGUYXX01,WONGUYXX,2029,0.077616403
GLOBAL,S1D4,PWRWONGUYXX01,WONGUYXX,2030,0.077616403
GLOBAL,S1D4,PWRWONGUYXX01,WONGUYXX,2031,0.077616403
GLOBAL,S1D4,PWRWONGUYXX01,WONGUYXX,2032,0.077616403
GLOBAL,S1D4,PWRWONGUYXX01,WONGUYXX,2033,0.077616403
GLOBAL,S1D4,PWRWONGUYXX01,WONGUYXX,2034,0.077616403
GLOBAL,S1D4,PWRWONGUYXX01,WONGUYXX,2035,0.077616403
GLOBAL,S1D4,PWRWONGUYXX01,WONGUYXX,2036,0.077616403
GLOBAL,S1D4,PWRWONGUYXX01,WONGUYXX,2037,0.077616403
GLOBAL,S1D4,PWRWONGUYXX01,WONGUYXX,2038,0.077616403
GLOBAL,S1D4,PWRWONGUYXX01,WONGUYXX,2039,0.077616403
GLOBAL,S2D1,PWRBIOGUYXX01,BIOGUYXX,2021,3.4910352000000002
GLOBAL,S2D1,PWRBIOGUYXX01,BIOGUYXX,2022,3.4910352000000002
GLOBAL,S2D1,PWRBIOGUYXX01,BIOGUYXX,2023,1.9942713855
GLOBAL,S2D1,PWRBIOGUYXX01,BIOGUYXX,2024,3.4910352000000002
GLOBAL,S2D1,PWRBIOGUYXX01,BIOGUYXX,2025,1.9942713855
GLOBAL,S2D1,PWRBIOGUYXX01,BIOGUYXX,2026,1.9942713855
GLOBAL,S2D1,PWRBIOGUYXX01,BIOGUYXX,2027,1.9942713855
GLOBAL,S2D1,PWRBIOGUYXX01,BIOGUYXX,2028,1.9942713855
GLOBAL,S2D1,PWRBIOGUYXX01,BIOGUYXX,2029,1.9942713855
GLOBAL,S2D1,PWRBIOGUYXX01,BIOGUYXX,2030,1.9942713855
GLOBAL,S2D1,PWRBIOGUYXX01,BIOGUYXX,2031,3.4910352000000002
GLOBAL,S2D1,PWRBIOGUYXX01,BIOGUYXX,2032,1.9942713855
GLOBAL,S2D1,PWRBIOGUYXX01,BIOGUYXX,2033,1.9942713855
GLOBAL,S2D1,PWRBIOGUYXX01,BIOGUYXX,2034,3.4910352000000002
GLOBAL,S2D1,PWRBIOGUYXX01,BIOGUYXX,2035,1.9942713855
GLOBAL,S2D1,PWRBIOGUYXX01,BIOGUYXX,2036,3.4910352000000002
GLOBAL,S2D1,PWRBIOGUYXX01,BIOGUYXX,2037,1.9942713855
GLOBAL,S2D1,PWRBIOGUYXX01,BIOGUYXX,2038,1.9942713855
GLOBAL,S2D1,PWRCCGGUYXX01,GASINT,2021,3.3695488
GLOBAL,S2D1,PWRCCGGUYXX01,GASINT,2022,3.3695488
GLOBAL,S2D1,PWRCCGGUYXX01,GASINT,2023,4.1808028
GLOBAL,S2D1,PWRCCGGUYXX01,GASINT,2024,3.3695488
GLOBAL,S2D1,PWRCCGGUYXX01,GASINT,2025,4.1808028
GLOBAL,S2D1,PWRCCGGUYXX01,GASINT,2026,4.1808028
GLOBAL,S2D1,PWRCCGGUYXX01,GASINT,2027,4.1808028
GLOBAL,S2D1,PWRCCGGUYXX01,GASINT,2028,4.1808028
GLOBAL,S2D1,PWRCCGGUYXX01,GASINT,2029,4.1808028
GLOBAL,S2D1,PWRCCGGUYXX01,GASINT,2030,4.1808028
GLOBAL,S2D1,PWRCCGGUYXX01,GASINT,2031,3.3695488
GLOBAL,S2D1,PWRCCGGUYXX01,GASINT,2032,4.1808028
GLOBAL,S2D1,PWRCCGGUYXX01,GASINT,2033,4.1808028
GLOBAL,S2D1,PWRCCGGUYXX01,GASINT,2034,3.3695488
GLOBAL,S2D1,PWRCCGGUYXX01,GASINT,2035,4.1808028
GLOBAL,S2D1,PWRCCGGUYXX01,GASINT,2036,3.3695488
GLOBAL,S2D1,PWRCCGGUYXX01,GASINT,2037,4.1808028
GLOBAL,S2D1,PWRCCGGUYXX01,GASINT,2038,4.1808028
GLOBAL,S2D1,PWRCCGGUYXX01,GASINT,2039,5.2617088
GLOBAL,S2D1,PWRCCGGUYXX01,GASINT,2040,5.3428572
GLOBAL,S2D1,PWRCCGGUYXX01,GASINT,2041,5.3777778
GLOBAL,S2D1,PWRCCGGUYXX01,GASINT,2042,5.4126984
GLOBAL,S2D1,PWRCCGGUYXX01,GASINT,2043,5.4650794
GLOBAL,S2D1,PWRCCGGUYXX01,GASINT,2044,5.5
GLOBAL,S2D1,PWRCCGGUYXX01,GASINT,2045,5.5349206
GLOBAL,S2D1,PWRCCGGUYXX01,GASINT,2046,5.7444444
GLOBAL,S2D1,PWRCCGGUYXX01,GASINT,2047,5.936508
GLOBAL,S2D1,PWRCCGGUYXX01,GASINT,2048,6.1285714
GLOBAL,S2D1,PWRCCGGUYXX01,GASINT,2049,6.3380952
GLOBAL,S2D1,PWRCCGGUYXX01,GASINT,2050,6.5301588
GLOBAL,S2D1,PWRTRNGUYXX,ELCGUYXX01,2021,2.6714286
GLOBAL,S2D1,PWRTRNGUYXX,ELCGUYXX01,2022,2.6714286
GLOBAL,S2D1,PWRTRNGUYXX,ELCGUYXX01,2023,2.6714286
GLOBAL,S2D1,PWRTRNGUYXX,ELCGUYXX01,2024,2.6714286
GLOBAL,S2D1,PWRTRNGUYXX,ELCGUYXX01,2025,2.6714286
GLOBAL,S2D1,PWRTRNGUYXX,ELCGUYXX01,2026,2.6714286
GLOBAL,S2D1,PWRTRNGUYXX,ELCGUYXX01,2027,2.6714286
GLOBAL,S2D1,PWRTRNGUYXX,ELCGUYXX01,2028,2.6714286
GLOBAL,S2D1,PWRTRNGUYXX,ELCGUYXX01,2029,2.6714286
GLOBAL,S2D1,PWRTRNGUYXX,ELCGUYXX01,2030,2.6714286
GLOBAL,S2D1,PWRTRNGUYXX,ELCGUYXX01,2031,2.6714286
GLOBAL,S2D1,PWRTRNGUYXX,ELCGUYXX01,2032,2.6714286
GLOBAL,S2D1,PWRTRNGUYXX,ELCGUYXX01,2033,2.6714286
GLOBAL,S2D1,PWRTRNGUYXX,ELCGUYXX01,2034,2.6714286
GLOBAL,S2D1,PWRTRNGUYXX,ELCGUYXX01,2035,2.6714286
GLOBAL,S2D1,PWRTRNGUYXX,ELCGUYXX01,2036,2.6714286
GLOBAL,S2D1,PWRTRNGUYXX,ELCGUYXX01,2037,2.6714286
GLOBAL,S2D1,PWRTRNGUYXX,ELCGUYXX01,2038,2.6714286
GLOBAL,S2D1,PWRTRNGUYXX,ELCGUYXX01,2039,2.6714286
GLOBAL,S2D1,PWRTRNGUYXX,ELCGUYXX01,2040,2.6714286
GLOBAL,S2D1,PWRTRNGUYXX,ELCGUYXX01,2041,2.6888889
GLOBAL,S2D1,PWRTRNGUYXX,ELCGUYXX01,2042,2.7063492
GLOBAL,S2D1,PWRTRNGUYXX,ELCGUYXX01,2043,2.7325397
GLOBAL,S2D1,PWRTRNGUYXX,ELCGUYXX01,2044,2.75
GLOBAL,S2D1,PWRTRNGUYXX,ELCGUYXX01,2045,2.7674603
GLOBAL,S2D1,PWRTRNGUYXX,ELCGUYXX01,2046,2.8722222
GLOBAL,S2D1,PWRTRNGUYXX,ELCGUYXX01,2047,2.968254
GLOBAL,S2D1,PWRTRNGUYXX,ELCGUYXX01,2048,3.0642857
GLOBAL,S2D1,PWRTRNGUYXX,ELCGUYXX01,2049,3.1690476
GLOBAL,S2D1,PWRTRNGUYXX,ELCGUYXX01,2050,3.2650794
GLOBAL,S2D1,PWRWONGUYXX01,WONGUYXX,2021,0.040574218
GLOBAL,S2D1,PWRWONGUYXX01,WONGUYXX,2022,0.040574218
GLOBAL,S2D1,PWRWONGUYXX01,WONGUYXX,2023,0.040574218
GLOBAL,S2D1,PWRWONGUYXX01,WONGUYXX,2024,0.040574218
GLOBAL,S2D1,PWRWONGUYXX01,WONGUYXX,2025,0.040574218
GLOBAL,S2D1,PWRWONGUYXX01,WONGUYXX,2026,0.040574218
GLOBAL,S2D1,PWRWONGUYXX01,WONGUYXX,2027,0.040574218
GLOBAL,S2D1,PWRWONGUYXX01,WONGUYXX,2028,0.040574218
GLOBAL,S2D1,PWRWONGUYXX01,WONGUYXX,2029,0.040574218
GLOBAL,S2D1,PWRWONGUYXX01,WONGUYXX,2030,0.040574218
GLOBAL,S2D1,PWRWONGUYXX01,WONGUYXX,2031,0.040574218
GLOBAL,S2D1,PWRWONGUYXX01,WONGUYXX,2032,0.040574218
GLOBAL,S2D1,PWRWONGUYXX01,WONGUYXX,2033,0.040574218
GLOBAL,S2D1,PWRWONGUYXX01,WONGUYXX,2034,0.040574218
GLOBAL,S2D1,PWRWONGUYXX01,WONGUYXX,2035,0.040574218
GLOBAL,S2D1,PWRWONGUYXX01,WONGUYXX,2036,0.040574218
GLOBAL,S2D1,PWRWONGUYXX01,WONGUYXX,2037,0.040574218
GLOBAL,S2D1,PWRWONGUYXX01,WONGUYXX,2038,0.040574218
GLOBAL,S2D1,PWRWONGUYXX01,WONGUYXX,2039,0.040574218
GLOBAL,S2D2,PWRBIOGUYXX01,BIOGUYXX,2021,2.1711065544
GLOBAL,S2D2,PWRBIOGUYXX01,BIOGUYXX,2022,2.1711065544
GLOBAL,S2D2,PWRBIOGUYXX01,BIOGUYXX,2023,3.4910352000000002
GLOBAL,S2D2,PWRBIOGUYXX01,BIOGUYXX,2024,2.1711065544
GLOBAL,S2D2,PWRBIOGUYXX01,BIOGUYXX,2025,0.23224843026000003
GLOBAL,S2D2,PWRBIOGUYXX01,BIOGUYXX,2026,0.23224843026000003
GLOBAL,S2D2,PWRBIOGUYXX01,BIOGUYXX,2027,3.4910352000000002
GLOBAL,S2D2,PWRBIOGUYXX01,BIOGUYXX,2030,3.4910352000000002
GLOBAL,S2D2,PWRBIOGUYXX01,BIOGUYXX,2031,2.1711065544
GLOBAL,S2D2,PWRBIOGUYXX01,BIOGUYXX,2032,0.23224843026000003
GLOBAL,S2D2,PWRBIOGUYXX01,BIOGUYXX,2033,3.4910352000000002
GLOBAL,S2D2,PWRBIOGUYXX01,BIOGUYXX,2034,2.1711065544
GLOBAL,S2D2,PWRBIOGUYXX01,BIOGUYXX,2035,3.4910352000000002
GLOBAL,S2D2,PWRBIOGUYXX01,BIOGUYXX,2036,2.1711065544
GLOBAL,S2D2,PWRBIOGUYXX01,BIOGUYXX,2037,0.23224843026000003
GLOBAL,S2D2,PWRBIOGUYXX01,BIOGUYXX,2038,0.23224843026000003
GLOBAL,S2D2,PWRCCGGUYXX01,GASINT,2021,2.7596566
GLOBAL,S2D2,PWRCCGGUYXX01,GASINT,2022,2.7596566
GLOBAL,S2D2,PWRCCGGUYXX01,GASINT,2023,2.044248
GLOBAL,S2D2,PWRCCGGUYXX01,GASINT,2024,2.7596566
GLOBAL,S2D2,PWRCCGGUYXX01,GASINT,2025,3.8105282
GLOBAL,S2D2,PWRCCGGUYXX01,GASINT,2026,3.8105282
GLOBAL,S2D2,PWRCCGGUYXX01,GASINT,2027,2.044248
GLOBAL,S2D2,PWRCCGGUYXX01,GASINT,2028,3.936408
GLOBAL,S2D2,PWRCCGGUYXX01,GASINT,2029,3.936408
GLOBAL,S2D2,PWRCCGGUYXX01,GASINT,2030,2.044248
GLOBAL,S2D2,PWRCCGGUYXX01,GASINT,2031,2.7596566
GLOBAL,S2D2,PWRCCGGUYXX01,GASINT,2032,3.8105282
GLOBAL,S2D2,PWRCCGGUYXX01,GASINT,2033,2.044248
GLOBAL,S2D2,PWRCCGGUYXX01,GASINT,2034,2.7596566
GLOBAL,S2D2,PWRCCGGUYXX01,GASINT,2035,2.044248
GLOBAL,S2D2,PWRCCGGUYXX01,GASINT,2036,2.7596566
GLOBAL,S2D2,PWRCCGGUYXX01,GASINT,2037,3.8105282
GLOBAL,S2D2,PWRCCGGUYXX01,GASINT,2038,3.8105282
GLOBAL,S2D2,PWRCCGGUYXX01,GASINT,2039,3.936408
GLOBAL,S2D2,PWRCCGGUYXX01,GASINT,2040,3.987654
GLOBAL,S2D2,PWRCCGGUYXX01,GASINT,2041,4.013717
GLOBAL,S2D2,PWRCCGGUYXX01,GASINT,2042,4.0397802
GLOBAL,S2D2,PWRCCGGUYXX01,GASINT,2043,4.0921612
GLOBAL,S2D2,PWRCCGGUYXX01,GASINT,2044,4.1270818
GLOBAL,S2D2,PWRCCGGUYXX01,GASINT,2045,4.1620024
GLOBAL,S2D2,PWRCCGGUYXX01,GASINT,2046,4.3715262
GLOBAL,S2D2,PWRCCGGUYXX01,GASINT,2047,4.5635896
GLOBAL,S2D2,PWRCCGGUYXX01,GASINT,2048,4.7556532
GLOBAL,S2D2,PWRCCGGUYXX01,GASINT,2049,4.965177
GLOBAL,S2D2,PWRCCGGUYXX01,GASINT,2050,5.1572404
GLOBAL,S2D2,PWRSPVGUYXX01,SPVGUYXX,2021,0.66490201
GLOBAL,S2D2,PWRSPVGUYXX01,SPVGUYXX,2022,0.66490201
GLOBAL,S2D2,PWRSPVGUYXX01,SPVGUYXX,2023,0.66490201
GLOBAL,S2D2,PWRSPVGUYXX01,SPVGUYXX,2024,0.66490201
GLOBAL,S2D2,PWRSPVGUYXX01,SPVGUYXX,2025,0.66490201
GLOBAL,S2D2,PWRSPVGUYXX01,SPVGUYXX,2026,0.66490201
GLOBAL,S2D2,PWRSPVGUYXX01,SPVGUYXX,2027,0.66490201
GLOBAL,S2D2,PWRSPVGUYXX01,SPVGUYXX,2028,0.66490201
GLOBAL,S2D2,PWRSPVGUYXX01,SPVGUYXX,2029,0.66490201
GLOBAL,S2D2,PWRSPVGUYXX01,SPVGUYXX,2030,0.66490201
GLOBAL,S2D2,PWRSPVGUYXX01,SPVGUYXX,2031,0.66490201
GLOBAL,S2D2,PWRSPVGUYXX01,SPVGUYXX,2032,0.66490201
GLOBAL,S2D2,PWRSPVGUYXX01,SPVGUYXX,2033,0.66490201
GLOBAL,S2D2,PWRSPVGUYXX01,SPVGUYXX,2034,0.66490201
GLOBAL,S2D2,PWRSPVGUYXX01,SPVGUYXX,2035,0.66490201
GLOBAL,S2D2,PWRSPVGUYXX01,SPVGUYXX,2036,0.66490201
GLOBAL,S2D2,PWRSPVGUYXX01,SPVGUYXX,2037,0.66490201
GLOBAL,S2D2,PWRSPVGUYXX01,SPVGUYXX,2038,0.66490201
GLOBAL,S2D2,PWRSPVGUYXX01,SPVGUYXX,2039,0.66490201
GLOBAL,S2D2,PWRSPVGUYXX01,SPVGUYXX,2040,0.67760159
GLOBAL,S2D2,PWRSPVGUYXX01,SPVGUYXX,2041,0.68203036
GLOBAL,S2D2,PWRSPVGUYXX01,SPVGUYXX,2042,0.68645912
GLOBAL,S2D2,PWRSPVGUYXX01,SPVGUYXX,2043,0.68645912
GLOBAL,S2D2,PWRSPVGUYXX01,SPVGUYXX,2044,0.68645912
GLOBAL,S2D2,PWRSPVGUYXX01,SPVGUYXX,2045,0.68645912
GLOBAL,S2D2,PWRSPVGUYXX01,SPVGUYXX,2046,0.68645912
GLOBAL,S2D2,PWRSPVGUYXX01,SPVGUYXX,2047,0.68645912
GLOBAL,S2D2,PWRSPVGUYXX01,SPVGUYXX,2048,0.68645912
GLOBAL,S2D2,PWRSPVGUYXX01,SPVGUYXX,2049,0.68645912
GLOBAL,S2D2,PWRSPVGUYXX01,SPVGUYXX,2050,0.68645912
GLOBAL,S2D2,PWRTRNGUYXX,ELCGUYXX01,2021,2.6714286
GLOBAL,S2D2,PWRTRNGUYXX,ELCGUYXX01,2022,2.6714286
GLOBAL,S2D2,PWRTRNGUYXX,ELCGUYXX01,2023,2.6714286
GLOBAL,S2D2,PWRTRNGUYXX,ELCGUYXX01,2024,2.6714286
GLOBAL,S2D2,PWRTRNGUYXX,ELCGUYXX01,2025,2.6714286
GLOBAL,S2D2,PWRTRNGUYXX,ELCGUYXX01,2026,2.6714286
GLOBAL,S2D2,PWRTRNGUYXX,ELCGUYXX01,2027,2.6714286
GLOBAL,S2D2,PWRTRNGUYXX,ELCGUYXX01,2028,2.6714286
GLOBAL,S2D2,PWRTRNGUYXX,ELCGUYXX01,2029,2.6714286
GLOBAL,S2D2,PWRTRNGUYXX,ELCGUYXX01,2030,2.6714286
GLOBAL,S2D2,PWRTRNGUYXX,ELCGUYXX01,2031,2.6714286
GLOBAL,S2D2,PWRTRNGUYXX,ELCGUYXX01,2032,2.6714286
GLOBAL,S2D2,PWRTRNGUYXX,ELCGUYXX01,2033,2.6714286
GLOBAL,S2D2,PWRTRNGUYXX,ELCGUYXX01,2034,2.6714286
GLOBAL,S2D2,PWRTRNGUYXX,ELCGUYXX01,2035,2.6714286
GLOBAL,S2D2,PWRTRNGUYXX,ELCGUYXX01,2036,2.6714286
GLOBAL,S2D2,PWRTRNGUYXX,ELCGUYXX01,2037,2.6714286
GLOBAL,S2D2,PWRTRNGUYXX,ELCGUYXX01,2038,2.6714286
GLOBAL,S2D2,PWRTRNGUYXX,ELCGUYXX01,2039,2.6714286
GLOBAL,S2D2,PWRTRNGUYXX,ELCGUYXX01,2040,2.6714286
GLOBAL,S2D2,PWRTRNGUYXX,ELCGUYXX01,2041,2.6888889
GLOBAL,S2D2,PWRTRNGUYXX,ELCGUYXX01,2042,2.7063492
GLOBAL,S2D2,PWRTRNGUYXX,ELCGUYXX01,2043,2.7325397
GLOBAL,S2D2,PWRTRNGUYXX,ELCGUYXX01,2044,2.75
GLOBAL,S2D2,PWRTRNGUYXX,ELCGUYXX01,2045,2.7674603
GLOBAL,S2D2,PWRTRNGUYXX,ELCGUYXX01,2046,2.8722222
GLOBAL,S2D2,PWRTRNGUYXX,ELCGUYXX01,2047,2.968254
GLOBAL,S2D2,PWRTRNGUYXX,ELCGUYXX01,2048,3.0642857
GLOBAL,S2D2,PWRTRNGUYXX,ELCGUYXX01,2049,3.1690476
GLOBAL,S2D2,PWRTRNGUYXX,ELCGUYXX01,2050,3.2650794
GLOBAL,S2D2,PWRWONGUYXX01,WONGUYXX,2021,0.038322547
GLOBAL,S2D2,PWRWONGUYXX01,WONGUYXX,2022,0.038322547
GLOBAL,S2D2,PWRWONGUYXX01,WONGUYXX,2023,0.038322547
GLOBAL,S2D2,PWRWONGUYXX01,WONGUYXX,2024,0.038322547
GLOBAL,S2D2,PWRWONGUYXX01,WONGUYXX,2025,0.038322547
GLOBAL,S2D2,PWRWONGUYXX01,WONGUYXX,2026,0.038322547
GLOBAL,S2D2,PWRWONGUYXX01,WONGUYXX,2027,0.038322547
GLOBAL,S2D2,PWRWONGUYXX01,WONGUYXX,2028,0.038322547
GLOBAL,S2D2,PWRWONGUYXX01,WONGUYXX,2029,0.038322547
GLOBAL,S2D2,PWRWONGUYXX01,WONGUYXX,2030,0.038322547
GLOBAL,S2D2,PWRWONGUYXX01,WONGUYXX,2031,0.038322547
GLOBAL,S2D2,PWRWONGUYXX01,WONGUYXX,2032,0.038322547
GLOBAL,S2D2,PWRWONGUYXX01,WONGUYXX,2033,0.038322547
GLOBAL,S2D2,PWRWONGUYXX01,WONGUYXX,2034,0.038322547
GLOBAL,S2D2,PWRWONGUYXX01,WONGUYXX,2035,0.038322547
GLOBAL,S2D2,PWRWONGUYXX01,WONGUYXX,2036,0.038322547
GLOBAL,S2D2,PWRWONGUYXX01,WONGUYXX,2037,0.038322547
GLOBAL,S2D2,PWRWONGUYXX01,WONGUYXX,2038,0.038322547
GLOBAL,S2D2,PWRWONGUYXX01,WONGUYXX,2039,0.038322547
GLOBAL,S2D3,PWRCCGGUYXX01,GASINT,2043,0.123809524
GLOBAL,S2D3,PWRCCGGUYXX01,GASINT,2045,0.28888888
GLOBAL,S2D3,PWRCCGGUYXX01,GASINT,2046,0.78412698
GLOBAL,S2D3,PWRCCGGUYXX01,GASINT,2047,1.23809524
GLOBAL,S2D3,PWRCCGGUYXX01,GASINT,2049,0.0053896936
GLOBAL,S2D3,PWRCCGGUYXX01,GASINT,2050,2.213041
GLOBAL,S2D3,PWRSPVGUYXX01,SPVGUYXX,2021,3.0963036
GLOBAL,S2D3,PWRSPVGUYXX01,SPVGUYXX,2022,3.0963036
GLOBAL,S2D3,PWRSPVGUYXX01,SPVGUYXX,2023,3.0963036
GLOBAL,S2D3,PWRSPVGUYXX01,SPVGUYXX,2024,3.0963036
GLOBAL,S2D3,PWRSPVGUYXX01,SPVGUYXX,2025,3.0963036
GLOBAL,S2D3,PWRSPVGUYXX01,SPVGUYXX,2026,3.0963036
GLOBAL,S2D3,PWRSPVGUYXX01,SPVGUYXX,2027,3.0963036
GLOBAL,S2D3,PWRSPVGUYXX01,SPVGUYXX,2028,3.0963036
GLOBAL,S2D3,PWRSPVGUYXX01,SPVGUYXX,2029,3.0963036
GLOBAL,S2D3,PWRSPVGUYXX01,SPVGUYXX,2030,3.1428191
GLOBAL,S2D3,PWRSPVGUYXX01,SPVGUYXX,2031,3.1428191
GLOBAL,S2D3,PWRSPVGUYXX01,SPVGUYXX,2032,3.1428191
GLOBAL,S2D3,PWRSPVGUYXX01,SPVGUYXX,2033,3.1428191
GLOBAL,S2D3,PWRSPVGUYXX01,SPVGUYXX,2034,3.1428191
GLOBAL,S2D3,PWRSPVGUYXX01,SPVGUYXX,2035,3.1428191
GLOBAL,S2D3,PWRSPVGUYXX01,SPVGUYXX,2036,3.1428191
GLOBAL,S2D3,PWRSPVGUYXX01,SPVGUYXX,2037,3.1428191
GLOBAL,S2D3,PWRSPVGUYXX01,SPVGUYXX,2038,3.1428191
GLOBAL,S2D3,PWRSPVGUYXX01,SPVGUYXX,2039,3.0963036
GLOBAL,S2D3,PWRSPVGUYXX01,SPVGUYXX,2040,3.1571429
GLOBAL,S2D3,PWRSPVGUYXX01,SPVGUYXX,2041,3.1777778
GLOBAL,S2D3,PWRSPVGUYXX01,SPVGUYXX,2042,3.1984127
GLOBAL,S2D3,PWRSPVGUYXX01,SPVGUYXX,2043,3.1674603
GLOBAL,S2D3,PWRSPVGUYXX01,SPVGUYXX,2044,3.25
GLOBAL,S2D3,PWRSPVGUYXX01,SPVGUYXX,2045,3.1261905
GLOBAL,S2D3,PWRSPVGUYXX01,SPVGUYXX,2046,3.002381
GLOBAL,S2D3,PWRSPVGUYXX01,SPVGUYXX,2047,2.8888889
GLOBAL,S2D3,PWRSPVGUYXX01,SPVGUYXX,2048,3.6214286
GLOBAL,S2D3,PWRSPVGUYXX01,SPVGUYXX,2049,3.7425432
GLOBAL,S2D3,PWRSPVGUYXX01,SPVGUYXX,2050,2.7522097
GLOBAL,S2D3,PWRTRNGUYXX,ELCGUYXX01,2021,3.1571429
GLOBAL,S2D3,PWRTRNGUYXX,ELCGUYXX01,2022,3.1571429
GLOBAL,S2D3,PWRTRNGUYXX,ELCGUYXX01,2023,3.1571429
GLOBAL,S2D3,PWRTRNGUYXX,ELCGUYXX01,2024,3.1571429
GLOBAL,S2D3,PWRTRNGUYXX,ELCGUYXX01,2025,3.1571429
GLOBAL,S2D3,PWRTRNGUYXX,ELCGUYXX01,2026,3.1571429
GLOBAL,S2D3,PWRTRNGUYXX,ELCGUYXX01,2027,3.1571429
GLOBAL,S2D3,PWRTRNGUYXX,ELCGUYXX01,2028,3.1571429
GLOBAL,S2D3,PWRTRNGUYXX,ELCGUYXX01,2029,3.1571429
GLOBAL,S2D3,PWRTRNGUYXX,ELCGUYXX01,2030,3.1571429
GLOBAL,S2D3,PWRTRNGUYXX,ELCGUYXX01,2031,3.1571429
GLOBAL,S2D3,PWRTRNGUYXX,ELCGUYXX01,2032,3.1571429
GLOBAL,S2D3,PWRTRNGUYXX,ELCGUYXX01,2033,3.1571429
GLOBAL,S2D3,PWRTRNGUYXX,ELCGUYXX01,2034,3.1571429
GLOBAL,S2D3,PWRTRNGUYXX,ELCGUYXX01,2035,3.1571429
GLOBAL,S2D3,PWRTRNGUYXX,ELCGUYXX01,2036,3.1571429
GLOBAL,S2D3,PWRTRNGUYXX,ELCGUYXX01,2037,3.1571429
GLOBAL,S2D3,PWRTRNGUYXX,ELCGUYXX01,2038,3.1571429
GLOBAL,S2D3,PWRTRNGUYXX,ELCGUYXX01,2039,3.1571429
GLOBAL,S2D3,PWRTRNGUYXX,ELCGUYXX01,2040,3.1571429
GLOBAL,S2D3,PWRTRNGUYXX,ELCGUYXX01,2041,3.1777778
GLOBAL,S2D3,PWRTRNGUYXX,ELCGUYXX01,2042,3.1984127
GLOBAL,S2D3,PWRTRNGUYXX,ELCGUYXX01,2043,3.2293651
GLOBAL,S2D3,PWRTRNGUYXX,ELCGUYXX01,2044,3.25
GLOBAL,S2D3,PWRTRNGUYXX,ELCGUYXX01,2045,3.2706349
GLOBAL,S2D3,PWRTRNGUYXX,ELCGUYXX01,2046,3.3944444
GLOBAL,S2D3,PWRTRNGUYXX,ELCGUYXX01,2047,3.5079365
GLOBAL,S2D3,PWRTRNGUYXX,ELCGUYXX01,2048,3.6214286
GLOBAL,S2D3,PWRTRNGUYXX,ELCGUYXX01,2049,3.7452381
GLOBAL,S2D3,PWRTRNGUYXX,ELCGUYXX01,2050,3.8587302
GLOBAL,S2D3,PWRWONGUYXX01,WONGUYXX,2021,0.060839251
GLOBAL,S2D3,PWRWONGUYXX01,WONGUYXX,2022,0.060839251
GLOBAL,S2D3,PWRWONGUYXX01,WONGUYXX,2023,0.060839251
GLOBAL,S2D3,PWRWONGUYXX01,WONGUYXX,2024,0.060839251
GLOBAL,S2D3,PWRWONGUYXX01,WONGUYXX,2025,0.060839251
GLOBAL,S2D3,PWRWONGUYXX01,WONGUYXX,2026,0.060839251
GLOBAL,S2D3,PWRWONGUYXX01,WONGUYXX,2027,0.060839251
GLOBAL,S2D3,PWRWONGUYXX01,WONGUYXX,2028,0.060839251
GLOBAL,S2D3,PWRWONGUYXX01,WONGUYXX,2029,0.060839251
GLOBAL,S2D3,PWRWONGUYXX01,WONGUYXX,2030,0.014323721
GLOBAL,S2D3,PWRWONGUYXX01,WONGUYXX,2031,0.014323721
GLOBAL,S2D3,PWRWONGUYXX01,WONGUYXX,2032,0.014323721
GLOBAL,S2D3,PWRWONGUYXX01,WONGUYXX,2033,0.014323721
GLOBAL,S2D3,PWRWONGUYXX01,WONGUYXX,2034,0.014323721
GLOBAL,S2D3,PWRWONGUYXX01,WONGUYXX,2035,0.014323721
GLOBAL,S2D3,PWRWONGUYXX01,WONGUYXX,2036,0.014323721
GLOBAL,S2D3,PWRWONGUYXX01,WONGUYXX,2037,0.014323721
GLOBAL,S2D3,PWRWONGUYXX01,WONGUYXX,2038,0.014323721
GLOBAL,S2D3,PWRWONGUYXX01,WONGUYXX,2039,0.060839251
GLOBAL,S2D4,PWRBIOGUYXX01,BIOGUYXX,2021,3.4910352000000002
GLOBAL,S2D4,PWRBIOGUYXX01,BIOGUYXX,2022,3.4910352000000002
GLOBAL,S2D4,PWRBIOGUYXX01,BIOGUYXX,2023,3.4910352000000002
GLOBAL,S2D4,PWRBIOGUYXX01,BIOGUYXX,2024,3.4910352000000002
GLOBAL,S2D4,PWRBIOGUYXX01,BIOGUYXX,2025,3.4910352000000002
GLOBAL,S2D4,PWRBIOGUYXX01,BIOGUYXX,2026,3.4910352000000002
GLOBAL,S2D4,PWRBIOGUYXX01,BIOGUYXX,2027,3.4910352000000002
GLOBAL,S2D4,PWRBIOGUYXX01,BIOGUYXX,2028,3.4910352000000002
GLOBAL,S2D4,PWRBIOGUYXX01,BIOGUYXX,2029,3.4910352000000002
GLOBAL,S2D4,PWRBIOGUYXX01,BIOGUYXX,2030,3.4910352000000002
GLOBAL,S2D4,PWRBIOGUYXX01,BIOGUYXX,2031,3.4910352000000002
GLOBAL,S2D4,PWRBIOGUYXX01,BIOGUYXX,2032,3.4910352000000002
GLOBAL,S2D4,PWRBIOGUYXX01,BIOGUYXX,2033,3.4910352000000002
GLOBAL,S2D4,PWRBIOGUYXX01,BIOGUYXX,2034,3.4910352000000002
GLOBAL,S2D4,PWRBIOGUYXX01,BIOGUYXX,2035,3.4910352000000002
GLOBAL,S2D4,PWRBIOGUYXX01,BIOGUYXX,2036,3.4910352000000002
GLOBAL,S2D4,PWRBIOGUYXX01,BIOGUYXX,2037,3.4910352000000002
GLOBAL,S2D4,PWRBIOGUYXX01,BIOGUYXX,2038,3.4910352000000002
GLOBAL,S2D4,PWRCCGGUYXX01,GASINT,2021,4.1808028
GLOBAL,S2D4,PWRCCGGUYXX01,GASINT,2022,4.1808028
GLOBAL,S2D4,PWRCCGGUYXX01,GASINT,2023,4.1808028
GLOBAL,S2D4,PWRCCGGUYXX01,GASINT,2024,4.1808028
GLOBAL,S2D4,PWRCCGGUYXX01,GASINT,2025,4.1808028
GLOBAL,S2D4,PWRCCGGUYXX01,GASINT,2026,4.1808028
GLOBAL,S2D4,PWRCCGGUYXX01,GASINT,2027,4.1808028
GLOBAL,S2D4,PWRCCGGUYXX01,GASINT,2028,4.1808028
GLOBAL,S2D4,PWRCCGGUYXX01,GASINT,2029,4.1808028
GLOBAL,S2D4,PWRCCGGUYXX01,GASINT,2030,4.1808028
GLOBAL,S2D4,PWRCCGGUYXX01,GASINT,2031,4.1808028
GLOBAL,S2D4,PWRCCGGUYXX01,GASINT,2032,4.1808028
GLOBAL,S2D4,PWRCCGGUYXX01,GASINT,2033,4.1808028
GLOBAL,S2D4,PWRCCGGUYXX01,GASINT,2034,4.1808028
GLOBAL,S2D4,PWRCCGGUYXX01,GASINT,2035,4.1808028
GLOBAL,S2D4,PWRCCGGUYXX01,GASINT,2036,4.1808028
GLOBAL,S2D4,PWRCCGGUYXX01,GASINT,2037,4.1808028
GLOBAL,S2D4,PWRCCGGUYXX01,GASINT,2038,4.1808028
GLOBAL,S2D4,PWRCCGGUYXX01,GASINT,2039,6.0729628
GLOBAL,S2D4,PWRCCGGUYXX01,GASINT,2040,6.1423064
GLOBAL,S2D4,PWRCCGGUYXX01,GASINT,2041,6.1824522
GLOBAL,S2D4,PWRCCGGUYXX01,GASINT,2042,6.222598
GLOBAL,S2D4,PWRCCGGUYXX01,GASINT,2043,6.2940264
GLOBAL,S2D4,PWRCCGGUYXX01,GASINT,2044,6.3416456
GLOBAL,S2D4,PWRCCGGUYXX01,GASINT,2045,6.3892646
GLOBAL,S2D4,PWRCCGGUYXX01,GASINT,2046,6.6354838
GLOBAL,S2D4,PWRCCGGUYXX01,GASINT,2047,6.6354838
GLOBAL,S2D4,PWRCCGGUYXX01,GASINT,2048,6.6354838
GLOBAL,S2D4,PWRCCGGUYXX01,GASINT,2049,6.6354838
GLOBAL,S2D4,PWRCCGGUYXX01,GASINT,2050,6.6354838
GLOBAL,S2D4,PWROCGGUYXX01,GASINT,2046,0.056418601786
GLOBAL,S2D4,PWROCGGUYXX01,GASINT,2047,0.43054955716000004
GLOBAL,S2D4,PWROCGGUYXX01,GASINT,2048,0.80468050682
GLOBAL,S2D4,PWROCGGUYXX01,GASINT,2049,1.2128233558000001
GLOBAL,S2D4,PWROCGGUYXX01,GASINT,2050,1.5869543054600002
GLOBAL,S2D4,PWRSPVGUYXX01,SPVGUYXX,2021,0.56098913
GLOBAL,S2D4,PWRSPVGUYXX01,SPVGUYXX,2022,0.56098913
GLOBAL,S2D4,PWRSPVGUYXX01,SPVGUYXX,2023,0.56098913
GLOBAL,S2D4,PWRSPVGUYXX01,SPVGUYXX,2024,0.56098913
GLOBAL,S2D4,PWRSPVGUYXX01,SPVGUYXX,2025,0.56098913
GLOBAL,S2D4,PWRSPVGUYXX01,SPVGUYXX,2026,0.56098913
GLOBAL,S2D4,PWRSPVGUYXX01,SPVGUYXX,2027,0.56098913
GLOBAL,S2D4,PWRSPVGUYXX01,SPVGUYXX,2028,0.56098913
GLOBAL,S2D4,PWRSPVGUYXX01,SPVGUYXX,2029,0.56098913
GLOBAL,S2D4,PWRSPVGUYXX01,SPVGUYXX,2030,0.56098913
GLOBAL,S2D4,PWRSPVGUYXX01,SPVGUYXX,2031,0.56098913
GLOBAL,S2D4,PWRSPVGUYXX01,SPVGUYXX,2032,0.56098913
GLOBAL,S2D4,PWRSPVGUYXX01,SPVGUYXX,2033,0.56098913
GLOBAL,S2D4,PWRSPVGUYXX01,SPVGUYXX,2034,0.56098913
GLOBAL,S2D4,PWRSPVGUYXX01,SPVGUYXX,2035,0.56098913
GLOBAL,S2D4,PWRSPVGUYXX01,SPVGUYXX,2036,0.56098913
GLOBAL,S2D4,PWRSPVGUYXX01,SPVGUYXX,2037,0.56098913
GLOBAL,S2D4,PWRSPVGUYXX01,SPVGUYXX,2038,0.56098913
GLOBAL,S2D4,PWRSPVGUYXX01,SPVGUYXX,2039,0.56098913
GLOBAL,S2D4,PWRSPVGUYXX01,SPVGUYXX,2040,0.57170398
GLOBAL,S2D4,PWRSPVGUYXX01,SPVGUYXX,2041,0.57544061
GLOBAL,S2D4,PWRSPVGUYXX01,SPVGUYXX,2042,0.57917723
GLOBAL,S2D4,PWRSPVGUYXX01,SPVGUYXX,2043,0.57917723
GLOBAL,S2D4,PWRSPVGUYXX01,SPVGUYXX,2044,0.57917723
GLOBAL,S2D4,PWRSPVGUYXX01,SPVGUYXX,2045,0.57917723
GLOBAL,S2D4,PWRSPVGUYXX01,SPVGUYXX,2046,0.57917723
GLOBAL,S2D4,PWRSPVGUYXX01,SPVGUYXX,2047,0.57917723
GLOBAL,S2D4,PWRSPVGUYXX01,SPVGUYXX,2048,0.57917723
GLOBAL,S2D4,PWRSPVGUYXX01,SPVGUYXX,2049,0.57917723
GLOBAL,S2D4,PWRSPVGUYXX01,SPVGUYXX,2050,0.57917723
GLOBAL,S2D4,PWRTRNGUYXX,ELCGUYXX01,2021,3.6428571
GLOBAL,S2D4,PWRTRNGUYXX,ELCGUYXX01,2022,3.6428571
GLOBAL,S2D4,PWRTRNGUYXX,ELCGUYXX01,2023,3.6428571
GLOBAL,S2D4,PWRTRNGUYXX,ELCGUYXX01,2024,3.6428571
GLOBAL,S2D4,PWRTRNGUYXX,ELCGUYXX01,2025,3.6428571
GLOBAL,S2D4,PWRTRNGUYXX,ELCGUYXX01,2026,3.6428571
GLOBAL,S2D4,PWRTRNGUYXX,ELCGUYXX01,2027,3.6428571
GLOBAL,S2D4,PWRTRNGUYXX,ELCGUYXX01,2028,3.6428571
GLOBAL,S2D4,PWRTRNGUYXX,ELCGUYXX01,2029,3.6428571
GLOBAL,S2D4,PWRTRNGUYXX,ELCGUYXX01,2030,3.6428571
GLOBAL,S2D4,PWRTRNGUYXX,ELCGUYXX01,2031,3.6428571
GLOBAL,S2D4,PWRTRNGUYXX,ELCGUYXX01,2032,3.6428571
GLOBAL,S2D4,PWRTRNGUYXX,ELCGUYXX01,2033,3.6428571
GLOBAL,S2D4,PWRTRNGUYXX,ELCGUYXX01,2034,3.6428571
GLOBAL,S2D4,PWRTRNGUYXX,ELCGUYXX01,2035,3.6428571
GLOBAL,S2D4,PWRTRNGUYXX,ELCGUYXX01,2036,3.6428571
GLOBAL,S2D4,PWRTRNGUYXX,ELCGUYXX01,2037,3.6428571
GLOBAL,S2D4,PWRTRNGUYXX,ELCGUYXX01,2038,3.6428571
GLOBAL,S2D4,PWRTRNGUYXX,ELCGUYXX01,2039,3.6428571
GLOBAL,S2D4,PWRTRNGUYXX,ELCGUYXX01,2040,3.6428571
GLOBAL,S2D4,PWRTRNGUYXX,ELCGUYXX01,2041,3.6666667
GLOBAL,S2D4,PWRTRNGUYXX,ELCGUYXX01,2042,3.6904762
GLOBAL,S2D4,PWRTRNGUYXX,ELCGUYXX01,2043,3.7261905
GLOBAL,S2D4,PWRTRNGUYXX,ELCGUYXX01,2044,3.75
GLOBAL,S2D4,PWRTRNGUYXX,ELCGUYXX01,2045,3.7738095
GLOBAL,S2D4,PWRTRNGUYXX,ELCGUYXX01,2046,3.9166667
GLOBAL,S2D4,PWRTRNGUYXX,ELCGUYXX01,2047,4.047619
GLOBAL,S2D4,PWRTRNGUYXX,ELCGUYXX01,2048,4.1785714
GLOBAL,S2D4,PWRTRNGUYXX,ELCGUYXX01,2049,4.3214286
GLOBAL,S2D4,PWRTRNGUYXX,ELCGUYXX01,2050,4.452381
GLOBAL,S2D4,PWRWONGUYXX01,WONGUYXX,2021,0.045386611
GLOBAL,S2D4,PWRWONGUYXX01,WONGUYXX,2022,0.045386611
GLOBAL,S2D4,PWRWONGUYXX01,WONGUYXX,2023,0.045386611
GLOBAL,S2D4,PWRWONGUYXX01,WONGUYXX,2024,0.045386611
GLOBAL,S2D4,PWRWONGUYXX01,WONGUYXX,2025,0.045386611
GLOBAL,S2D4,PWRWONGUYXX01,WONGUYXX,2026,0.045386611
GLOBAL,S2D4,PWRWONGUYXX01,WONGUYXX,2027,0.045386611
GLOBAL,S2D4,PWRWONGUYXX01,WONGUYXX,2028,0.045386611
GLOBAL,S2D4,PWRWONGUYXX01,WONGUYXX,2029,0.045386611
GLOBAL,S2D4,PWRWONGUYXX01,WONGUYXX,2030,0.045386611
GLOBAL,S2D4,PWRWONGUYXX01,WONGUYXX,2031,0.045386611
GLOBAL,S2D4,PWRWONGUYXX01,WONGUYXX,2032,0.045386611
GLOBAL,S2D4,PWRWONGUYXX01,WONGUYXX,2033,0.045386611
GLOBAL,S2D4,PWRWONGUYXX01,WONGUYXX,2034,0.045386611
GLOBAL,S2D4,PWRWONGUYXX01,WONGUYXX,2035,0.045386611
GLOBAL,S2D4,PWRWONGUYXX01,WONGUYXX,2036,0.045386611
GLOBAL,S2D4,PWRWONGUYXX01,WONGUYXX,2037,0.045386611
GLOBAL,S2D4,PWRWONGUYXX01,WONGUYXX,2038,0.045386611
GLOBAL,S2D4,PWRWONGUYXX01,WONGUYXX,2039,0.045386611
